{
	"textures": {
		"0": "./nycb_bottom",
		"1": "./nycb_front",
		"2": "./nycb_side",
		"3": "./nycb_top",
		"particle": "./nycb_bottom"
	},
    "display": {
        "thirdperson": {
            "rotation": [ 180, -45, 0 ],
            "translation": [ 0, 0, -2.5 ],
            "scale": [ 0.5, 0.5, 0.5 ]
        },
        "firstperson": {
            "rotation": [ 0, -180, 0 ],
            "scale": [ 1.55, 1.55, 1.55 ]
        },
        "gui": {
            "rotation": [ 0, 0, 0 ],
			"translation": [ 0, 3, 0 ],
            "scale": [ 1.5, 1.5, 1.5 ]
        },
		"fixed": {
			"translation": [ 0, 4, 0 ],
			"scale": [ 2, 2, 2 ]
		}
    },
	"elements": [
		{
			"from": [4, 0, 4],
			"to": [12, 8, 12],
			"rotation": {"angle": 0, "axis": "y", "origin": [0, 0, 0]},
			"faces": {
				"north": {"uv": [0, 0, 16, 16], "texture": "#1"},
				"east": {"uv": [0, 0, 16, 16], "texture": "#2"},
				"south": {"uv": [0, 0, 16, 16], "texture": "#1"},
				"west": {"uv": [0, 0, 16, 16], "texture": "#2"},
				"up": {"uv": [0, 0, 16, 16], "texture": "#3"},
				"down": {"uv": [0, 0, 16, 16], "texture": "#0"}
			}
		}
	]
}