{
	"credit": "Made with Blockbench",
	"textures": {
		"0": "./blade",
		"1": "./inside blade",
		"3": "./handle",
		"particle": "livid/blade"
	},
	"elements": [
		{
			"from": [7, 4, 7],
			"to": [9, 10, 9],
			"rotation": {"angle": 0, "axis": "y", "origin": [15, 8, 15]},
			"faces": {
				"north": {"uv": [0, 0, 2, 6], "texture": "#3"},
				"east": {"uv": [0, 0, 2, 6], "texture": "#3"},
				"south": {"uv": [0, 0, 2, 6], "texture": "#3"},
				"west": {"uv": [0, 0, 2, 6], "texture": "#3"},
				"up": {"uv": [0, 0, 2, 2], "texture": "#3"},
				"down": {"uv": [0, 0, 2, 2], "texture": "#3"}
			}
		},
		{
			"from": [6, 10, 6],
			"to": [10, 12, 10],
			"rotation": {"angle": 0, "axis": "y", "origin": [15, 18, 15]},
			"faces": {
				"north": {"uv": [0, 0, 4, 2], "texture": "#0"},
				"east": {"uv": [0, 0, 4, 2], "texture": "#0"},
				"south": {"uv": [0, 0, 4, 2], "texture": "#0"},
				"west": {"uv": [0, 0, 4, 2], "texture": "#0"},
				"up": {"uv": [0, 0, 4, 4], "texture": "#0"},
				"down": {"uv": [0, 0, 4, 4], "texture": "#0"}
			}
		},
		{
			"from": [7, 12, 10],
			"to": [9, 13, 12],
			"rotation": {"angle": 0, "axis": "y", "origin": [15, 20, 18]},
			"faces": {
				"north": {"uv": [0, 0, 2, 1], "texture": "#0"},
				"east": {"uv": [0, 0, 2, 1], "texture": "#0"},
				"south": {"uv": [0, 0, 2, 1], "texture": "#0"},
				"west": {"uv": [0, 0, 2, 1], "texture": "#0"},
				"up": {"uv": [0, 0, 2, 2], "texture": "#0"},
				"down": {"uv": [0, 0, 2, 2], "texture": "#0"}
			}
		},
		{
			"from": [7, 13, 11],
			"to": [9, 14, 13],
			"rotation": {"angle": 0, "axis": "y", "origin": [15, 21, 19]},
			"faces": {
				"north": {"uv": [0, 0, 2, 1], "texture": "#0"},
				"east": {"uv": [0, 0, 2, 1], "texture": "#0"},
				"south": {"uv": [0, 0, 2, 1], "texture": "#0"},
				"west": {"uv": [0, 0, 2, 1], "texture": "#0"},
				"up": {"uv": [0, 0, 2, 2], "texture": "#0"},
				"down": {"uv": [0, 0, 2, 2], "texture": "#0"}
			}
		},
		{
			"from": [7, 13, 3],
			"to": [9, 14, 5],
			"rotation": {"angle": 0, "axis": "y", "origin": [15, 21, 11]},
			"faces": {
				"north": {"uv": [0, 0, 2, 1], "texture": "#0"},
				"east": {"uv": [0, 0, 2, 1], "texture": "#0"},
				"south": {"uv": [0, 0, 2, 1], "texture": "#0"},
				"west": {"uv": [0, 0, 2, 1], "texture": "#0"},
				"up": {"uv": [0, 0, 2, 2], "texture": "#0"},
				"down": {"uv": [0, 0, 2, 2], "texture": "#0"}
			}
		},
		{
			"from": [11, 13, 7],
			"to": [13, 14, 9],
			"rotation": {"angle": 0, "axis": "y", "origin": [19, 21, 15]},
			"faces": {
				"north": {"uv": [0, 0, 2, 1], "texture": "#0"},
				"east": {"uv": [0, 0, 2, 1], "texture": "#0"},
				"south": {"uv": [0, 0, 2, 1], "texture": "#0"},
				"west": {"uv": [0, 0, 2, 1], "texture": "#0"},
				"up": {"uv": [0, 0, 2, 2], "texture": "#0"},
				"down": {"uv": [0, 0, 2, 2], "texture": "#0"}
			}
		},
		{
			"from": [3, 13, 7],
			"to": [5, 14, 9],
			"rotation": {"angle": 0, "axis": "y", "origin": [11, 21, 15]},
			"faces": {
				"north": {"uv": [0, 0, 2, 1], "texture": "#0"},
				"east": {"uv": [0, 0, 2, 1], "texture": "#0"},
				"south": {"uv": [0, 0, 2, 1], "texture": "#0"},
				"west": {"uv": [0, 0, 2, 1], "texture": "#0"},
				"up": {"uv": [0, 0, 2, 2], "texture": "#0"},
				"down": {"uv": [0, 0, 2, 2], "texture": "#0"}
			}
		},
		{
			"from": [7, 12, 7],
			"to": [9, 20, 9],
			"rotation": {"angle": 0, "axis": "y", "origin": [15, 21, 15]},
			"faces": {
				"north": {"uv": [0, 0, 2, 8], "texture": "#0"},
				"east": {"uv": [0, 0, 2, 8], "texture": "#0"},
				"south": {"uv": [0, 0, 2, 8], "texture": "#0"},
				"west": {"uv": [0, 0, 2, 8], "texture": "#0"},
				"up": {"uv": [0, 0, 2, 2], "texture": "#0"},
				"down": {"uv": [0, 0, 2, 2], "texture": "#0"}
			}
		},
		{
			"from": [6.9, 12, 7.5],
			"to": [7, 20, 8],
			"rotation": {"angle": 0, "axis": "y", "origin": [15, 21, 23]},
			"faces": {
				"north": {"uv": [0, 0, 0.1, 8], "texture": "#1"},
				"east": {"uv": [0, 0, 0.5, 8], "texture": "#1"},
				"south": {"uv": [0, 0, 0.1, 8], "texture": "#1"},
				"west": {"uv": [0, 0, 0.5, 8], "texture": "#1"},
				"up": {"uv": [0, 0, 0.1, 0.5], "texture": "#1"},
				"down": {"uv": [0, 0, 0.1, 0.5], "texture": "#1"}
			}
		},
		{
			"from": [9.1, 12, 7.5],
			"to": [9.2, 20, 8],
			"rotation": {"angle": 0, "axis": "y", "origin": [17, 21, 23]},
			"faces": {
				"north": {"uv": [0, 0, 0.1, 8], "texture": "#1"},
				"east": {"uv": [0, 0, 0.5, 8], "texture": "#1"},
				"south": {"uv": [0, 0, 0.1, 8], "texture": "#1"},
				"west": {"uv": [0, 0, 0.5, 8], "texture": "#1"},
				"up": {"uv": [0, 0, 0.1, 0.5], "texture": "#1"},
				"down": {"uv": [0, 0, 0.1, 0.5], "texture": "#1"}
			}
		},
		{
			"from": [7, 19, 6],
			"to": [9, 23, 8],
			"rotation": {"angle": -22.5, "axis": "x", "origin": [8, 22, 7]},
			"faces": {
				"north": {"uv": [0, 0, 2, 4], "texture": "#0"},
				"east": {"uv": [0, 0, 2, 4], "texture": "#0"},
				"south": {"uv": [0, 0, 2, 4], "texture": "#0"},
				"west": {"uv": [0, 0, 2, 4], "texture": "#0"},
				"up": {"uv": [0, 0, 2, 2], "rotation": 270, "texture": "#0"},
				"down": {"uv": [0, 0, 2, 2], "rotation": 90, "texture": "#0"}
			}
		},
		{
			"from": [6.9, 20, 6],
			"to": [7, 24, 6.5],
			"rotation": {"angle": -22.5, "axis": "x", "origin": [8, 23, 7]},
			"faces": {
				"north": {"uv": [0, 0, 0.1, 4], "texture": "#1"},
				"east": {"uv": [0, 0, 0.5, 4], "texture": "#1"},
				"south": {"uv": [0, 0, 0.1, 4], "texture": "#1"},
				"west": {"uv": [0, 0, 0.5, 4], "texture": "#1"},
				"up": {"uv": [0, 0, 0.5, 0.1], "rotation": 270, "texture": "#1"},
				"down": {"uv": [0, 0, 0.5, 0.1], "rotation": 90, "texture": "#1"}
			}
		},
		{
			"from": [9.1, 20, 6],
			"to": [9.2, 24, 6.5],
			"rotation": {"angle": -22.5, "axis": "x", "origin": [10, 23, 7]},
			"faces": {
				"north": {"uv": [0, 0, 0.1, 4], "texture": "#1"},
				"east": {"uv": [0, 0, 0.5, 4], "texture": "#1"},
				"south": {"uv": [0, 0, 0.1, 4], "texture": "#1"},
				"west": {"uv": [0, 0, 0.5, 4], "texture": "#1"},
				"up": {"uv": [0, 0, 0.5, 0.1], "rotation": 270, "texture": "#1"},
				"down": {"uv": [0, 0, 0.5, 0.1], "rotation": 90, "texture": "#1"}
			}
		},
		{
			"from": [7, 21, 4],
			"to": [9, 25, 6],
			"rotation": {"angle": -45, "axis": "x", "origin": [8, 24, 5]},
			"faces": {
				"north": {"uv": [0, 0, 2, 4], "texture": "#0"},
				"east": {"uv": [0, 0, 2, 4], "texture": "#0"},
				"south": {"uv": [0, 0, 2, 4], "texture": "#0"},
				"west": {"uv": [0, 0, 2, 4], "texture": "#0"},
				"up": {"uv": [0, 0, 2, 2], "rotation": 270, "texture": "#0"},
				"down": {"uv": [0, 0, 2, 2], "rotation": 90, "texture": "#0"}
			}
		},
		{
			"from": [7, 24, 3],
			"to": [9, 28, 5],
			"rotation": {"angle": -22.5, "axis": "x", "origin": [8, 27, 4]},
			"faces": {
				"north": {"uv": [0, 0, 2, 4], "texture": "#0"},
				"east": {"uv": [0, 0, 2, 4], "texture": "#0"},
				"south": {"uv": [0, 0, 2, 4], "texture": "#0"},
				"west": {"uv": [0, 0, 2, 4], "texture": "#0"},
				"up": {"uv": [0, 0, 2, 2], "rotation": 270, "texture": "#0"},
				"down": {"uv": [0, 0, 2, 2], "rotation": 90, "texture": "#0"}
			}
		},
		{
			"from": [6.9, 23, 4],
			"to": [7, 28, 4.5],
			"rotation": {"angle": -22.5, "axis": "x", "origin": [7, 27, 5]},
			"faces": {
				"north": {"uv": [0, 0, 0.1, 5], "texture": "#1"},
				"east": {"uv": [0, 0, 0.5, 5], "texture": "#1"},
				"south": {"uv": [0, 0, 0.1, 5], "texture": "#1"},
				"west": {"uv": [0, 0, 0.5, 5], "texture": "#1"},
				"up": {"uv": [0, 0, 0.5, 0.1], "rotation": 270, "texture": "#1"},
				"down": {"uv": [0, 0, 0.5, 0.1], "rotation": 90, "texture": "#1"}
			}
		},
		{
			"from": [9.1, 23, 4],
			"to": [9.2, 28, 4.5],
			"rotation": {"angle": -22.5, "axis": "x", "origin": [9, 27, 5]},
			"faces": {
				"north": {"uv": [0, 0, 0.1, 5], "texture": "#1"},
				"east": {"uv": [0, 0, 0.5, 5], "texture": "#1"},
				"south": {"uv": [0, 0, 0.1, 5], "texture": "#1"},
				"west": {"uv": [0, 0, 0.5, 5], "texture": "#1"},
				"up": {"uv": [0, 0, 0.5, 0.1], "rotation": 270, "texture": "#1"},
				"down": {"uv": [0, 0, 0.5, 0.1], "rotation": 90, "texture": "#1"}
			}
		},
		{
			"from": [6.9, 27, 5],
			"to": [7, 30, 5.5],
			"rotation": {"angle": 22.5, "axis": "x", "origin": [7, 30, 6]},
			"faces": {
				"north": {"uv": [0, 0, 0.1, 3], "texture": "#1"},
				"east": {"uv": [0, 0, 0.5, 3], "texture": "#1"},
				"south": {"uv": [0, 0, 0.1, 3], "texture": "#1"},
				"west": {"uv": [0, 0, 0.5, 3], "texture": "#1"},
				"up": {"uv": [0, 0, 0.5, 0.1], "rotation": 270, "texture": "#1"},
				"down": {"uv": [0, 0, 0.5, 0.1], "rotation": 90, "texture": "#1"}
			}
		},
		{
			"from": [9.1, 27, 5],
			"to": [9.2, 30, 5.5],
			"rotation": {"angle": 22.5, "axis": "x", "origin": [9, 30, 6]},
			"faces": {
				"north": {"uv": [0, 0, 0.1, 3], "texture": "#1"},
				"east": {"uv": [0, 0, 0.5, 3], "texture": "#1"},
				"south": {"uv": [0, 0, 0.1, 3], "texture": "#1"},
				"west": {"uv": [0, 0, 0.5, 3], "texture": "#1"},
				"up": {"uv": [0, 0, 0.5, 0.1], "rotation": 270, "texture": "#1"},
				"down": {"uv": [0, 0, 0.5, 0.1], "rotation": 90, "texture": "#1"}
			}
		},
		{
			"from": [6.9, 30.5, 5],
			"to": [7, 31, 8.3],
			"rotation": {"angle": -22.5, "axis": "x", "origin": [7, 30, 7]},
			"faces": {
				"north": {"uv": [0, 0, 0.5, 0.1], "rotation": 270, "texture": "#1"},
				"east": {"uv": [0, 0, 0.5, 3.3], "rotation": 270, "texture": "#1"},
				"south": {"uv": [0, 0, 0.5, 0.1], "rotation": 270, "texture": "#1"},
				"west": {"uv": [0, 0, 0.5, 3.3], "rotation": 90, "texture": "#1"},
				"up": {"uv": [0, 0, 0.1, 3.3], "rotation": 180, "texture": "#1"},
				"down": {"uv": [0, 0, 0.1, 3.3], "texture": "#1"}
			}
		},
		{
			"from": [9.1, 30.5, 5],
			"to": [9.2, 31, 8.3],
			"rotation": {"angle": -22.5, "axis": "x", "origin": [9, 30, 7]},
			"faces": {
				"north": {"uv": [0, 0, 0.5, 0.1], "rotation": 270, "texture": "#1"},
				"east": {"uv": [0, 0, 0.5, 3.3], "rotation": 270, "texture": "#1"},
				"south": {"uv": [0, 0, 0.5, 0.1], "rotation": 270, "texture": "#1"},
				"west": {"uv": [0, 0, 0.5, 3.3], "rotation": 90, "texture": "#1"},
				"up": {"uv": [0, 0, 0.1, 3.3], "rotation": 180, "texture": "#1"},
				"down": {"uv": [0, 0, 0.1, 3.3], "texture": "#1"}
			}
		},
		{
			"from": [7, 27, 4],
			"to": [9, 31, 6],
			"rotation": {"angle": 22.5, "axis": "x", "origin": [8, 30, 5]},
			"faces": {
				"north": {"uv": [0, 0, 2, 4], "texture": "#0"},
				"east": {"uv": [0, 0, 2, 4], "texture": "#0"},
				"south": {"uv": [0, 0, 2, 4], "texture": "#0"},
				"west": {"uv": [0, 0, 2, 4], "texture": "#0"},
				"up": {"uv": [0, 0, 2, 2], "rotation": 270, "texture": "#0"},
				"down": {"uv": [0, 0, 2, 2], "rotation": 90, "texture": "#0"}
			}
		},
		{
			"from": [7, 30, 4],
			"to": [9, 32, 8],
			"rotation": {"angle": -22.5, "axis": "x", "origin": [8, 31, 7]},
			"faces": {
				"north": {"uv": [0, 0, 2, 2], "rotation": 270, "texture": "#0"},
				"east": {"uv": [0, 0, 2, 4], "rotation": 270, "texture": "#0"},
				"south": {"uv": [0, 0, 2, 2], "rotation": 270, "texture": "#0"},
				"west": {"uv": [0, 0, 2, 4], "rotation": 90, "texture": "#0"},
				"up": {"uv": [0, 0, 2, 4], "rotation": 180, "texture": "#0"},
				"down": {"uv": [0, 0, 2, 4], "texture": "#0"}
			}
		},
		{
			"from": [7, 12, 4],
			"to": [9, 13, 6],
			"rotation": {"angle": 0, "axis": "y", "origin": [15, 20, 12]},
			"faces": {
				"north": {"uv": [0, 0, 2, 1], "texture": "#0"},
				"east": {"uv": [0, 0, 2, 1], "texture": "#0"},
				"south": {"uv": [0, 0, 2, 1], "texture": "#0"},
				"west": {"uv": [0, 0, 2, 1], "texture": "#0"},
				"up": {"uv": [0, 0, 2, 2], "texture": "#0"},
				"down": {"uv": [0, 0, 2, 2], "texture": "#0"}
			}
		},
		{
			"from": [10, 12, 7],
			"to": [12, 13, 9],
			"rotation": {"angle": 0, "axis": "y", "origin": [18, 20, 15]},
			"faces": {
				"north": {"uv": [0, 0, 2, 1], "texture": "#0"},
				"east": {"uv": [0, 0, 2, 1], "texture": "#0"},
				"south": {"uv": [0, 0, 2, 1], "texture": "#0"},
				"west": {"uv": [0, 0, 2, 1], "texture": "#0"},
				"up": {"uv": [0, 0, 2, 2], "texture": "#0"},
				"down": {"uv": [0, 0, 2, 2], "texture": "#0"}
			}
		},
		{
			"from": [4, 12, 7],
			"to": [6, 13, 9],
			"rotation": {"angle": 0, "axis": "y", "origin": [12, 20, 15]},
			"faces": {
				"north": {"uv": [0, 0, 2, 1], "texture": "#0"},
				"east": {"uv": [0, 0, 2, 1], "texture": "#0"},
				"south": {"uv": [0, 0, 2, 1], "texture": "#0"},
				"west": {"uv": [0, 0, 2, 1], "texture": "#0"},
				"up": {"uv": [0, 0, 2, 2], "texture": "#0"},
				"down": {"uv": [0, 0, 2, 2], "texture": "#0"}
			}
		},
		{
			"from": [5, 12, 10],
			"to": [7, 14, 11],
			"rotation": {"angle": 0, "axis": "y", "origin": [14, 21, 18]},
			"faces": {
				"north": {"uv": [0, 0, 2, 2], "texture": "#0"},
				"east": {"uv": [0, 0, 1, 2], "texture": "#0"},
				"south": {"uv": [0, 0, 2, 2], "texture": "#0"},
				"west": {"uv": [0, 0, 1, 2], "texture": "#0"},
				"up": {"uv": [0, 0, 2, 1], "texture": "#0"},
				"down": {"uv": [0, 0, 2, 1], "texture": "#0"}
			}
		},
		{
			"from": [9, 12, 10],
			"to": [11, 14, 11],
			"rotation": {"angle": 0, "axis": "y", "origin": [18, 21, 18]},
			"faces": {
				"north": {"uv": [0, 0, 2, 2], "texture": "#0"},
				"east": {"uv": [0, 0, 1, 2], "texture": "#0"},
				"south": {"uv": [0, 0, 2, 2], "texture": "#0"},
				"west": {"uv": [0, 0, 1, 2], "texture": "#0"},
				"up": {"uv": [0, 0, 2, 1], "texture": "#0"},
				"down": {"uv": [0, 0, 2, 1], "texture": "#0"}
			}
		},
		{
			"from": [9, 12, 5],
			"to": [11, 14, 6],
			"rotation": {"angle": 0, "axis": "y", "origin": [18, 21, 13]},
			"faces": {
				"north": {"uv": [0, 0, 2, 2], "texture": "#0"},
				"east": {"uv": [0, 0, 1, 2], "texture": "#0"},
				"south": {"uv": [0, 0, 2, 2], "texture": "#0"},
				"west": {"uv": [0, 0, 1, 2], "texture": "#0"},
				"up": {"uv": [0, 0, 2, 1], "texture": "#0"},
				"down": {"uv": [0, 0, 2, 1], "texture": "#0"}
			}
		},
		{
			"from": [9, 13.5, 4.9],
			"to": [11, 13.8, 5],
			"rotation": {"angle": 0, "axis": "y", "origin": [18, 22, 13]},
			"faces": {
				"north": {"uv": [0, 0, 2, 0.3], "texture": "#1"},
				"east": {"uv": [0, 0, 0.1, 0.3], "texture": "#1"},
				"south": {"uv": [0, 0, 2, 0.3], "texture": "#1"},
				"west": {"uv": [0, 0, 0.1, 0.3], "texture": "#1"},
				"up": {"uv": [0, 0, 2, 0.1], "texture": "#1"},
				"down": {"uv": [0, 0, 2, 0.1], "texture": "#1"}
			}
		},
		{
			"from": [5, 13.5, 4.9],
			"to": [7, 13.8, 5],
			"rotation": {"angle": 0, "axis": "y", "origin": [14, 22, 13]},
			"faces": {
				"north": {"uv": [0, 0, 2, 0.3], "texture": "#1"},
				"east": {"uv": [0, 0, 0.1, 0.3], "texture": "#1"},
				"south": {"uv": [0, 0, 2, 0.3], "texture": "#1"},
				"west": {"uv": [0, 0, 0.1, 0.3], "texture": "#1"},
				"up": {"uv": [0, 0, 2, 0.1], "texture": "#1"},
				"down": {"uv": [0, 0, 2, 0.1], "texture": "#1"}
			}
		},
		{
			"from": [7, 13.5, 2.9],
			"to": [9, 13.8, 3],
			"rotation": {"angle": 0, "axis": "y", "origin": [16, 22, 11]},
			"faces": {
				"north": {"uv": [0, 0, 2, 0.3], "texture": "#1"},
				"east": {"uv": [0, 0, 0.1, 0.3], "texture": "#1"},
				"south": {"uv": [0, 0, 2, 0.3], "texture": "#1"},
				"west": {"uv": [0, 0, 0.1, 0.3], "texture": "#1"},
				"up": {"uv": [0, 0, 2, 0.1], "texture": "#1"},
				"down": {"uv": [0, 0, 2, 0.1], "texture": "#1"}
			}
		},
		{
			"from": [9, 13.5, 11],
			"to": [11, 13.8, 11.1],
			"rotation": {"angle": 0, "axis": "y", "origin": [18, 22, 19]},
			"faces": {
				"north": {"uv": [0, 0, 2, 0.3], "texture": "#1"},
				"east": {"uv": [0, 0, 0.1, 0.3], "texture": "#1"},
				"south": {"uv": [0, 0, 2, 0.3], "texture": "#1"},
				"west": {"uv": [0, 0, 0.1, 0.3], "texture": "#1"},
				"up": {"uv": [0, 0, 2, 0.1], "texture": "#1"},
				"down": {"uv": [0, 0, 2, 0.1], "texture": "#1"}
			}
		},
		{
			"from": [5, 13.5, 11],
			"to": [7, 13.8, 11.1],
			"rotation": {"angle": 0, "axis": "y", "origin": [14, 22, 19]},
			"faces": {
				"north": {"uv": [0, 0, 2, 0.3], "texture": "#1"},
				"east": {"uv": [0, 0, 0.1, 0.3], "texture": "#1"},
				"south": {"uv": [0, 0, 2, 0.3], "texture": "#1"},
				"west": {"uv": [0, 0, 0.1, 0.3], "texture": "#1"},
				"up": {"uv": [0, 0, 2, 0.1], "texture": "#1"},
				"down": {"uv": [0, 0, 2, 0.1], "texture": "#1"}
			}
		},
		{
			"from": [3, 13.5, 9],
			"to": [5, 13.8, 9.1],
			"rotation": {"angle": 0, "axis": "y", "origin": [12, 22, 17]},
			"faces": {
				"north": {"uv": [0, 0, 2, 0.3], "texture": "#1"},
				"east": {"uv": [0, 0, 0.1, 0.3], "texture": "#1"},
				"south": {"uv": [0, 0, 2, 0.3], "texture": "#1"},
				"west": {"uv": [0, 0, 0.1, 0.3], "texture": "#1"},
				"up": {"uv": [0, 0, 2, 0.1], "texture": "#1"},
				"down": {"uv": [0, 0, 2, 0.1], "texture": "#1"}
			}
		},
		{
			"from": [3, 13.5, 6.9],
			"to": [5, 13.8, 7],
			"rotation": {"angle": 0, "axis": "y", "origin": [12, 22, 15]},
			"faces": {
				"north": {"uv": [0, 0, 2, 0.3], "texture": "#1"},
				"east": {"uv": [0, 0, 0.1, 0.3], "texture": "#1"},
				"south": {"uv": [0, 0, 2, 0.3], "texture": "#1"},
				"west": {"uv": [0, 0, 0.1, 0.3], "texture": "#1"},
				"up": {"uv": [0, 0, 2, 0.1], "texture": "#1"},
				"down": {"uv": [0, 0, 2, 0.1], "texture": "#1"}
			}
		},
		{
			"from": [7, 13.5, 13],
			"to": [9, 13.8, 13.1],
			"rotation": {"angle": 0, "axis": "y", "origin": [16, 22, 21]},
			"faces": {
				"north": {"uv": [0, 0, 2, 0.3], "texture": "#1"},
				"east": {"uv": [0, 0, 0.1, 0.3], "texture": "#1"},
				"south": {"uv": [0, 0, 2, 0.3], "texture": "#1"},
				"west": {"uv": [0, 0, 0.1, 0.3], "texture": "#1"},
				"up": {"uv": [0, 0, 2, 0.1], "texture": "#1"},
				"down": {"uv": [0, 0, 2, 0.1], "texture": "#1"}
			}
		},
		{
			"from": [11, 13.5, 6.9],
			"to": [13, 13.8, 7],
			"rotation": {"angle": 0, "axis": "y", "origin": [20, 22, 15]},
			"faces": {
				"north": {"uv": [0, 0, 2, 0.3], "texture": "#1"},
				"east": {"uv": [0, 0, 0.1, 0.3], "texture": "#1"},
				"south": {"uv": [0, 0, 2, 0.3], "texture": "#1"},
				"west": {"uv": [0, 0, 0.1, 0.3], "texture": "#1"},
				"up": {"uv": [0, 0, 2, 0.1], "texture": "#1"},
				"down": {"uv": [0, 0, 2, 0.1], "texture": "#1"}
			}
		},
		{
			"from": [11.1, 13.5, 9],
			"to": [13.1, 13.8, 9.1],
			"rotation": {"angle": 0, "axis": "y", "origin": [19, 22, 17]},
			"faces": {
				"north": {"uv": [0, 0, 2, 0.3], "texture": "#1"},
				"east": {"uv": [0, 0, 0.1, 0.3], "texture": "#1"},
				"south": {"uv": [0, 0, 2, 0.3], "texture": "#1"},
				"west": {"uv": [0, 0, 0.1, 0.3], "texture": "#1"},
				"up": {"uv": [0, 0, 2, 0.1], "texture": "#1"},
				"down": {"uv": [0, 0, 2, 0.1], "texture": "#1"}
			}
		},
		{
			"from": [11, 13.5, 5],
			"to": [11.1, 13.8, 7],
			"rotation": {"angle": 0, "axis": "y", "origin": [19, 22, -2]},
			"faces": {
				"north": {"uv": [0, 0, 0.1, 0.3], "texture": "#1"},
				"east": {"uv": [0, 0, 2, 0.3], "texture": "#1"},
				"south": {"uv": [0, 0, 0.1, 0.3], "texture": "#1"},
				"west": {"uv": [0, 0, 2, 0.3], "texture": "#1"},
				"up": {"uv": [0, 0, 2, 0.1], "rotation": 270, "texture": "#1"},
				"down": {"uv": [0, 0, 2, 0.1], "rotation": 90, "texture": "#1"}
			}
		},
		{
			"from": [9, 13.5, 3],
			"to": [9.1, 13.8, 5],
			"rotation": {"angle": 0, "axis": "y", "origin": [17, 22, -4]},
			"faces": {
				"north": {"uv": [0, 0, 0.1, 0.3], "texture": "#1"},
				"east": {"uv": [0, 0, 2, 0.3], "texture": "#1"},
				"south": {"uv": [0, 0, 0.1, 0.3], "texture": "#1"},
				"west": {"uv": [0, 0, 2, 0.3], "texture": "#1"},
				"up": {"uv": [0, 0, 2, 0.1], "rotation": 270, "texture": "#1"},
				"down": {"uv": [0, 0, 2, 0.1], "rotation": 90, "texture": "#1"}
			}
		},
		{
			"from": [11, 13.5, 9],
			"to": [11.1, 13.8, 11],
			"rotation": {"angle": 0, "axis": "y", "origin": [19, 22, 2]},
			"faces": {
				"north": {"uv": [0, 0, 0.1, 0.3], "texture": "#1"},
				"east": {"uv": [0, 0, 2, 0.3], "texture": "#1"},
				"south": {"uv": [0, 0, 0.1, 0.3], "texture": "#1"},
				"west": {"uv": [0, 0, 2, 0.3], "texture": "#1"},
				"up": {"uv": [0, 0, 2, 0.1], "rotation": 270, "texture": "#1"},
				"down": {"uv": [0, 0, 2, 0.1], "rotation": 90, "texture": "#1"}
			}
		},
		{
			"from": [4.9, 13.5, 9],
			"to": [5, 13.8, 11],
			"rotation": {"angle": 0, "axis": "y", "origin": [13, 22, 2]},
			"faces": {
				"north": {"uv": [0, 0, 0.1, 0.3], "texture": "#1"},
				"east": {"uv": [0, 0, 2, 0.3], "texture": "#1"},
				"south": {"uv": [0, 0, 0.1, 0.3], "texture": "#1"},
				"west": {"uv": [0, 0, 2, 0.3], "texture": "#1"},
				"up": {"uv": [0, 0, 2, 0.1], "rotation": 270, "texture": "#1"},
				"down": {"uv": [0, 0, 2, 0.1], "rotation": 90, "texture": "#1"}
			}
		},
		{
			"from": [2.9, 13.5, 7],
			"to": [3, 13.8, 9],
			"rotation": {"angle": 0, "axis": "y", "origin": [11, 22, 0]},
			"faces": {
				"north": {"uv": [0, 0, 0.1, 0.3], "texture": "#1"},
				"east": {"uv": [0, 0, 2, 0.3], "texture": "#1"},
				"south": {"uv": [0, 0, 0.1, 0.3], "texture": "#1"},
				"west": {"uv": [0, 0, 2, 0.3], "texture": "#1"},
				"up": {"uv": [0, 0, 2, 0.1], "rotation": 270, "texture": "#1"},
				"down": {"uv": [0, 0, 2, 0.1], "rotation": 90, "texture": "#1"}
			}
		},
		{
			"from": [4.9, 13.5, 5],
			"to": [5, 13.8, 7],
			"rotation": {"angle": 0, "axis": "y", "origin": [13, 22, -2]},
			"faces": {
				"north": {"uv": [0, 0, 0.1, 0.3], "texture": "#1"},
				"east": {"uv": [0, 0, 2, 0.3], "texture": "#1"},
				"south": {"uv": [0, 0, 0.1, 0.3], "texture": "#1"},
				"west": {"uv": [0, 0, 2, 0.3], "texture": "#1"},
				"up": {"uv": [0, 0, 2, 0.1], "rotation": 270, "texture": "#1"},
				"down": {"uv": [0, 0, 2, 0.1], "rotation": 90, "texture": "#1"}
			}
		},
		{
			"from": [6.9, 13.5, 3],
			"to": [7, 13.8, 5],
			"rotation": {"angle": 0, "axis": "y", "origin": [15, 22, -4]},
			"faces": {
				"north": {"uv": [0, 0, 0.1, 0.3], "texture": "#1"},
				"east": {"uv": [0, 0, 2, 0.3], "texture": "#1"},
				"south": {"uv": [0, 0, 0.1, 0.3], "texture": "#1"},
				"west": {"uv": [0, 0, 2, 0.3], "texture": "#1"},
				"up": {"uv": [0, 0, 2, 0.1], "rotation": 270, "texture": "#1"},
				"down": {"uv": [0, 0, 2, 0.1], "rotation": 90, "texture": "#1"}
			}
		},
		{
			"from": [9, 13.5, 11],
			"to": [9.1, 13.8, 13],
			"rotation": {"angle": 0, "axis": "y", "origin": [17, 22, 4]},
			"faces": {
				"north": {"uv": [0, 0, 0.1, 0.3], "texture": "#1"},
				"east": {"uv": [0, 0, 2, 0.3], "texture": "#1"},
				"south": {"uv": [0, 0, 0.1, 0.3], "texture": "#1"},
				"west": {"uv": [0, 0, 2, 0.3], "texture": "#1"},
				"up": {"uv": [0, 0, 2, 0.1], "rotation": 270, "texture": "#1"},
				"down": {"uv": [0, 0, 2, 0.1], "rotation": 90, "texture": "#1"}
			}
		},
		{
			"from": [6.9, 13.5, 11.1],
			"to": [7, 13.8, 13.1],
			"rotation": {"angle": 0, "axis": "y", "origin": [15, 22, 4]},
			"faces": {
				"north": {"uv": [0, 0, 0.1, 0.3], "texture": "#1"},
				"east": {"uv": [0, 0, 2, 0.3], "texture": "#1"},
				"south": {"uv": [0, 0, 0.1, 0.3], "texture": "#1"},
				"west": {"uv": [0, 0, 2, 0.3], "texture": "#1"},
				"up": {"uv": [0, 0, 2, 0.1], "rotation": 270, "texture": "#1"},
				"down": {"uv": [0, 0, 2, 0.1], "rotation": 90, "texture": "#1"}
			}
		},
		{
			"from": [13, 13.5, 7],
			"to": [13.1, 13.8, 9],
			"rotation": {"angle": 0, "axis": "y", "origin": [21, 22, 0]},
			"faces": {
				"north": {"uv": [0, 0, 0.1, 0.3], "texture": "#1"},
				"east": {"uv": [0, 0, 2, 0.3], "texture": "#1"},
				"south": {"uv": [0, 0, 0.1, 0.3], "texture": "#1"},
				"west": {"uv": [0, 0, 2, 0.3], "texture": "#1"},
				"up": {"uv": [0, 0, 2, 0.1], "rotation": 270, "texture": "#1"},
				"down": {"uv": [0, 0, 2, 0.1], "rotation": 90, "texture": "#1"}
			}
		},
		{
			"from": [5, 12, 5],
			"to": [7, 14, 6],
			"rotation": {"angle": 0, "axis": "y", "origin": [14, 21, 13]},
			"faces": {
				"north": {"uv": [0, 0, 2, 2], "texture": "#0"},
				"east": {"uv": [0, 0, 1, 2], "texture": "#0"},
				"south": {"uv": [0, 0, 2, 2], "texture": "#0"},
				"west": {"uv": [0, 0, 1, 2], "texture": "#0"},
				"up": {"uv": [0, 0, 2, 1], "texture": "#0"},
				"down": {"uv": [0, 0, 2, 1], "texture": "#0"}
			}
		},
		{
			"from": [5, 12, 9],
			"to": [6, 14, 10],
			"rotation": {"angle": 0, "axis": "y", "origin": [13, 21, 18]},
			"faces": {
				"north": {"uv": [0, 0, 1, 2], "texture": "#0"},
				"east": {"uv": [0, 0, 1, 2], "texture": "#0"},
				"south": {"uv": [0, 0, 1, 2], "texture": "#0"},
				"west": {"uv": [0, 0, 1, 2], "texture": "#0"},
				"up": {"uv": [0, 0, 1, 1], "texture": "#0"},
				"down": {"uv": [0, 0, 1, 1], "texture": "#0"}
			}
		},
		{
			"from": [10, 12, 9],
			"to": [11, 14, 10],
			"rotation": {"angle": 0, "axis": "y", "origin": [18, 21, 18]},
			"faces": {
				"north": {"uv": [0, 0, 1, 2], "texture": "#0"},
				"east": {"uv": [0, 0, 1, 2], "texture": "#0"},
				"south": {"uv": [0, 0, 1, 2], "texture": "#0"},
				"west": {"uv": [0, 0, 1, 2], "texture": "#0"},
				"up": {"uv": [0, 0, 1, 1], "texture": "#0"},
				"down": {"uv": [0, 0, 1, 1], "texture": "#0"}
			}
		},
		{
			"from": [10, 12, 6],
			"to": [11, 14, 7],
			"rotation": {"angle": 0, "axis": "y", "origin": [18, 21, 15]},
			"faces": {
				"north": {"uv": [0, 0, 1, 2], "texture": "#0"},
				"east": {"uv": [0, 0, 1, 2], "texture": "#0"},
				"south": {"uv": [0, 0, 1, 2], "texture": "#0"},
				"west": {"uv": [0, 0, 1, 2], "texture": "#0"},
				"up": {"uv": [0, 0, 1, 1], "texture": "#0"},
				"down": {"uv": [0, 0, 1, 1], "texture": "#0"}
			}
		},
		{
			"from": [5, 12, 6],
			"to": [6, 14, 7],
			"rotation": {"angle": 0, "axis": "y", "origin": [13, 21, 15]},
			"faces": {
				"north": {"uv": [0, 0, 1, 2], "texture": "#0"},
				"east": {"uv": [0, 0, 1, 2], "texture": "#0"},
				"south": {"uv": [0, 0, 1, 2], "texture": "#0"},
				"west": {"uv": [0, 0, 1, 2], "texture": "#0"},
				"up": {"uv": [0, 0, 1, 1], "texture": "#0"},
				"down": {"uv": [0, 0, 1, 1], "texture": "#0"}
			}
		}
	],
	"display": {
		"thirdperson": {
			"rotation": [80, 190, 0],
			"translation": [0, 1, -1],
			"scale": [1, 1, 1]
		},
		"firstperson": {
			"rotation": [20, -40, 0],
			"translation": [0, 2, 0],
			"scale": [1, 1, 1]
		},
		"ground": {
			"translation": [0, 5, 0],
			"scale": [2, 2, 2]
		},
		"gui": {
			"rotation": [50, -135, -40],
			"translation": [-1, 1, 0],
			"scale": [1.2, 1, 1.2]
		},
		"fixed": {
			"scale": [2, 2, 2]
		}
	},
	"groups": [0, 1, 2, 3, 4, 5, 6, 7, 8, 9, 10, 11, 12, 13, 14, 15, 16, 17, 18, 19, 20, 21, 22, 23, 24, 25,
		{
			"name": "group",
			"origin": [13, 21, 18],
			"children": [26, 27, 28, 29, 30, 31, 32, 33, 34, 35, 36, 37, 38, 39, 40, 41, 42, 43, 44, 45, 46, 47, 48, 49, 50, 51, 52, 53]
		}
	]
}