{
        "parent": "builtin/generated",
    "textures": {
        "layer0": "mcpatcher/cit/dragon_armor/dragon superior/items/helmet/helmet"
    },
    "display": {
        "thirdperson": {
            "rotation": [ 90, 180, 0 ],
            "translation": [ 0, 1, -2.5 ],
            "scale": [ 0.55, 0.55, 0.55 ]
        },
        "firstperson": {
            "rotation": [ 0, 45, -25 ],
	    "translation": [ 12, 0, 2.5 ],
            "scale": [ 2.5, 2.5, 2.5 ]
        }
    }
}
