{
	"credit": "Made with Blockbench",
	"texture_size": [32, 32],
	"textures": {
		"0": "skins/dragon",
		"particle": "skins/dragon"
	},
	"elements": [
		{
			"from": [7.2, -8.9, 7.2],
			"to": [8.8, -2.3, 8.8],
			"rotation": {"angle": 0, "axis": "y", "origin": [9, -0.1, 9]},
			"faces": {
				"north": {"uv": [3.5, 1.3, 8.8, 0], "rotation": 90, "texture": "#0"},
				"east": {"uv": [3.5, 1.3, 8.8, 0], "rotation": 90, "texture": "#0"},
				"south": {"uv": [3.5, 1.3, 8.8, 0], "rotation": 90, "texture": "#0"},
				"west": {"uv": [3.5, 1.3, 8.8, 0], "rotation": 90, "texture": "#0"},
				"up": {"uv": [3.5, 1.3, 8.8, 0], "rotation": 90, "texture": "#0"},
				"down": {"uv": [3.5, 1.3, 8.8, 0], "rotation": 90, "texture": "#0"}
			}
		},
		{
			"from": [7.7, 3.4, 6.5],
			"to": [8.3, 21.4, 9.5],
			"rotation": {"angle": 0, "axis": "y", "origin": [9, -1.1, 9.8]},
			"faces": {
				"north": {"uv": [0, 11.5, 9, 10], "rotation": 270, "texture": "#0"},
				"east": {"uv": [0, 11.5, 9, 10], "rotation": 270, "texture": "#0"},
				"south": {"uv": [0, 11.5, 9, 10], "rotation": 270, "texture": "#0"},
				"west": {"uv": [0, 11.5, 9, 10], "rotation": 270, "texture": "#0"},
				"up": {"uv": [0, 11.5, 9, 10], "rotation": 270, "texture": "#0"},
				"down": {"uv": [0, 11.5, 9, 10], "rotation": 270, "texture": "#0"}
			}
		},
		{
			"from": [7.6, 3.4, 7.6],
			"to": [8.4, 21.9, 8.4],
			"rotation": {"angle": 0, "axis": "y", "origin": [9.1, -1.1, 10.9]},
			"faces": {
				"north": {"uv": [0, 8.9, 9.25, 8.5], "rotation": 90, "texture": "#0"},
				"east": {"uv": [0, 8.9, 9.25, 8.5], "rotation": 90, "texture": "#0"},
				"south": {"uv": [0, 8.9, 9.25, 8.5], "rotation": 90, "texture": "#0"},
				"west": {"uv": [0, 8.9, 9.25, 8.5], "rotation": 90, "texture": "#0"},
				"up": {"uv": [0, 8.9, 9.25, 8.5], "rotation": 90, "texture": "#0"},
				"down": {"uv": [0, 8.9, 9.25, 8.5], "rotation": 90, "texture": "#0"}
			}
		},
		{
			"from": [7.699, 20.32291, 5.72299],
			"to": [8.301, 23.32491, 8.72499],
			"rotation": {"angle": -45, "axis": "x", "origin": [8.02391, 22.59996, 8.02395]},
			"faces": {
				"north": {"uv": [12, 10.5, 10, 12.5], "rotation": 180, "texture": "#0"},
				"east": {"uv": [8, 12.5, 9.5, 11], "rotation": 270, "texture": "#0"},
				"south": {"uv": [12, 10.5, 10, 12.5], "rotation": 180, "texture": "#0"},
				"west": {"uv": [9.5, 11, 8, 12.5], "rotation": 180, "texture": "#0"},
				"up": {"uv": [12, 10.5, 10, 12.5], "rotation": 180, "texture": "#0"},
				"down": {"uv": [12, 10.5, 10, 12.5], "rotation": 180, "texture": "#0"}
			}
		},
		{
			"from": [7.599, 21.82291, 5.72299],
			"to": [8.401, 22.82491, 6.72499],
			"rotation": {"angle": -45, "axis": "x", "origin": [8.12391, 24.09996, 8.02395]},
			"faces": {
				"north": {"uv": [6.5, 9, 7, 8.5], "rotation": 270, "texture": "#0"},
				"east": {"uv": [6.5, 9, 7, 8.5], "rotation": 270, "texture": "#0"},
				"south": {"uv": [6.5, 9, 7, 8.5], "rotation": 270, "texture": "#0"},
				"west": {"uv": [6.5, 9, 7, 8.5], "rotation": 270, "texture": "#0"},
				"up": {"uv": [6.5, 9, 7, 8.5], "rotation": 270, "texture": "#0"},
				"down": {"uv": [6.5, 9, 7, 8.5], "rotation": 270, "texture": "#0"}
			}
		},
		{
			"from": [7.801, 19.57491, 5.72499],
			"to": [8.199, 23.57291, 9.72299],
			"rotation": {"angle": -45, "axis": "x", "origin": [7.92391, 21.84996, 8.02395]},
			"faces": {
				"north": {"uv": [7.699, 4, 7.5, 5.999], "texture": "#0"},
				"east": {"uv": [9.5, 4, 7.5, 6], "texture": "#0"},
				"south": {"uv": [7.699, 4, 7.5, 5.999], "texture": "#0"},
				"west": {"uv": [9.5, 4, 7.5, 6], "texture": "#0"},
				"up": {"uv": [7.699, 4, 7.5, 5.999], "texture": "#0"},
				"down": {"uv": [7.699, 4, 7.5, 5.999], "texture": "#0"}
			}
		},
		{
			"from": [7.8, 3.4, 6],
			"to": [8.2, 21.4, 10],
			"rotation": {"angle": 0, "axis": "y", "origin": [9, -1.1, 10]},
			"faces": {
				"north": {"uv": [0, 4.7, 9, 4.5], "rotation": 270, "texture": "#0"},
				"east": {"uv": [0, 6.5, 9, 4.5], "rotation": 270, "texture": "#0"},
				"south": {"uv": [0, 4.7, 9, 4.5], "rotation": 270, "texture": "#0"},
				"west": {"uv": [0, 6.5, 9, 4.5], "rotation": 270, "texture": "#0"},
				"up": {"uv": [0, 6.5, 9, 4.5], "rotation": 270, "texture": "#0"},
				"down": {"uv": [0, 6.5, 9, 4.5], "rotation": 270, "texture": "#0"}
			}
		},
		{
			"from": [6.9, -9.95, 6.9],
			"to": [9.1, -8.75, 9.1],
			"rotation": {"angle": 0, "axis": "y", "origin": [7.97912, -9.45256, 7.93877]},
			"faces": {
				"north": {"uv": [3.5, 8, 3, 8.5], "texture": "#0"},
				"east": {"uv": [3.5, 8, 3, 8.5], "texture": "#0"},
				"south": {"uv": [3.5, 8, 3, 8.5], "texture": "#0"},
				"west": {"uv": [3.5, 8, 3, 8.5], "texture": "#0"},
				"up": {"uv": [3.5, 8, 3, 8.5], "texture": "#0"},
				"down": {"uv": [3.5, 8, 3, 8.5], "texture": "#0"}
			}
		},
		{
			"from": [7.1, -8.5, 7.1],
			"to": [8.9, -8, 8.9],
			"rotation": {"angle": 0, "axis": "y", "origin": [9, -0.1, 9]},
			"faces": {
				"north": {"uv": [3.5, 8, 3, 8.5], "texture": "#0"},
				"east": {"uv": [3.5, 8, 3, 8.5], "texture": "#0"},
				"south": {"uv": [3.5, 8, 3, 8.5], "texture": "#0"},
				"west": {"uv": [3.5, 8, 3, 8.5], "texture": "#0"},
				"up": {"uv": [3.5, 8, 3, 8.5], "texture": "#0"},
				"down": {"uv": [3.5, 8, 3, 8.5], "texture": "#0"}
			}
		},
		{
			"from": [7.1, -3.5, 7.1],
			"to": [8.9, -3, 8.9],
			"rotation": {"angle": 0, "axis": "y", "origin": [9, -0.1, 9]},
			"faces": {
				"north": {"uv": [3.5, 8, 3, 8.5], "texture": "#0"},
				"east": {"uv": [3.5, 8, 3, 8.5], "texture": "#0"},
				"south": {"uv": [3.5, 8, 3, 8.5], "texture": "#0"},
				"west": {"uv": [3.5, 8, 3, 8.5], "texture": "#0"},
				"up": {"uv": [3.5, 8, 3, 8.5], "texture": "#0"},
				"down": {"uv": [3.5, 8, 3, 8.5], "texture": "#0"}
			}
		},
		{
			"from": [7.25809, 6.58341, 5.63213],
			"to": [8.27809, 8.58341, 6.63213],
			"rotation": {"angle": 22.5, "axis": "z", "origin": [10.81016, 4.52667, 6.1316]},
			"faces": {
				"north": {"uv": [3.5, 7.5, 3, 9], "rotation": 180, "texture": "#0"},
				"east": {"uv": [3.5, 7.5, 3, 9], "rotation": 180, "texture": "#0"},
				"south": {"uv": [3.5, 7.5, 3, 9], "rotation": 180, "texture": "#0"},
				"west": {"uv": [3.5, 7.5, 3, 9], "rotation": 180, "texture": "#0"},
				"up": {"uv": [3, 9, 3.5, 7.5], "rotation": 270, "texture": "#0"},
				"down": {"uv": [3, 9, 3.5, 7.5], "rotation": 90, "texture": "#0"}
			}
		},
		{
			"from": [6.66375, 1.72533, 5.97675],
			"to": [7.68375, 5.72533, 6.97675],
			"rotation": {"angle": -22.5, "axis": "x", "origin": [7.17375, 4.72533, 6.47675]},
			"faces": {
				"north": {"uv": [1, 9, 3, 8.5], "rotation": 270, "texture": "#0"},
				"east": {"uv": [1, 9, 3, 8.5], "rotation": 270, "texture": "#0"},
				"south": {"uv": [1, 9, 3, 8.5], "rotation": 270, "texture": "#0"},
				"west": {"uv": [2, 8.5, 4, 8], "rotation": 270, "texture": "#0"},
				"up": {"uv": [1, 9, 3, 8.5], "rotation": 270, "texture": "#0"},
				"down": {"uv": [1, 9, 3, 8.5], "rotation": 270, "texture": "#0"}
			}
		},
		{
			"from": [6.66375, 1.72533, 9.02325],
			"to": [7.68375, 5.72533, 10.02325],
			"rotation": {"angle": 22.5, "axis": "x", "origin": [7.17375, 4.72533, 9.52325]},
			"faces": {
				"north": {"uv": [4.5, 8.5, 2.5, 8], "rotation": 270, "texture": "#0"},
				"east": {"uv": [4.5, 8.5, 2.5, 8], "rotation": 270, "texture": "#0"},
				"south": {"uv": [4.5, 8.5, 2.5, 8], "rotation": 270, "texture": "#0"},
				"west": {"uv": [4.5, 8, 2.5, 7.5], "rotation": 270, "texture": "#0"},
				"up": {"uv": [4.5, 8.5, 2.5, 8], "rotation": 270, "texture": "#0"},
				"down": {"uv": [4.5, 8.5, 2.5, 8], "rotation": 270, "texture": "#0"}
			}
		},
		{
			"from": [7.25809, 6.58341, 9.36787],
			"to": [8.27809, 8.58341, 10.36787],
			"rotation": {"angle": 22.5, "axis": "z", "origin": [10.81016, 4.52667, 9.8684]},
			"faces": {
				"north": {"uv": [3, 7.5, 3.5, 9], "rotation": 180, "texture": "#0"},
				"east": {"uv": [3, 7.5, 3.5, 9], "rotation": 180, "texture": "#0"},
				"south": {"uv": [3, 7.5, 3.5, 9], "rotation": 180, "texture": "#0"},
				"west": {"uv": [3, 7.5, 3.5, 9], "rotation": 180, "texture": "#0"},
				"up": {"uv": [3.5, 9, 3, 7.5], "rotation": 270, "texture": "#0"},
				"down": {"uv": [3.5, 9, 3, 7.5], "rotation": 90, "texture": "#0"}
			}
		},
		{
			"from": [7.51176, 3.37343, 4.95249],
			"to": [8.50776, 4.38943, 7.94849],
			"rotation": {"angle": -22.5, "axis": "x", "origin": [8.01016, 4.52667, 7.9816]},
			"faces": {
				"north": {"uv": [3, 9, 3.5, 7.5], "rotation": 270, "texture": "#0"},
				"east": {"uv": [3, 9, 3.5, 7.5], "rotation": 270, "texture": "#0"},
				"south": {"uv": [3, 9, 3.5, 7.5], "rotation": 270, "texture": "#0"},
				"west": {"uv": [3, 9, 3.5, 7.5], "rotation": 270, "texture": "#0"},
				"up": {"uv": [3, 9, 3.5, 7.5], "rotation": 270, "texture": "#0"},
				"down": {"uv": [3, 9, 3.5, 7.5], "rotation": 270, "texture": "#0"}
			}
		},
		{
			"from": [7.51064, 3.38992, 8.05626],
			"to": [8.50864, 4.40792, 11.05426],
			"rotation": {"angle": 22.5, "axis": "x", "origin": [8.01016, 4.52667, 7.9816]},
			"faces": {
				"north": {"uv": [3, 9, 3.5, 7.5], "rotation": 90, "texture": "#0"},
				"east": {"uv": [3, 9, 3.5, 7.5], "rotation": 90, "texture": "#0"},
				"south": {"uv": [3, 9, 3.5, 7.5], "rotation": 90, "texture": "#0"},
				"west": {"uv": [3, 9, 3.5, 7.5], "rotation": 90, "texture": "#0"},
				"up": {"uv": [3, 9, 3.5, 7.5], "rotation": 90, "texture": "#0"},
				"down": {"uv": [3, 9, 3.5, 7.5], "rotation": 90, "texture": "#0"}
			}
		},
		{
			"from": [7.002, 2.83549, 6.5],
			"to": [8, 3.85349, 9.5],
			"rotation": {"angle": 0, "axis": "x", "origin": [7.501, 3.34449, 8]},
			"faces": {
				"north": {"uv": [3, 9, 3.5, 7.5], "rotation": 90, "texture": "#0"},
				"east": {"uv": [3, 9, 3.5, 7.5], "rotation": 90, "texture": "#0"},
				"south": {"uv": [3, 9, 3.5, 7.5], "rotation": 90, "texture": "#0"},
				"west": {"uv": [5.5, 9, 6, 7.5], "rotation": 90, "texture": "#0"},
				"up": {"uv": [3, 9, 3.5, 7.5], "rotation": 90, "texture": "#0"},
				"down": {"uv": [3, 9, 3.5, 7.5], "rotation": 90, "texture": "#0"}
			}
		},
		{
			"from": [6.51503, 1.35051, 7],
			"to": [9.01503, 3.34851, 9],
			"rotation": {"angle": 45, "axis": "x", "origin": [8.50603, 2.34951, 8]},
			"faces": {
				"north": {"uv": [4.509, 7, 4, 7.999], "texture": "#0"},
				"east": {"uv": [5, 7, 4, 7.999], "texture": "#0"},
				"south": {"uv": [4.509, 7, 4, 7.999], "texture": "#0"},
				"west": {"uv": [5, 7, 4, 7.999], "texture": "#0"},
				"up": {"uv": [4.509, 7, 4, 8], "texture": "#0"},
				"down": {"uv": [4.509, 7, 4, 8], "texture": "#0"}
			}
		},
		{
			"from": [5.94703, -3.04949, 7],
			"to": [8.96503, -1.05149, 9],
			"rotation": {"angle": 45, "axis": "x", "origin": [8.45603, -2.05049, 8]},
			"faces": {
				"north": {"uv": [4.509, 7, 4, 7.999], "texture": "#0"},
				"east": {"uv": [5, 7, 4, 7.999], "texture": "#0"},
				"south": {"uv": [4.509, 7, 4, 7.999], "texture": "#0"},
				"west": {"uv": [4.5, 8.999, 5.5, 8], "rotation": 90, "texture": "#0"},
				"up": {"uv": [4.509, 7, 4, 8], "texture": "#0"},
				"down": {"uv": [4.509, 7, 4, 8], "texture": "#0"}
			}
		},
		{
			"from": [6.74703, 1.24696, 6.5],
			"to": [7.76503, 2.24696, 9.5],
			"rotation": {"angle": 0, "axis": "x", "origin": [7.25603, 1.74596, 6.89645]},
			"faces": {
				"north": {"uv": [6.5, 3.5, 5, 3.999], "texture": "#0"},
				"east": {"uv": [6.5, 3.5, 5, 3.999], "texture": "#0"},
				"south": {"uv": [6.5, 3.5, 5, 3.999], "texture": "#0"},
				"west": {"uv": [6.5, 3.5, 5, 3.999], "texture": "#0"},
				"up": {"uv": [6.5, 3.5, 5, 3.999], "texture": "#0"},
				"down": {"uv": [6.5, 3.5, 5, 3.999], "texture": "#0"}
			}
		},
		{
			"from": [7.16711, -1.13888, 6],
			"to": [9.16511, 2.87912, 10],
			"rotation": {"angle": 0, "axis": "z", "origin": [7.66611, -0.12988, 8]},
			"faces": {
				"north": {"uv": [3.5, 8.499, 5.5085, 7.5], "rotation": 90, "texture": "#0"},
				"east": {"uv": [4.5, 9.5, 6.5085, 7.5], "rotation": 90, "texture": "#0"},
				"south": {"uv": [3.5, 7.999, 5.509, 7], "rotation": 90, "texture": "#0"},
				"west": {"uv": [2, 8.95, 4.0085, 7], "rotation": 90, "texture": "#0"},
				"up": {"uv": [3.5, 9, 5.5085, 7], "rotation": 90, "texture": "#0"},
				"down": {"uv": [3.5, 9, 5.5085, 7], "rotation": 90, "texture": "#0"}
			}
		},
		{
			"from": [8.01208, -0.37378, 6.49984],
			"to": [10.01008, 2.64422, 9.49984],
			"rotation": {"angle": 22.5, "axis": "z", "origin": [8.99863, 0.63496, 7.98767]},
			"faces": {
				"north": {"uv": [3.5, 8.499, 5.5085, 7.5], "rotation": 90, "texture": "#0"},
				"east": {"uv": [4.5, 9, 6.009, 7.5], "rotation": 90, "texture": "#0"},
				"south": {"uv": [3.5, 7.999, 5.009, 7], "rotation": 90, "texture": "#0"},
				"west": {"uv": [2, 8.95, 4.0085, 7], "rotation": 90, "texture": "#0"},
				"up": {"uv": [3.5, 9, 5.5085, 7], "rotation": 90, "texture": "#0"},
				"down": {"uv": [3.5, 7.999, 5, 7], "rotation": 90, "texture": "#0"}
			}
		},
		{
			"from": [6.84487, -2.81589, 6.74984],
			"to": [8.84287, 1.68411, 9.24984],
			"rotation": {"angle": -22.5, "axis": "z", "origin": [7.53395, 0.42534, 7.98581]},
			"faces": {
				"north": {"uv": [2, 7.999, 4.25, 7], "rotation": 90, "texture": "#0"},
				"east": {"uv": [2, 8.5, 3.509, 7], "rotation": 90, "texture": "#0"},
				"south": {"uv": [2, 7.999, 4.25, 7], "rotation": 90, "texture": "#0"},
				"west": {"uv": [2, 8.5, 4.5, 7], "rotation": 90, "texture": "#0"},
				"up": {"uv": [2, 8.5, 3.509, 7], "rotation": 90, "texture": "#0"},
				"down": {"uv": [2, 8.5, 3.509, 7], "rotation": 90, "texture": "#0"}
			}
		},
		{
			"from": [7.81299, -2.436, 6.74533],
			"to": [9.81299, 0.584, 9.24733],
			"rotation": {"angle": -22.5, "axis": "z", "origin": [8.82466, -0.92931, 7.9857]},
			"faces": {
				"north": {"uv": [3.5, 8.499, 5.5085, 7.5], "rotation": 270, "texture": "#0"},
				"east": {"uv": [2, 8.5, 3.509, 7], "rotation": 270, "texture": "#0"},
				"south": {"uv": [3.5, 7.999, 5.009, 7], "rotation": 270, "texture": "#0"},
				"west": {"uv": [4.5, 9, 6.009, 7.5], "rotation": 270, "texture": "#0"},
				"up": {"uv": [3.5, 7.999, 5, 7], "rotation": 270, "texture": "#0"},
				"down": {"uv": [3.5, 9, 5.5085, 7], "rotation": 270, "texture": "#0"}
			}
		},
		{
			"from": [7.17511, -2.12888, 6.51],
			"to": [8.15511, 1.86912, 9.49],
			"rotation": {"angle": 0, "axis": "z", "origin": [6.66611, -1.12988, 8.5]},
			"faces": {
				"north": {"uv": [3.5, 8.499, 5.5085, 7.5], "rotation": 90, "texture": "#0"},
				"east": {"uv": [4.5, 9.5, 6.5085, 7.5], "rotation": 90, "texture": "#0"},
				"south": {"uv": [3.5, 7.999, 5.509, 7], "rotation": 90, "texture": "#0"},
				"west": {"uv": [2, 8.95, 4.0085, 7], "rotation": 90, "texture": "#0"},
				"up": {"uv": [3.5, 9, 5.5085, 7], "rotation": 90, "texture": "#0"},
				"down": {"uv": [3.5, 9, 5.5085, 7], "rotation": 90, "texture": "#0"}
			}
		},
		{
			"from": [6.12751, 6.92004, 5.47824],
			"to": [6.94751, 8.22004, 6.27824],
			"rotation": {"angle": 0, "axis": "x", "origin": [10.81016, 4.52667, 5.8816]},
			"faces": {
				"north": {"uv": [3.5, 7.5, 3, 9], "texture": "#0"},
				"east": {"uv": [3.5, 7.5, 3, 9], "texture": "#0"},
				"south": {"uv": [3.5, 7.5, 3, 9], "texture": "#0"},
				"west": {"uv": [3.5, 7.5, 3, 9], "texture": "#0"},
				"up": {"uv": [3, 9, 3.5, 7.5], "rotation": 90, "texture": "#0"},
				"down": {"uv": [3, 9, 3.5, 7.5], "rotation": 270, "texture": "#0"}
			}
		},
		{
			"from": [6.12751, 6.92004, 9.72176],
			"to": [6.94751, 8.22004, 10.52176],
			"rotation": {"angle": 0, "axis": "x", "origin": [10.81016, 4.52667, 10.1184]},
			"faces": {
				"north": {"uv": [3, 7.5, 3.5, 9], "texture": "#0"},
				"east": {"uv": [3, 7.5, 3.5, 9], "texture": "#0"},
				"south": {"uv": [3, 7.5, 3.5, 9], "texture": "#0"},
				"west": {"uv": [3, 7.5, 3.5, 9], "texture": "#0"},
				"up": {"uv": [3.5, 9, 3, 7.5], "rotation": 90, "texture": "#0"},
				"down": {"uv": [3.5, 9, 3, 7.5], "rotation": 270, "texture": "#0"}
			}
		},
		{
			"from": [7.61465, 3.30476, 9.72699],
			"to": [8.41265, 6.60276, 10.54499],
			"rotation": {"angle": 45, "axis": "x", "origin": [8.01038, 3.87329, 7.0046]},
			"faces": {
				"north": {"uv": [3.5, 7.5, 3, 9], "rotation": 180, "texture": "#0"},
				"east": {"uv": [3.5, 7.5, 3, 9], "rotation": 180, "texture": "#0"},
				"south": {"uv": [3.5, 7.5, 3, 9], "rotation": 180, "texture": "#0"},
				"west": {"uv": [3.5, 7.5, 3, 9], "rotation": 180, "texture": "#0"},
				"up": {"uv": [3.5, 7.5, 3, 9], "texture": "#0"},
				"down": {"uv": [3.5, 7.5, 3, 9], "texture": "#0"}
			}
		},
		{
			"from": [7.61453, 0.33298, 6.27504],
			"to": [8.41253, 1.15098, 9.57304],
			"rotation": {"angle": 45, "axis": "x", "origin": [8.01038, 3.87329, 9.0046]},
			"faces": {
				"north": {"uv": [3.5, 7.5, 3, 9], "rotation": 180, "texture": "#0"},
				"east": {"uv": [3.5, 7.5, 3, 9], "rotation": 180, "texture": "#0"},
				"south": {"uv": [3.5, 7.5, 3, 9], "rotation": 180, "texture": "#0"},
				"west": {"uv": [3.5, 7.5, 3, 9], "rotation": 180, "texture": "#0"},
				"up": {"uv": [3.5, 7.5, 3, 9], "texture": "#0"},
				"down": {"uv": [3.5, 7.5, 3, 9], "texture": "#0"}
			}
		},
		{
			"from": [7.61353, -9.56425, 8.27121],
			"to": [8.41353, -8.74425, 9.57121],
			"rotation": {"angle": 45, "axis": "x", "origin": [7.97912, -9.45256, 7.93877]},
			"faces": {
				"north": {"uv": [3, 8.5, 3.5, 8], "rotation": 270, "texture": "#0"},
				"east": {"uv": [3, 8.5, 3.5, 8], "rotation": 270, "texture": "#0"},
				"south": {"uv": [3, 8.5, 3.5, 8], "rotation": 270, "texture": "#0"},
				"west": {"uv": [3, 8.5, 3.5, 8], "rotation": 270, "texture": "#0"},
				"up": {"uv": [3, 8.5, 3.5, 8], "rotation": 270, "texture": "#0"},
				"down": {"uv": [3, 8.5, 3.5, 8], "rotation": 270, "texture": "#0"}
			}
		},
		{
			"from": [7.61353, -8.63863, 7.52753],
			"to": [8.41353, -7.81863, 9.82753],
			"rotation": {"angle": 22.5, "axis": "x", "origin": [7.98209, -9.2429, 7.90503]},
			"faces": {
				"north": {"uv": [3, 8.5, 3.5, 8], "rotation": 270, "texture": "#0"},
				"east": {"uv": [3, 8.5, 3.5, 8], "rotation": 270, "texture": "#0"},
				"south": {"uv": [3, 8.5, 3.5, 8], "rotation": 270, "texture": "#0"},
				"west": {"uv": [3, 8.5, 3.5, 8], "rotation": 270, "texture": "#0"},
				"up": {"uv": [3, 8.5, 3.5, 8], "rotation": 270, "texture": "#0"},
				"down": {"uv": [3, 8.5, 3.5, 8], "rotation": 270, "texture": "#0"}
			}
		},
		{
			"from": [7.61353, -9.65084, 6.39293],
			"to": [8.41353, -8.83084, 7.69293],
			"rotation": {"angle": -45, "axis": "x", "origin": [7.97912, -9.45256, 7.93877]},
			"faces": {
				"north": {"uv": [3, 8.5, 3.5, 8], "rotation": 270, "texture": "#0"},
				"east": {"uv": [3, 8.5, 3.5, 8], "rotation": 270, "texture": "#0"},
				"south": {"uv": [3, 8.5, 3.5, 8], "rotation": 270, "texture": "#0"},
				"west": {"uv": [3, 8.5, 3.5, 8], "rotation": 270, "texture": "#0"},
				"up": {"uv": [3, 8.5, 3.5, 8], "rotation": 270, "texture": "#0"},
				"down": {"uv": [3, 8.5, 3.5, 8], "rotation": 270, "texture": "#0"}
			}
		},
		{
			"from": [7.61353, -8.5966, 5.9385],
			"to": [8.41353, -7.7766, 8.2385],
			"rotation": {"angle": -22.5, "axis": "x", "origin": [7.98209, -9.2429, 7.90503]},
			"faces": {
				"north": {"uv": [3, 8.5, 3.5, 8], "rotation": 270, "texture": "#0"},
				"east": {"uv": [3, 8.5, 3.5, 8], "rotation": 270, "texture": "#0"},
				"south": {"uv": [3, 8.5, 3.5, 8], "rotation": 270, "texture": "#0"},
				"west": {"uv": [3, 8.5, 3.5, 8], "rotation": 270, "texture": "#0"},
				"up": {"uv": [3, 8.5, 3.5, 8], "rotation": 270, "texture": "#0"},
				"down": {"uv": [3, 8.5, 3.5, 8], "rotation": 270, "texture": "#0"}
			}
		},
		{
			"from": [5.17348, 6.04856, 5.33294],
			"to": [5.79348, 7.14856, 5.93294],
			"rotation": {"angle": -22.5, "axis": "z", "origin": [10.81016, 4.52667, 5.6316]},
			"faces": {
				"north": {"uv": [3.5, 7.5, 3, 9], "texture": "#0"},
				"east": {"uv": [3.5, 7.5, 3, 9], "texture": "#0"},
				"south": {"uv": [3.5, 7.5, 3, 9], "texture": "#0"},
				"west": {"uv": [3.5, 7.5, 3, 9], "texture": "#0"},
				"up": {"uv": [3, 9, 3.5, 7.5], "rotation": 90, "texture": "#0"},
				"down": {"uv": [3, 9, 3.5, 7.5], "rotation": 270, "texture": "#0"}
			}
		},
		{
			"from": [5.17348, 6.04856, 10.06706],
			"to": [5.79348, 7.14856, 10.66706],
			"rotation": {"angle": -22.5, "axis": "z", "origin": [10.81016, 4.52667, 10.3684]},
			"faces": {
				"north": {"uv": [3, 7.5, 3.5, 9], "texture": "#0"},
				"east": {"uv": [3, 7.5, 3.5, 9], "texture": "#0"},
				"south": {"uv": [3, 7.5, 3.5, 9], "texture": "#0"},
				"west": {"uv": [3, 7.5, 3.5, 9], "texture": "#0"},
				"up": {"uv": [3.5, 9, 3, 7.5], "rotation": 90, "texture": "#0"},
				"down": {"uv": [3.5, 9, 3, 7.5], "rotation": 270, "texture": "#0"}
			}
		},
		{
			"from": [7.70995, 0.94332, 10.5994],
			"to": [8.30795, 6.04132, 11.2174],
			"rotation": {"angle": 22.5, "axis": "x", "origin": [8.01038, 3.87329, 7.0046]},
			"faces": {
				"north": {"uv": [1, 7.8085, 3.549, 7.5], "rotation": 270, "texture": "#0"},
				"east": {"uv": [1, 7.8085, 3.549, 7.5], "rotation": 270, "texture": "#0"},
				"south": {"uv": [1, 7.8085, 3.549, 7.5], "rotation": 270, "texture": "#0"},
				"west": {"uv": [1, 7.8085, 3.549, 7.5], "rotation": 270, "texture": "#0"},
				"up": {"uv": [1, 7.8085, 3.549, 7.5], "rotation": 270, "texture": "#0"},
				"down": {"uv": [1, 7.8085, 3.549, 7.5], "rotation": 270, "texture": "#0"}
			}
		},
		{
			"from": [7.70983, 0.94343, 4.79185],
			"to": [8.30783, 6.04143, 5.40985],
			"rotation": {"angle": -22.5, "axis": "x", "origin": [8.01038, 3.87329, 9.0046]},
			"faces": {
				"north": {"uv": [3, 7.809, 5.549, 7.5], "rotation": 90, "texture": "#0"},
				"east": {"uv": [3, 7.809, 5.549, 7.5], "rotation": 90, "texture": "#0"},
				"south": {"uv": [3, 7.809, 5.549, 7.5], "rotation": 90, "texture": "#0"},
				"west": {"uv": [3, 7.809, 5.549, 7.5], "rotation": 90, "texture": "#0"},
				"up": {"uv": [3, 7.809, 5.549, 7.5], "rotation": 90, "texture": "#0"},
				"down": {"uv": [3, 7.809, 5.549, 7.5], "rotation": 90, "texture": "#0"}
			}
		},
		{
			"from": [7.70883, -11.69132, 8.49496],
			"to": [8.30883, -10.59132, 9.11496],
			"rotation": {"angle": -22.5, "axis": "x", "origin": [7.97912, -9.45256, 7.93877]},
			"faces": {
				"north": {"uv": [3.5, 8, 3, 8.5], "rotation": 180, "texture": "#0"},
				"east": {"uv": [3.5, 8, 3, 8.5], "rotation": 180, "texture": "#0"},
				"south": {"uv": [3.5, 8, 3, 8.5], "rotation": 180, "texture": "#0"},
				"west": {"uv": [3.5, 8, 3, 8.5], "rotation": 180, "texture": "#0"},
				"up": {"uv": [3.5, 8, 3, 8.5], "rotation": 180, "texture": "#0"},
				"down": {"uv": [3.5, 8, 3, 8.5], "rotation": 180, "texture": "#0"}
			}
		},
		{
			"from": [7.70883, -11.47565, 9.23369],
			"to": [8.30883, -10.37565, 9.85369],
			"rotation": {"angle": -45, "axis": "x", "origin": [7.98209, -9.2429, 7.90503]},
			"faces": {
				"north": {"uv": [3.5, 8, 3, 8.5], "rotation": 180, "texture": "#0"},
				"east": {"uv": [3.5, 8, 3, 8.5], "rotation": 180, "texture": "#0"},
				"south": {"uv": [3.5, 8, 3, 8.5], "rotation": 180, "texture": "#0"},
				"west": {"uv": [3.5, 8, 3, 8.5], "rotation": 180, "texture": "#0"},
				"up": {"uv": [3.5, 8, 3, 8.5], "rotation": 180, "texture": "#0"},
				"down": {"uv": [3.5, 8, 3, 8.5], "rotation": 180, "texture": "#0"}
			}
		},
		{
			"from": [7.70883, -11.64445, 6.87572],
			"to": [8.30883, -10.54445, 7.49572],
			"rotation": {"angle": 22.5, "axis": "x", "origin": [7.97912, -9.45256, 7.93877]},
			"faces": {
				"north": {"uv": [3.5, 8, 3, 8.5], "rotation": 180, "texture": "#0"},
				"east": {"uv": [3.5, 8, 3, 8.5], "rotation": 180, "texture": "#0"},
				"south": {"uv": [3.5, 8, 3, 8.5], "rotation": 180, "texture": "#0"},
				"west": {"uv": [3.5, 8, 3, 8.5], "rotation": 180, "texture": "#0"},
				"up": {"uv": [3.5, 8, 3, 8.5], "rotation": 180, "texture": "#0"},
				"down": {"uv": [3.5, 8, 3, 8.5], "rotation": 180, "texture": "#0"}
			}
		},
		{
			"from": [7.70883, -7.85857, 5.64768],
			"to": [8.30883, -7.23857, 6.74768],
			"rotation": {"angle": -45, "axis": "x", "origin": [7.98209, -9.2429, 7.90503]},
			"faces": {
				"north": {"uv": [3.5, 8, 3, 8.5], "texture": "#0"},
				"east": {"uv": [3, 8.5, 3.5, 8], "rotation": 270, "texture": "#0"},
				"south": {"uv": [3.5, 8, 3, 8.5], "rotation": 180, "texture": "#0"},
				"west": {"uv": [3, 8.5, 3.5, 8], "rotation": 90, "texture": "#0"},
				"up": {"uv": [3.5, 8, 3, 8.5], "texture": "#0"},
				"down": {"uv": [3.5, 8, 3, 8.5], "rotation": 180, "texture": "#0"}
			}
		},
		{
			"from": [4.69973, 4.69161, 5.18316],
			"to": [5.11973, 5.59161, 5.58316],
			"rotation": {"angle": -45, "axis": "z", "origin": [10.81016, 4.52667, 5.3816]},
			"faces": {
				"north": {"uv": [3.5, 7.5, 3, 9], "texture": "#0"},
				"east": {"uv": [3.5, 7.5, 3, 9], "texture": "#0"},
				"south": {"uv": [3.5, 7.5, 3, 9], "texture": "#0"},
				"west": {"uv": [3.5, 7.5, 3, 9], "texture": "#0"},
				"up": {"uv": [3, 9, 3.5, 7.5], "rotation": 90, "texture": "#0"},
				"down": {"uv": [3, 9, 3.5, 7.5], "rotation": 270, "texture": "#0"}
			}
		},
		{
			"from": [4.69973, 4.69161, 10.41684],
			"to": [5.11973, 5.59161, 10.81684],
			"rotation": {"angle": -45, "axis": "z", "origin": [10.81016, 4.52667, 10.6184]},
			"faces": {
				"north": {"uv": [3, 7.5, 3.5, 9], "texture": "#0"},
				"east": {"uv": [3, 7.5, 3.5, 9], "texture": "#0"},
				"south": {"uv": [3, 7.5, 3.5, 9], "texture": "#0"},
				"west": {"uv": [3, 7.5, 3.5, 9], "texture": "#0"},
				"up": {"uv": [3.5, 9, 3, 7.5], "rotation": 90, "texture": "#0"},
				"down": {"uv": [3.5, 9, 3, 7.5], "rotation": 270, "texture": "#0"}
			}
		},
		{
			"from": [7.80973, 4.16534, 11.20816],
			"to": [8.20773, 5.06334, 11.62616],
			"rotation": {"angle": 0, "axis": "x", "origin": [8.01038, 3.87329, 7.0046]},
			"faces": {
				"north": {"uv": [3.5, 7.5, 3, 9], "rotation": 180, "texture": "#0"},
				"east": {"uv": [3.5, 7.5, 3, 9], "rotation": 180, "texture": "#0"},
				"south": {"uv": [3.5, 7.5, 3, 9], "rotation": 180, "texture": "#0"},
				"west": {"uv": [3.5, 7.5, 3, 9], "rotation": 180, "texture": "#0"},
				"up": {"uv": [3.5, 7.5, 3, 9], "texture": "#0"},
				"down": {"uv": [3.5, 7.5, 3, 9], "texture": "#0"}
			}
		},
		{
			"from": [7.80961, 4.16547, 4.38304],
			"to": [8.20761, 5.06347, 4.80104],
			"rotation": {"angle": 0, "axis": "x", "origin": [8.01038, 3.87329, 9.0046]},
			"faces": {
				"north": {"uv": [3.5, 7.5, 3, 9], "rotation": 180, "texture": "#0"},
				"east": {"uv": [3.5, 7.5, 3, 9], "rotation": 180, "texture": "#0"},
				"south": {"uv": [3.5, 7.5, 3, 9], "rotation": 180, "texture": "#0"},
				"west": {"uv": [3.5, 7.5, 3, 9], "rotation": 180, "texture": "#0"},
				"up": {"uv": [3.5, 7.5, 3, 9], "texture": "#0"},
				"down": {"uv": [3.5, 7.5, 3, 9], "texture": "#0"}
			}
		},
		{
			"from": [7.80861, -11.87047, 9.36162],
			"to": [8.20861, -10.97047, 9.78162],
			"rotation": {"angle": 0, "axis": "x", "origin": [7.97912, -9.45256, 7.93877]},
			"faces": {
				"north": {"uv": [3.5, 8, 3, 8.5], "rotation": 180, "texture": "#0"},
				"east": {"uv": [3.5, 8, 3, 8.5], "rotation": 180, "texture": "#0"},
				"south": {"uv": [3.5, 8, 3, 8.5], "rotation": 180, "texture": "#0"},
				"west": {"uv": [3.5, 8, 3, 8.5], "rotation": 180, "texture": "#0"},
				"up": {"uv": [3.5, 8, 3, 8.5], "rotation": 180, "texture": "#0"},
				"down": {"uv": [3.5, 8, 3, 8.5], "rotation": 180, "texture": "#0"}
			}
		},
		{
			"from": [7.80861, -11.35965, 10.03925],
			"to": [8.20861, -10.45965, 10.45925],
			"rotation": {"angle": -22.5, "axis": "x", "origin": [7.98209, -9.2429, 7.90503]},
			"faces": {
				"north": {"uv": [3.5, 8, 3, 8.5], "rotation": 180, "texture": "#0"},
				"east": {"uv": [3.5, 8, 3, 8.5], "rotation": 180, "texture": "#0"},
				"south": {"uv": [3.5, 8, 3, 8.5], "rotation": 180, "texture": "#0"},
				"west": {"uv": [3.5, 8, 3, 8.5], "rotation": 180, "texture": "#0"},
				"up": {"uv": [3.5, 8, 3, 8.5], "rotation": 180, "texture": "#0"},
				"down": {"uv": [3.5, 8, 3, 8.5], "rotation": 180, "texture": "#0"}
			}
		},
		{
			"from": [7.80861, -11.87047, 6.21838],
			"to": [8.20861, -10.97047, 6.63838],
			"rotation": {"angle": 0, "axis": "x", "origin": [7.97912, -9.45256, 7.93877]},
			"faces": {
				"north": {"uv": [3.5, 8, 3, 8.5], "rotation": 180, "texture": "#0"},
				"east": {"uv": [3.5, 8, 3, 8.5], "rotation": 180, "texture": "#0"},
				"south": {"uv": [3.5, 8, 3, 8.5], "rotation": 180, "texture": "#0"},
				"west": {"uv": [3.5, 8, 3, 8.5], "rotation": 180, "texture": "#0"},
				"up": {"uv": [3.5, 8, 3, 8.5], "rotation": 180, "texture": "#0"},
				"down": {"uv": [3.5, 8, 3, 8.5], "rotation": 180, "texture": "#0"}
			}
		},
		{
			"from": [7.80861, -11.36107, 5.28996],
			"to": [8.20861, -10.46107, 5.70996],
			"rotation": {"angle": 22.5, "axis": "x", "origin": [7.98209, -9.2429, 7.90503]},
			"faces": {
				"north": {"uv": [3.5, 8, 3, 8.5], "rotation": 180, "texture": "#0"},
				"east": {"uv": [3.5, 8, 3, 8.5], "rotation": 180, "texture": "#0"},
				"south": {"uv": [3.5, 8, 3, 8.5], "rotation": 180, "texture": "#0"},
				"west": {"uv": [3.5, 8, 3, 8.5], "rotation": 180, "texture": "#0"},
				"up": {"uv": [3.5, 8, 3, 8.5], "rotation": 180, "texture": "#0"},
				"down": {"uv": [3.5, 8, 3, 8.5], "rotation": 180, "texture": "#0"}
			}
		}
	],
	"display": {
		"thirdperson": {
			"rotation": [90, 90, -90],
			"translation": [0, 0.5, -7],
			"scale": [1, 1, 1]
		},
		"firstperson": {
			"rotation": [13, -45, 0],
			"translation": [6, 7.8, 2],
			"scale": [1.5, 1.5, 1.5]
		},
		"ground": {
			"rotation": [0, 0, 0],
			"translation": [0, 5, 0],
			"scale": [2, 2, 2]
		},
		"gui": {
			"rotation": [50, -135, -40],
			"translation": [-1, 1, 0],
			"scale": [1.2, 1, 1.2]
		},
		"head": {
			"rotation": [0, 0, 0],
			"translation": [0, 0, 0],
			"scale": [1, 1, 1]
		},
		"fixed": {
			"rotation": [0, 0, 0],
			"translation": [0, 0, 0],
			"scale": [2, 2, 2]
		}
	}
}