{
	"credit": "Made with Blockbench",
	"texture_size": [32, 32],
	"textures": {
		"0": "skins/end_sword",
		"particle": "skins/end_sword"
	},
	"elements": [
		{
			"from": [7.2, -8.9, 7.2],
			"to": [8.8, -2.3, 8.8],
			"rotation": {"angle": 0, "axis": "y", "origin": [7, -0.1, 9]},
			"faces": {
				"north": {"uv": [12, 8, 13, 11.5], "texture": "#0"},
				"east": {"uv": [12, 7.5, 13, 11], "texture": "#0"},
				"south": {"uv": [11, 9, 12, 12.5], "texture": "#0"},
				"west": {"uv": [12, 7, 13, 10.5], "texture": "#0"},
				"up": {"uv": [10, 7, 11, 10.5], "texture": "#0"},
				"down": {"uv": [10, 7, 11, 10.5], "texture": "#0"}
			}
		},
		{
			"from": [7.7, 3.4, 6.5],
			"to": [8.3, 21.4, 9.5],
			"rotation": {"angle": 0, "axis": "y", "origin": [7, -1.1, 9.8]},
			"faces": {
				"north": {"uv": [10.5, 6.5, 11, 13], "texture": "#0"},
				"east": {"uv": [10.5, 6.5, 12, 13], "texture": "#0"},
				"south": {"uv": [10.5, 6.5, 10.8, 13], "texture": "#0"},
				"west": {"uv": [10.5, 6.5, 12, 13], "texture": "#0"},
				"up": {"uv": [10.5, 6.5, 12.5, 13], "texture": "#0"},
				"down": {"uv": [10.5, 6.5, 12.5, 13], "texture": "#0"}
			}
		},
		{
			"from": [7.6, 3.4, 7.6],
			"to": [8.4, 21.9, 8.4],
			"rotation": {"angle": 0, "axis": "y", "origin": [6.9, -1.1, 10.9]},
			"faces": {
				"north": {"uv": [9.5, 6, 16, 6.5], "rotation": 90, "texture": "#0"},
				"east": {"uv": [9.5, 6, 16, 6.5], "rotation": 90, "texture": "#0"},
				"south": {"uv": [9.5, 6, 16, 6.5], "rotation": 90, "texture": "#0"},
				"west": {"uv": [9.5, 6, 16, 6.5], "rotation": 90, "texture": "#0"},
				"up": {"uv": [9.5, 6, 16, 6.5], "rotation": 90, "texture": "#0"},
				"down": {"uv": [9.5, 6, 16, 6.5], "rotation": 90, "texture": "#0"}
			}
		},
		{
			"from": [7.699, 20.32291, 5.72299],
			"to": [8.301, 23.32491, 8.72499],
			"rotation": {"angle": -45, "axis": "x", "origin": [7.97609, 22.59996, 8.02395]},
			"faces": {
				"north": {"uv": [10, 10.5, 12, 12.5], "rotation": 180, "texture": "#0"},
				"east": {"uv": [10.5, 11, 12, 12.5], "rotation": 180, "texture": "#0"},
				"south": {"uv": [10, 10.5, 12, 12.5], "rotation": 180, "texture": "#0"},
				"west": {"uv": [10.5, 11, 12, 12.5], "rotation": 270, "texture": "#0"},
				"up": {"uv": [10, 10.5, 12, 12.5], "rotation": 180, "texture": "#0"},
				"down": {"uv": [10, 10.5, 12, 12.5], "rotation": 180, "texture": "#0"}
			}
		},
		{
			"from": [7.599, 21.82291, 5.72299],
			"to": [8.401, 22.82491, 6.72499],
			"rotation": {"angle": -45, "axis": "x", "origin": [7.87609, 24.09996, 8.02395]},
			"faces": {
				"north": {"uv": [15.5, 4.5, 16, 5], "rotation": 270, "texture": "#0"},
				"east": {"uv": [15.5, 4.5, 16, 5], "rotation": 270, "texture": "#0"},
				"south": {"uv": [15.5, 4.5, 16, 5], "rotation": 270, "texture": "#0"},
				"west": {"uv": [15.5, 4.5, 16, 5], "rotation": 270, "texture": "#0"},
				"up": {"uv": [15.5, 4.5, 16, 5], "rotation": 270, "texture": "#0"},
				"down": {"uv": [15.5, 4.5, 16, 5], "rotation": 270, "texture": "#0"}
			}
		},
		{
			"from": [7.801, 19.57491, 5.72499],
			"to": [8.199, 23.57291, 9.72299],
			"rotation": {"angle": -45, "axis": "x", "origin": [8.07609, 21.84996, 8.02395]},
			"faces": {
				"north": {"uv": [13.5, 6.5, 15.5, 7], "rotation": 270, "texture": "#0"},
				"east": {"uv": [13.5, 6.5, 15.5, 8.5], "rotation": 270, "texture": "#0"},
				"south": {"uv": [13.5, 6.5, 14, 8.5], "rotation": 180, "texture": "#0"},
				"west": {"uv": [13.5, 6.5, 15.5, 8.5], "rotation": 270, "texture": "#0"},
				"up": {"uv": [13.5, 6.5, 15.5, 7], "rotation": 270, "texture": "#0"},
				"down": {"uv": [13.5, 6.5, 15.5, 7], "rotation": 270, "texture": "#0"}
			}
		},
		{
			"from": [7.8, 3.4, 6],
			"to": [8.2, 21.4, 10],
			"rotation": {"angle": 0, "axis": "y", "origin": [7, -1.1, 10]},
			"faces": {
				"north": {"uv": [13.5, 6.5, 13.7, 13], "texture": "#0"},
				"east": {"uv": [13.5, 6.5, 15.5, 13], "texture": "#0"},
				"south": {"uv": [13.5, 6.5, 14, 13], "texture": "#0"},
				"west": {"uv": [13.5, 6.5, 15.5, 13], "texture": "#0"},
				"up": {"uv": [13.5, 6.5, 15.5, 13], "texture": "#0"},
				"down": {"uv": [13.5, 6.5, 15.5, 13], "texture": "#0"}
			}
		},
		{
			"from": [7, -9.85, 7],
			"to": [9, -8.85, 9],
			"rotation": {"angle": 0, "axis": "y", "origin": [7, -0.1, 9]},
			"faces": {
				"north": {"uv": [0.5, 11, 1, 11.5], "texture": "#0"},
				"east": {"uv": [0.5, 11, 1, 11.5], "texture": "#0"},
				"south": {"uv": [0.5, 11, 1, 11.5], "texture": "#0"},
				"west": {"uv": [0.5, 11, 1, 11.5], "texture": "#0"},
				"up": {"uv": [0.5, 11, 1, 11.5], "texture": "#0"},
				"down": {"uv": [0.5, 11, 1, 11.5], "texture": "#0"}
			}
		},
		{
			"from": [7.5, -13.1, 7],
			"to": [8.5, -11.1, 9],
			"rotation": {"angle": 45, "axis": "x", "origin": [8.03927, -12.09993, 7.96066]},
			"faces": {
				"north": {"uv": [11.5, 1, 12, 2], "texture": "#0"},
				"east": {"uv": [11, 2.5, 12, 3.5], "texture": "#0"},
				"south": {"uv": [12.5, 3, 13, 4], "texture": "#0"},
				"west": {"uv": [11, 2.5, 12, 3.5], "texture": "#0"},
				"up": {"uv": [11, 2.5, 11.5, 3.5], "texture": "#0"},
				"down": {"uv": [12.5, 3, 13, 4], "rotation": 180, "texture": "#0"}
			}
		},
		{
			"from": [7.3, -12.8, 7.3],
			"to": [8.7, -11.4, 8.7],
			"rotation": {"angle": 45, "axis": "x", "origin": [8.03927, -12.09993, 7.96066]},
			"faces": {
				"north": {"uv": [1, 6, 3, 8], "texture": "#0"},
				"east": {"uv": [1, 6, 3, 8], "rotation": 90, "texture": "#0"},
				"south": {"uv": [1, 6, 3, 8], "texture": "#0"},
				"west": {"uv": [1, 6, 3, 8], "texture": "#0"},
				"up": {"uv": [1, 6, 3, 8], "texture": "#0"},
				"down": {"uv": [1, 6, 3, 8], "texture": "#0"}
			}
		},
		{
			"from": [10.0675, -2.15747, 7],
			"to": [11.0675, -1.15747, 9],
			"rotation": {"angle": -22.5, "axis": "z", "origin": [8, -0.88687, 8]},
			"faces": {
				"north": {"uv": [12, 3.02, 13, 4.02], "rotation": 180, "texture": "#0"},
				"east": {"uv": [12, 3.02, 13, 4.02], "rotation": 180, "texture": "#0"},
				"south": {"uv": [12, 3.02, 13, 4.02], "rotation": 180, "texture": "#0"},
				"west": {"uv": [12, 3.02, 13, 4.02], "rotation": 180, "texture": "#0"},
				"up": {"uv": [12, 3.02, 13, 4.02], "rotation": 180, "texture": "#0"},
				"down": {"uv": [12, 3.02, 13, 4.02], "rotation": 180, "texture": "#0"}
			}
		},
		{
			"from": [7.489, 2.70103, 7.4809],
			"to": [8.491, 3.72303, 10.9829],
			"rotation": {"angle": 22.5, "axis": "x", "origin": [8.5, 2.64167, 9.52854]},
			"faces": {
				"north": {"uv": [3, 12, 3.5, 13.5], "rotation": 90, "texture": "#0"},
				"east": {"uv": [3, 12, 3.5, 13.5], "rotation": 270, "texture": "#0"},
				"south": {"uv": [3, 12, 3.5, 13.5], "rotation": 90, "texture": "#0"},
				"west": {"uv": [3, 12, 3.5, 13.5], "rotation": 90, "texture": "#0"},
				"up": {"uv": [3, 12, 3.5, 13.5], "rotation": 180, "texture": "#0"},
				"down": {"uv": [3, 12, 3.5, 13.5], "texture": "#0"}
			}
		},
		{
			"from": [7.49, 1.74473, 6.03378],
			"to": [8.49, 2.76473, 9.53378],
			"rotation": {"angle": -22.5, "axis": "x", "origin": [7.98988, -0.39005, 4.57297]},
			"faces": {
				"north": {"uv": [3, 12, 3.5, 13.5], "rotation": 90, "texture": "#0"},
				"east": {"uv": [3, 12, 3.5, 13.5], "rotation": 90, "texture": "#0"},
				"south": {"uv": [3, 12, 3.5, 13.5], "rotation": 90, "texture": "#0"},
				"west": {"uv": [3, 12, 3.5, 13.5], "rotation": 270, "texture": "#0"},
				"up": {"uv": [3, 12, 3.5, 13.5], "texture": "#0"},
				"down": {"uv": [3, 12, 3.5, 13.5], "rotation": 180, "texture": "#0"}
			}
		},
		{
			"from": [7.49036, -0.72632, 9.64836],
			"to": [8.49036, 3.27368, 10.66836],
			"rotation": {"angle": -22.5, "axis": "x", "origin": [7.98271, 4.72867, 11.45457]},
			"faces": {
				"north": {"uv": [3, 12, 3.5, 13.5], "texture": "#0"},
				"east": {"uv": [3, 12, 3.5, 13.5], "texture": "#0"},
				"south": {"uv": [3, 12, 3.5, 13.5], "texture": "#0"},
				"west": {"uv": [3, 12, 3.5, 13.5], "texture": "#0"},
				"up": {"uv": [3, 12, 3.5, 13.5], "texture": "#0"},
				"down": {"uv": [3, 12, 3.5, 13.5], "texture": "#0"}
			}
		},
		{
			"from": [7.49224, 3.85832, 7.13133],
			"to": [8.48824, 4.87432, 11.12733],
			"rotation": {"angle": -22.5, "axis": "x", "origin": [8.01105, 4.96943, 12.42752]},
			"faces": {
				"north": {"uv": [1.5, 11.5, 1, 13.5], "rotation": 90, "texture": "#0"},
				"east": {"uv": [1.5, 11.5, 1, 13.5], "rotation": 90, "texture": "#0"},
				"south": {"uv": [1.5, 11.5, 1, 13.5], "rotation": 90, "texture": "#0"},
				"west": {"uv": [1.5, 11.5, 1, 13.5], "rotation": 90, "texture": "#0"},
				"up": {"uv": [1, 13.5, 1.5, 11.5], "rotation": 180, "texture": "#0"},
				"down": {"uv": [1, 13.5, 1.5, 11.5], "texture": "#0"}
			}
		},
		{
			"from": [7.49136, 3.86011, 4.77742],
			"to": [8.48936, 4.87811, 8.77542],
			"rotation": {"angle": 22.5, "axis": "x", "origin": [7.99053, 4.94207, 3.47727]},
			"faces": {
				"north": {"uv": [3, 11.5, 3.5, 13.5], "rotation": 270, "texture": "#0"},
				"east": {"uv": [3, 11.5, 3.5, 13.5], "rotation": 270, "texture": "#0"},
				"south": {"uv": [3, 11.5, 3.5, 13.5], "rotation": 270, "texture": "#0"},
				"west": {"uv": [3, 11.5, 3.5, 13.5], "rotation": 270, "texture": "#0"},
				"up": {"uv": [3.5, 13.5, 3, 11.5], "rotation": 180, "texture": "#0"},
				"down": {"uv": [3.5, 13.5, 3, 11.5], "rotation": 180, "texture": "#0"}
			}
		},
		{
			"from": [7.49036, -1.1265, 3.37489],
			"to": [8.49036, 2.8735, 4.39489],
			"rotation": {"angle": 22.5, "axis": "x", "origin": [7.98988, -0.39005, 4.57297]},
			"faces": {
				"north": {"uv": [3, 12, 3.5, 13.5], "texture": "#0"},
				"east": {"uv": [3, 12, 3.5, 13.5], "texture": "#0"},
				"south": {"uv": [3, 12, 3.5, 13.5], "texture": "#0"},
				"west": {"uv": [3, 12, 3.5, 13.5], "texture": "#0"},
				"up": {"uv": [3, 12, 3.5, 13.5], "texture": "#0"},
				"down": {"uv": [3, 12, 3.5, 13.5], "texture": "#0"}
			}
		},
		{
			"from": [7.58647, -1.9167, 11.84426],
			"to": [8.38647, -0.6167, 12.66426],
			"rotation": {"angle": 0, "axis": "x", "origin": [8.0171, -2.09104, 12.00675]},
			"faces": {
				"north": {"uv": [4, 12.5, 4.5, 13], "rotation": 180, "texture": "#0"},
				"east": {"uv": [4, 12.5, 4.5, 13], "rotation": 180, "texture": "#0"},
				"south": {"uv": [4, 12.5, 4.5, 13], "rotation": 180, "texture": "#0"},
				"west": {"uv": [4, 12.5, 4.5, 13], "rotation": 180, "texture": "#0"},
				"up": {"uv": [4, 12.5, 4.5, 13], "rotation": 180, "texture": "#0"},
				"down": {"uv": [4, 12.5, 4.5, 13], "rotation": 180, "texture": "#0"}
			}
		},
		{
			"from": [7.58735, 3.77372, 11.37131],
			"to": [8.38535, 5.07172, 12.18931],
			"rotation": {"angle": 45, "axis": "x", "origin": [8.01105, 4.46943, 11.42752]},
			"faces": {
				"north": {"uv": [4, 13, 4.5, 12.5], "rotation": 180, "texture": "#0"},
				"east": {"uv": [4, 13, 4.5, 12.5], "rotation": 180, "texture": "#0"},
				"south": {"uv": [4, 13, 4.5, 12.5], "rotation": 180, "texture": "#0"},
				"west": {"uv": [4, 13, 4.5, 12.5], "rotation": 180, "texture": "#0"},
				"up": {"uv": [4, 13, 4.5, 12.5], "rotation": 180, "texture": "#0"},
				"down": {"uv": [4, 13, 4.5, 12.5], "rotation": 180, "texture": "#0"}
			}
		},
		{
			"from": [7.58747, 3.75701, 3.7437],
			"to": [8.38547, 5.05501, 4.5617],
			"rotation": {"angle": -45, "axis": "x", "origin": [7.99053, 4.44207, 4.47727]},
			"faces": {
				"north": {"uv": [4.5, 13, 4, 12.5], "rotation": 180, "texture": "#0"},
				"east": {"uv": [4.5, 13, 4, 12.5], "rotation": 180, "texture": "#0"},
				"south": {"uv": [4.5, 13, 4, 12.5], "rotation": 180, "texture": "#0"},
				"west": {"uv": [4.5, 13, 4, 12.5], "rotation": 180, "texture": "#0"},
				"up": {"uv": [4, 12.5, 4.5, 13], "rotation": 180, "texture": "#0"},
				"down": {"uv": [4, 12.5, 4.5, 13], "rotation": 180, "texture": "#0"}
			}
		},
		{
			"from": [7.58647, -1.9167, 3.33574],
			"to": [8.38647, -0.6167, 4.15574],
			"rotation": {"angle": 0, "axis": "x", "origin": [7.98988, -0.39005, 4.57297]},
			"faces": {
				"north": {"uv": [4, 12.5, 4.5, 13], "rotation": 180, "texture": "#0"},
				"east": {"uv": [4, 12.5, 4.5, 13], "rotation": 180, "texture": "#0"},
				"south": {"uv": [4, 12.5, 4.5, 13], "rotation": 180, "texture": "#0"},
				"west": {"uv": [4, 12.5, 4.5, 13], "rotation": 180, "texture": "#0"},
				"up": {"uv": [4, 12.5, 4.5, 13], "rotation": 180, "texture": "#0"},
				"down": {"uv": [4, 12.5, 4.5, 13], "rotation": 180, "texture": "#0"}
			}
		},
		{
			"from": [7.58647, -10.86212, 7.77703],
			"to": [8.38647, -10.04212, 9.07703],
			"rotation": {"angle": 45, "axis": "x", "origin": [8.01606, -10.69802, 9.25835]},
			"faces": {
				"north": {"uv": [0.5, 11, 0.41, 11.65], "rotation": 270, "texture": "#0"},
				"east": {"uv": [0.5, 11, 0.41, 11.65], "rotation": 270, "texture": "#0"},
				"south": {"uv": [0.5, 11, 0.41, 11.65], "rotation": 270, "texture": "#0"},
				"west": {"uv": [0.5, 11, 0.41, 11.65], "rotation": 270, "texture": "#0"},
				"up": {"uv": [0.5, 11, 0.41, 11.65], "rotation": 270, "texture": "#0"},
				"down": {"uv": [0.5, 11, 0.41, 11.65], "rotation": 270, "texture": "#0"}
			}
		},
		{
			"from": [7.58647, -10.86212, 6.92297],
			"to": [8.38647, -10.04212, 8.22297],
			"rotation": {"angle": -45, "axis": "x", "origin": [8.01606, -10.69802, 6.74165]},
			"faces": {
				"north": {"uv": [0.5, 11, 0.41, 11.65], "rotation": 270, "texture": "#0"},
				"east": {"uv": [0.5, 11, 0.41, 11.65], "rotation": 270, "texture": "#0"},
				"south": {"uv": [0.5, 11, 0.41, 11.65], "rotation": 270, "texture": "#0"},
				"west": {"uv": [0.5, 11, 0.41, 11.65], "rotation": 270, "texture": "#0"},
				"up": {"uv": [0.5, 11, 0.41, 11.65], "rotation": 270, "texture": "#0"},
				"down": {"uv": [0.5, 11, 0.41, 11.65], "rotation": 270, "texture": "#0"}
			}
		},
		{
			"from": [7.69117, -2.67999, 11.82457],
			"to": [8.29117, -1.57999, 12.44457],
			"rotation": {"angle": 22.5, "axis": "x", "origin": [8.0171, -2.09104, 12.00675]},
			"faces": {
				"north": {"uv": [4, 12.5, 4.5, 13], "rotation": 180, "texture": "#0"},
				"east": {"uv": [4, 12.5, 4.5, 13], "rotation": 180, "texture": "#0"},
				"south": {"uv": [4, 12.5, 4.5, 13], "rotation": 180, "texture": "#0"},
				"west": {"uv": [4, 12.5, 4.5, 13], "rotation": 180, "texture": "#0"},
				"up": {"uv": [4, 12.5, 4.5, 13], "rotation": 180, "texture": "#0"},
				"down": {"uv": [4, 12.5, 4.5, 13], "rotation": 180, "texture": "#0"}
			}
		},
		{
			"from": [7.69205, 4.63753, 11.64119],
			"to": [8.29005, 5.73553, 12.25919],
			"rotation": {"angle": 22.5, "axis": "x", "origin": [8.01105, 4.46943, 11.42752]},
			"faces": {
				"north": {"uv": [4, 13, 4.5, 12.5], "rotation": 180, "texture": "#0"},
				"east": {"uv": [4, 13, 4.5, 12.5], "rotation": 180, "texture": "#0"},
				"south": {"uv": [4, 13, 4.5, 12.5], "rotation": 180, "texture": "#0"},
				"west": {"uv": [4, 13, 4.5, 12.5], "rotation": 180, "texture": "#0"},
				"up": {"uv": [4, 13, 4.5, 12.5], "rotation": 180, "texture": "#0"},
				"down": {"uv": [4, 13, 4.5, 12.5], "rotation": 180, "texture": "#0"}
			}
		},
		{
			"from": [7.69217, 4.6308, 3.6676],
			"to": [8.29017, 5.7288, 4.2856],
			"rotation": {"angle": -22.5, "axis": "x", "origin": [7.99053, 4.44207, 4.47727]},
			"faces": {
				"north": {"uv": [4.5, 13, 4, 12.5], "rotation": 180, "texture": "#0"},
				"east": {"uv": [4.5, 13, 4, 12.5], "rotation": 180, "texture": "#0"},
				"south": {"uv": [4.5, 13, 4, 12.5], "rotation": 180, "texture": "#0"},
				"west": {"uv": [4.5, 13, 4, 12.5], "rotation": 180, "texture": "#0"},
				"up": {"uv": [4, 12.5, 4.5, 13], "rotation": 180, "texture": "#0"},
				"down": {"uv": [4, 12.5, 4.5, 13], "rotation": 180, "texture": "#0"}
			}
		},
		{
			"from": [7.69117, -2.32866, 2.94862],
			"to": [8.29117, -1.22866, 3.56862],
			"rotation": {"angle": -22.5, "axis": "x", "origin": [7.98988, -0.39005, 4.57297]},
			"faces": {
				"north": {"uv": [4, 12.5, 4.5, 13], "rotation": 180, "texture": "#0"},
				"east": {"uv": [4, 12.5, 4.5, 13], "rotation": 180, "texture": "#0"},
				"south": {"uv": [4, 12.5, 4.5, 13], "rotation": 180, "texture": "#0"},
				"west": {"uv": [4, 12.5, 4.5, 13], "rotation": 180, "texture": "#0"},
				"up": {"uv": [4, 12.5, 4.5, 13], "rotation": 180, "texture": "#0"},
				"down": {"uv": [4, 12.5, 4.5, 13], "rotation": 180, "texture": "#0"}
			}
		},
		{
			"from": [7.69117, -11.28114, 9.07202],
			"to": [8.29117, -10.18114, 9.69202],
			"rotation": {"angle": -22.5, "axis": "x", "origin": [8.01606, -10.69802, 9.25835]},
			"faces": {
				"north": {"uv": [0.5, 11, 0.31, 11.55], "rotation": 180, "texture": "#0"},
				"east": {"uv": [0.5, 11, 0.31, 11.55], "rotation": 180, "texture": "#0"},
				"south": {"uv": [0.5, 11, 0.31, 11.55], "rotation": 180, "texture": "#0"},
				"west": {"uv": [0.5, 11, 0.31, 11.55], "rotation": 180, "texture": "#0"},
				"up": {"uv": [0.5, 11, 0.31, 11.55], "rotation": 180, "texture": "#0"},
				"down": {"uv": [0.5, 11, 0.31, 11.55], "rotation": 180, "texture": "#0"}
			}
		},
		{
			"from": [7.69117, -11.28114, 6.30798],
			"to": [8.29117, -10.18114, 6.92798],
			"rotation": {"angle": 22.5, "axis": "x", "origin": [8.01606, -10.69802, 6.74165]},
			"faces": {
				"north": {"uv": [0.5, 11, 0.31, 11.55], "rotation": 180, "texture": "#0"},
				"east": {"uv": [0.5, 11, 0.31, 11.55], "rotation": 180, "texture": "#0"},
				"south": {"uv": [0.5, 11, 0.31, 11.55], "rotation": 180, "texture": "#0"},
				"west": {"uv": [0.5, 11, 0.31, 11.55], "rotation": 180, "texture": "#0"},
				"up": {"uv": [0.5, 11, 0.31, 11.55], "rotation": 180, "texture": "#0"},
				"down": {"uv": [0.5, 11, 0.31, 11.55], "rotation": 180, "texture": "#0"}
			}
		},
		{
			"from": [7.79139, -3.2673, 12.11609],
			"to": [8.19139, -2.3673, 12.53609],
			"rotation": {"angle": 45, "axis": "x", "origin": [8.0171, -2.09104, 12.00675]},
			"faces": {
				"north": {"uv": [4, 12.5, 4.5, 13], "rotation": 180, "texture": "#0"},
				"east": {"uv": [4, 12.5, 4.5, 13], "rotation": 180, "texture": "#0"},
				"south": {"uv": [4, 12.5, 4.5, 13], "rotation": 180, "texture": "#0"},
				"west": {"uv": [4, 12.5, 4.5, 13], "rotation": 180, "texture": "#0"},
				"up": {"uv": [4, 12.5, 4.5, 13], "rotation": 180, "texture": "#0"},
				"down": {"uv": [4, 12.5, 4.5, 13], "rotation": 180, "texture": "#0"}
			}
		},
		{
			"from": [7.79227, 5.22211, 12.16217],
			"to": [8.19027, 6.12011, 12.58017],
			"rotation": {"angle": 0, "axis": "x", "origin": [8.01105, 4.46943, 11.42752]},
			"faces": {
				"north": {"uv": [4, 13, 4.5, 12.5], "rotation": 180, "texture": "#0"},
				"east": {"uv": [4, 13, 4.5, 12.5], "rotation": 180, "texture": "#0"},
				"south": {"uv": [4, 13, 4.5, 12.5], "rotation": 180, "texture": "#0"},
				"west": {"uv": [4, 13, 4.5, 12.5], "rotation": 180, "texture": "#0"},
				"up": {"uv": [4, 13, 4.5, 12.5], "rotation": 180, "texture": "#0"},
				"down": {"uv": [4, 13, 4.5, 12.5], "rotation": 180, "texture": "#0"}
			}
		},
		{
			"from": [7.79239, 5.22224, 3.33705],
			"to": [8.19039, 6.12024, 3.75505],
			"rotation": {"angle": 0, "axis": "x", "origin": [7.99053, 4.44207, 4.47727]},
			"faces": {
				"north": {"uv": [4.5, 13, 4, 12.5], "rotation": 180, "texture": "#0"},
				"east": {"uv": [4.5, 13, 4, 12.5], "rotation": 180, "texture": "#0"},
				"south": {"uv": [4.5, 13, 4, 12.5], "rotation": 180, "texture": "#0"},
				"west": {"uv": [4.5, 13, 4, 12.5], "rotation": 180, "texture": "#0"},
				"up": {"uv": [4, 12.5, 4.5, 13], "rotation": 180, "texture": "#0"},
				"down": {"uv": [4, 12.5, 4.5, 13], "rotation": 180, "texture": "#0"}
			}
		},
		{
			"from": [7.79139, -2.35917, 2.43093],
			"to": [8.19139, -1.45917, 2.85093],
			"rotation": {"angle": -45, "axis": "x", "origin": [7.98988, -0.39005, 4.57297]},
			"faces": {
				"north": {"uv": [4, 12.5, 4.5, 13], "rotation": 180, "texture": "#0"},
				"east": {"uv": [4, 12.5, 4.5, 13], "rotation": 180, "texture": "#0"},
				"south": {"uv": [4, 12.5, 4.5, 13], "rotation": 180, "texture": "#0"},
				"west": {"uv": [4, 12.5, 4.5, 13], "rotation": 180, "texture": "#0"},
				"up": {"uv": [4, 12.5, 4.5, 13], "rotation": 180, "texture": "#0"},
				"down": {"uv": [4, 12.5, 4.5, 13], "rotation": 180, "texture": "#0"}
			}
		},
		{
			"from": [7.79139, -11.87047, 9.36162],
			"to": [8.19139, -10.97047, 9.78162],
			"rotation": {"angle": 0, "axis": "x", "origin": [8.01606, -10.69802, 9.25835]},
			"faces": {
				"north": {"uv": [0.5, 11, 0.21, 11.45], "rotation": 180, "texture": "#0"},
				"east": {"uv": [0.5, 11, 0.21, 11.45], "rotation": 180, "texture": "#0"},
				"south": {"uv": [0.5, 11, 0.21, 11.45], "rotation": 180, "texture": "#0"},
				"west": {"uv": [0.5, 11, 0.21, 11.45], "rotation": 180, "texture": "#0"},
				"up": {"uv": [0.5, 11, 0.21, 11.45], "rotation": 180, "texture": "#0"},
				"down": {"uv": [0.5, 11, 0.21, 11.45], "rotation": 180, "texture": "#0"}
			}
		},
		{
			"from": [7.79139, -11.87047, 6.21838],
			"to": [8.19139, -10.97047, 6.63838],
			"rotation": {"angle": 0, "axis": "x", "origin": [8.01606, -10.69802, 6.74165]},
			"faces": {
				"north": {"uv": [0.5, 11, 0.21, 11.45], "rotation": 180, "texture": "#0"},
				"east": {"uv": [0.5, 11, 0.21, 11.45], "rotation": 180, "texture": "#0"},
				"south": {"uv": [0.5, 11, 0.21, 11.45], "rotation": 180, "texture": "#0"},
				"west": {"uv": [0.5, 11, 0.21, 11.45], "rotation": 180, "texture": "#0"},
				"up": {"uv": [0.5, 11, 0.21, 11.45], "rotation": 180, "texture": "#0"},
				"down": {"uv": [0.5, 11, 0.21, 11.45], "rotation": 180, "texture": "#0"}
			}
		},
		{
			"from": [7.2606, 1.17062, 6.99],
			"to": [9.2806, 2.19062, 9.01],
			"rotation": {"angle": -22.5, "axis": "z", "origin": [8, -0.88687, 8]},
			"faces": {
				"north": {"uv": [14.5, 3.5, 16, 5], "rotation": 180, "texture": "#0"},
				"east": {"uv": [14.5, 3.5, 16, 5], "rotation": 180, "texture": "#0"},
				"south": {"uv": [14.5, 3.5, 16, 5], "rotation": 180, "texture": "#0"},
				"west": {"uv": [14.5, 3.5, 16, 5], "rotation": 180, "texture": "#0"},
				"up": {"uv": [14.5, 3.5, 16, 5], "rotation": 180, "texture": "#0"},
				"down": {"uv": [14.5, 3.5, 16, 5], "rotation": 180, "texture": "#0"}
			}
		},
		{
			"from": [6.99, 0.64497, 6.63484],
			"to": [9.01, 1.66497, 9.13484],
			"rotation": {"angle": -22.5, "axis": "x", "origin": [8, -0.88687, 6.6264]},
			"faces": {
				"north": {"uv": [14.5, 3.5, 16, 5], "rotation": 180, "texture": "#0"},
				"east": {"uv": [14.5, 3.5, 16, 5], "rotation": 180, "texture": "#0"},
				"south": {"uv": [14.5, 3.5, 16, 5], "rotation": 180, "texture": "#0"},
				"west": {"uv": [14.5, 3.5, 16, 5], "rotation": 180, "texture": "#0"},
				"up": {"uv": [14.5, 3.5, 16, 5], "rotation": 180, "texture": "#0"},
				"down": {"uv": [14.5, 3.5, 16, 5], "rotation": 180, "texture": "#0"}
			}
		},
		{
			"from": [6, -3, 6],
			"to": [10, 1, 10],
			"rotation": {"angle": 0, "axis": "y", "origin": [7, -2.5, 9]},
			"faces": {
				"north": {"uv": [14.5, 3.5, 16, 5], "texture": "#0"},
				"east": {"uv": [14.5, 3.5, 16, 5], "texture": "#0"},
				"south": {"uv": [14.5, 3.5, 16, 5], "texture": "#0"},
				"west": {"uv": [14.5, 3.5, 16, 5], "texture": "#0"},
				"up": {"uv": [14.5, 3.5, 16, 5], "texture": "#0"},
				"down": {"uv": [14.5, 3.5, 16, 5], "texture": "#0"}
			}
		},
		{
			"from": [7, -1.09062, 4.82795],
			"to": [9, 0.90938, 5.82795],
			"rotation": {"angle": 22.5, "axis": "x", "origin": [8, -0.88687, 6.6264]},
			"faces": {
				"north": {"uv": [14.5, 3.5, 16, 5], "rotation": 90, "texture": "#0"},
				"east": {"uv": [14.5, 3.5, 16, 5], "rotation": 90, "texture": "#0"},
				"south": {"uv": [14.5, 3.5, 16, 5], "rotation": 90, "texture": "#0"},
				"west": {"uv": [14.5, 3.5, 16, 5], "rotation": 90, "texture": "#0"},
				"up": {"uv": [14.5, 3.5, 16, 5], "rotation": 90, "texture": "#0"},
				"down": {"uv": [14.5, 3.5, 16, 5], "rotation": 90, "texture": "#0"}
			}
		},
		{
			"from": [7.2706, -1.88687, 4.9325],
			"to": [9.2706, 0.11313, 5.9325],
			"rotation": {"angle": -22.5, "axis": "y", "origin": [8, -0.88687, 8]},
			"faces": {
				"north": {"uv": [14.5, 3.5, 16, 5], "rotation": 90, "texture": "#0"},
				"east": {"uv": [14.5, 3.5, 16, 5], "rotation": 90, "texture": "#0"},
				"south": {"uv": [14.5, 3.5, 16, 5], "rotation": 90, "texture": "#0"},
				"west": {"uv": [14.5, 3.5, 16, 5], "rotation": 90, "texture": "#0"},
				"up": {"uv": [14.5, 3.5, 16, 5], "rotation": 90, "texture": "#0"},
				"down": {"uv": [14.5, 3.5, 16, 5], "rotation": 90, "texture": "#0"}
			}
		},
		{
			"from": [10.0675, -1.88687, 6.7294],
			"to": [11.0675, 0.11313, 7.7294],
			"rotation": {"angle": 22.5, "axis": "y", "origin": [8, -0.88687, 8]},
			"faces": {
				"north": {"uv": [14.5, 3.5, 16, 5], "rotation": 90, "texture": "#0"},
				"east": {"uv": [14.5, 3.5, 16, 5], "rotation": 90, "texture": "#0"},
				"south": {"uv": [14.5, 3.5, 16, 5], "rotation": 90, "texture": "#0"},
				"west": {"uv": [14.5, 3.5, 16, 5], "rotation": 90, "texture": "#0"},
				"up": {"uv": [14.5, 3.5, 16, 5], "rotation": 90, "texture": "#0"},
				"down": {"uv": [14.5, 3.5, 16, 5], "rotation": 90, "texture": "#0"}
			}
		},
		{
			"from": [6.99, -1.39687, 4.87687],
			"to": [9.01, -0.37687, 5.89687],
			"rotation": {"angle": 0, "axis": "x", "origin": [8, -0.88687, 6.6264]},
			"faces": {
				"north": {"uv": [14.5, 3.5, 16, 5], "rotation": 90, "texture": "#0"},
				"east": {"uv": [14.5, 3.5, 16, 5], "rotation": 90, "texture": "#0"},
				"south": {"uv": [14.5, 3.5, 16, 5], "rotation": 90, "texture": "#0"},
				"west": {"uv": [14.5, 3.5, 16, 5], "rotation": 90, "texture": "#0"},
				"up": {"uv": [14.5, 3.5, 16, 5], "rotation": 90, "texture": "#0"},
				"down": {"uv": [14.5, 3.5, 16, 5], "rotation": 90, "texture": "#0"}
			}
		},
		{
			"from": [6.7294, -1.88687, 4.9325],
			"to": [8.7294, 0.11313, 5.9325],
			"rotation": {"angle": 22.5, "axis": "y", "origin": [8, -0.88687, 8]},
			"faces": {
				"north": {"uv": [14.5, 3.5, 16, 5], "rotation": 90, "texture": "#0"},
				"east": {"uv": [14.5, 3.5, 16, 5], "rotation": 90, "texture": "#0"},
				"south": {"uv": [14.5, 3.5, 16, 5], "rotation": 90, "texture": "#0"},
				"west": {"uv": [14.5, 3.5, 16, 5], "rotation": 90, "texture": "#0"},
				"up": {"uv": [14.5, 3.5, 16, 5], "rotation": 90, "texture": "#0"},
				"down": {"uv": [14.5, 3.5, 16, 5], "rotation": 90, "texture": "#0"}
			}
		},
		{
			"from": [7.5, -1.88687, 4.88687],
			"to": [8.5, 0.11313, 5.88687],
			"rotation": {"angle": 0, "axis": "x", "origin": [8, -0.88687, 8]},
			"faces": {
				"north": {"uv": [14.5, 3.5, 16, 5], "rotation": 90, "texture": "#0"},
				"east": {"uv": [14.5, 3.5, 16, 5], "rotation": 90, "texture": "#0"},
				"south": {"uv": [14.5, 3.5, 16, 5], "rotation": 90, "texture": "#0"},
				"west": {"uv": [14.5, 3.5, 16, 5], "rotation": 90, "texture": "#0"},
				"up": {"uv": [14.5, 3.5, 16, 5], "rotation": 90, "texture": "#0"},
				"down": {"uv": [14.5, 3.5, 16, 5], "rotation": 90, "texture": "#0"}
			}
		},
		{
			"from": [7, -2.68313, 4.82795],
			"to": [9, -0.68313, 5.82795],
			"rotation": {"angle": -22.5, "axis": "x", "origin": [8, -0.88687, 6.6264]},
			"faces": {
				"north": {"uv": [14.5, 3.5, 16, 5], "rotation": 90, "texture": "#0"},
				"east": {"uv": [14.5, 3.5, 16, 5], "rotation": 90, "texture": "#0"},
				"south": {"uv": [14.5, 3.5, 16, 5], "rotation": 90, "texture": "#0"},
				"west": {"uv": [14.5, 3.5, 16, 5], "rotation": 90, "texture": "#0"},
				"up": {"uv": [14.5, 3.5, 16, 5], "rotation": 90, "texture": "#0"},
				"down": {"uv": [14.5, 3.5, 16, 5], "rotation": 90, "texture": "#0"}
			}
		},
		{
			"from": [6.99, -3.43871, 6.61484],
			"to": [9.01, -2.41871, 8.63484],
			"rotation": {"angle": 22.5, "axis": "x", "origin": [8, -0.88687, 6.6264]},
			"faces": {
				"north": {"uv": [14.5, 3.5, 16, 5], "texture": "#0"},
				"east": {"uv": [14.5, 3.5, 16, 5], "texture": "#0"},
				"south": {"uv": [14.5, 3.5, 16, 5], "texture": "#0"},
				"west": {"uv": [14.5, 3.5, 16, 5], "texture": "#0"},
				"up": {"uv": [14.5, 3.5, 16, 5], "texture": "#0"},
				"down": {"uv": [14.5, 3.5, 16, 5], "texture": "#0"}
			}
		},
		{
			"from": [6.7194, -3.96437, 6.99],
			"to": [8.7394, -2.94437, 9.01],
			"rotation": {"angle": -22.5, "axis": "z", "origin": [8, -0.88687, 8]},
			"faces": {
				"north": {"uv": [14.5, 3.5, 16, 5], "texture": "#0"},
				"east": {"uv": [14.5, 3.5, 16, 5], "texture": "#0"},
				"south": {"uv": [14.5, 3.5, 16, 5], "texture": "#0"},
				"west": {"uv": [14.5, 3.5, 16, 5], "texture": "#0"},
				"up": {"uv": [14.5, 3.5, 16, 5], "texture": "#0"},
				"down": {"uv": [14.5, 3.5, 16, 5], "texture": "#0"}
			}
		},
		{
			"from": [4.9325, -2.15747, 7],
			"to": [5.9325, -1.15747, 9],
			"rotation": {"angle": 22.5, "axis": "z", "origin": [8, -0.88687, 8]},
			"faces": {
				"north": {"uv": [14.5, 3.5, 16, 5], "rotation": 180, "texture": "#0"},
				"east": {"uv": [14.5, 3.5, 16, 5], "rotation": 180, "texture": "#0"},
				"south": {"uv": [14.5, 3.5, 16, 5], "rotation": 180, "texture": "#0"},
				"west": {"uv": [14.5, 3.5, 16, 5], "rotation": 180, "texture": "#0"},
				"up": {"uv": [14.5, 3.5, 16, 5], "rotation": 180, "texture": "#0"},
				"down": {"uv": [14.5, 3.5, 16, 5], "rotation": 180, "texture": "#0"}
			}
		},
		{
			"from": [4.9325, -1.88687, 8.2706],
			"to": [5.9325, 0.11313, 9.2706],
			"rotation": {"angle": 22.5, "axis": "y", "origin": [8, -0.88687, 8]},
			"faces": {
				"north": {"uv": [14.5, 3.5, 16, 5], "rotation": 90, "texture": "#0"},
				"east": {"uv": [14.5, 3.5, 16, 5], "rotation": 90, "texture": "#0"},
				"south": {"uv": [14.5, 3.5, 16, 5], "rotation": 90, "texture": "#0"},
				"west": {"uv": [14.5, 3.5, 16, 5], "rotation": 90, "texture": "#0"},
				"up": {"uv": [14.5, 3.5, 16, 5], "rotation": 90, "texture": "#0"},
				"down": {"uv": [14.5, 3.5, 16, 5], "rotation": 90, "texture": "#0"}
			}
		},
		{
			"from": [6.7294, -1.88687, 10.0675],
			"to": [8.7294, 0.11313, 11.0675],
			"rotation": {"angle": -22.5, "axis": "y", "origin": [8, -0.88687, 8]},
			"faces": {
				"north": {"uv": [14.5, 3.5, 16, 5], "rotation": 270, "texture": "#0"},
				"east": {"uv": [14.5, 3.5, 16, 5], "rotation": 270, "texture": "#0"},
				"south": {"uv": [14.5, 3.5, 16, 5], "rotation": 270, "texture": "#0"},
				"west": {"uv": [14.5, 3.5, 16, 5], "rotation": 270, "texture": "#0"},
				"up": {"uv": [14.5, 3.5, 16, 5], "rotation": 270, "texture": "#0"},
				"down": {"uv": [14.5, 3.5, 16, 5], "rotation": 270, "texture": "#0"}
			}
		},
		{
			"from": [6.7194, 1.17062, 6.99],
			"to": [8.7394, 2.19062, 9.01],
			"rotation": {"angle": 22.5, "axis": "z", "origin": [8, -0.88687, 8]},
			"faces": {
				"north": {"uv": [14.5, 3.5, 16, 5], "rotation": 180, "texture": "#0"},
				"east": {"uv": [14.5, 3.5, 16, 5], "rotation": 180, "texture": "#0"},
				"south": {"uv": [14.5, 3.5, 16, 5], "rotation": 180, "texture": "#0"},
				"west": {"uv": [14.5, 3.5, 16, 5], "rotation": 180, "texture": "#0"},
				"up": {"uv": [14.5, 3.5, 16, 5], "rotation": 180, "texture": "#0"},
				"down": {"uv": [14.5, 3.5, 16, 5], "rotation": 180, "texture": "#0"}
			}
		},
		{
			"from": [4.9325, -0.61628, 7],
			"to": [5.9325, 0.38372, 9],
			"rotation": {"angle": -22.5, "axis": "z", "origin": [8, -0.88687, 8]},
			"faces": {
				"north": {"uv": [14.5, 3.5, 16, 5], "rotation": 180, "texture": "#0"},
				"east": {"uv": [14.5, 3.5, 16, 5], "rotation": 180, "texture": "#0"},
				"south": {"uv": [14.5, 3.5, 16, 5], "rotation": 180, "texture": "#0"},
				"west": {"uv": [14.5, 3.5, 16, 5], "rotation": 180, "texture": "#0"},
				"up": {"uv": [14.5, 3.5, 16, 5], "rotation": 180, "texture": "#0"},
				"down": {"uv": [14.5, 3.5, 16, 5], "rotation": 180, "texture": "#0"}
			}
		},
		{
			"from": [6.99, 0.70203, 7.4819],
			"to": [9.01, 1.72203, 9.9819],
			"rotation": {"angle": 22.5, "axis": "x", "origin": [8, 0.64167, 9.52854]},
			"faces": {
				"north": {"uv": [14.5, 3.5, 16, 5], "rotation": 180, "texture": "#0"},
				"east": {"uv": [14.5, 3.5, 16, 5], "rotation": 180, "texture": "#0"},
				"south": {"uv": [14.5, 3.5, 16, 5], "rotation": 180, "texture": "#0"},
				"west": {"uv": [14.5, 3.5, 16, 5], "rotation": 180, "texture": "#0"},
				"up": {"uv": [14.5, 3.5, 16, 5], "rotation": 180, "texture": "#0"},
				"down": {"uv": [14.5, 3.5, 16, 5], "rotation": 180, "texture": "#0"}
			}
		},
		{
			"from": [7, -0.91498, 9.5989],
			"to": [9, 1.08502, 10.5989],
			"rotation": {"angle": -22.5, "axis": "x", "origin": [8, 0.64167, 9.52854]},
			"faces": {
				"north": {"uv": [14.5, 3.5, 16, 5], "rotation": 270, "texture": "#0"},
				"east": {"uv": [14.5, 3.5, 16, 5], "rotation": 270, "texture": "#0"},
				"south": {"uv": [14.5, 3.5, 16, 5], "rotation": 270, "texture": "#0"},
				"west": {"uv": [14.5, 3.5, 16, 5], "rotation": 270, "texture": "#0"},
				"up": {"uv": [14.5, 3.5, 16, 5], "rotation": 270, "texture": "#0"},
				"down": {"uv": [14.5, 3.5, 16, 5], "rotation": 270, "texture": "#0"}
			}
		},
		{
			"from": [7.2706, -1.88687, 10.0675],
			"to": [9.2706, 0.11313, 11.0675],
			"rotation": {"angle": 22.5, "axis": "y", "origin": [8, -0.88687, 8]},
			"faces": {
				"north": {"uv": [14.5, 3.5, 16, 5], "rotation": 270, "texture": "#0"},
				"east": {"uv": [14.5, 3.5, 16, 5], "rotation": 270, "texture": "#0"},
				"south": {"uv": [14.5, 3.5, 16, 5], "rotation": 270, "texture": "#0"},
				"west": {"uv": [14.5, 3.5, 16, 5], "rotation": 270, "texture": "#0"},
				"up": {"uv": [14.5, 3.5, 16, 5], "rotation": 270, "texture": "#0"},
				"down": {"uv": [14.5, 3.5, 16, 5], "rotation": 270, "texture": "#0"}
			}
		},
		{
			"from": [6.99, -1.39687, 10.10313],
			"to": [9.01, -0.37687, 11.12313],
			"rotation": {"angle": 0, "axis": "x", "origin": [8, -1.25314, 10.44081]},
			"faces": {
				"north": {"uv": [14.5, 3.5, 16, 5], "rotation": 270, "texture": "#0"},
				"east": {"uv": [14.5, 3.5, 16, 5], "rotation": 270, "texture": "#0"},
				"south": {"uv": [14.5, 3.5, 16, 5], "rotation": 270, "texture": "#0"},
				"west": {"uv": [14.5, 3.5, 16, 5], "rotation": 270, "texture": "#0"},
				"up": {"uv": [14.5, 3.5, 16, 5], "rotation": 270, "texture": "#0"},
				"down": {"uv": [14.5, 3.5, 16, 5], "rotation": 270, "texture": "#0"}
			}
		},
		{
			"from": [7.5, -1.88687, 10.11313],
			"to": [8.5, 0.11313, 11.11313],
			"rotation": {"angle": 0, "axis": "y", "origin": [8, -0.88687, 8]},
			"faces": {
				"north": {"uv": [14.5, 3.5, 16, 5], "rotation": 270, "texture": "#0"},
				"east": {"uv": [14.5, 3.5, 16, 5], "rotation": 270, "texture": "#0"},
				"south": {"uv": [14.5, 3.5, 16, 5], "rotation": 270, "texture": "#0"},
				"west": {"uv": [14.5, 3.5, 16, 5], "rotation": 270, "texture": "#0"},
				"up": {"uv": [14.5, 3.5, 16, 5], "rotation": 270, "texture": "#0"},
				"down": {"uv": [14.5, 3.5, 16, 5], "rotation": 270, "texture": "#0"}
			}
		},
		{
			"from": [7, -3.11941, 10.11313],
			"to": [9, -1.11941, 11.11313],
			"rotation": {"angle": 22.5, "axis": "x", "origin": [8, -1.25314, 10.44081]},
			"faces": {
				"north": {"uv": [14.5, 3.5, 16, 5], "rotation": 270, "texture": "#0"},
				"east": {"uv": [14.5, 3.5, 16, 5], "rotation": 270, "texture": "#0"},
				"south": {"uv": [14.5, 3.5, 16, 5], "rotation": 270, "texture": "#0"},
				"west": {"uv": [14.5, 3.5, 16, 5], "rotation": 270, "texture": "#0"},
				"up": {"uv": [14.5, 3.5, 16, 5], "rotation": 270, "texture": "#0"},
				"down": {"uv": [14.5, 3.5, 16, 5], "rotation": 270, "texture": "#0"}
			}
		},
		{
			"from": [10.0675, -1.88687, 8.2706],
			"to": [11.0675, 0.11313, 9.2706],
			"rotation": {"angle": -22.5, "axis": "y", "origin": [8, -0.88687, 8]},
			"faces": {
				"north": {"uv": [14.5, 3.5, 16, 5], "rotation": 90, "texture": "#0"},
				"east": {"uv": [14.5, 3.5, 16, 5], "rotation": 90, "texture": "#0"},
				"south": {"uv": [14.5, 3.5, 16, 5], "rotation": 90, "texture": "#0"},
				"west": {"uv": [14.5, 3.5, 16, 5], "rotation": 90, "texture": "#0"},
				"up": {"uv": [14.5, 3.5, 16, 5], "rotation": 90, "texture": "#0"},
				"down": {"uv": [14.5, 3.5, 16, 5], "rotation": 90, "texture": "#0"}
			}
		},
		{
			"from": [6.99, -3.66538, 8.22254],
			"to": [9.01, -2.64538, 10.24254],
			"rotation": {"angle": -22.5, "axis": "x", "origin": [8, -3.15538, 9.23254]},
			"faces": {
				"north": {"uv": [14.5, 3.5, 16, 5], "texture": "#0"},
				"east": {"uv": [14.5, 3.5, 16, 5], "texture": "#0"},
				"south": {"uv": [14.5, 3.5, 16, 5], "texture": "#0"},
				"west": {"uv": [14.5, 3.5, 16, 5], "texture": "#0"},
				"up": {"uv": [14.5, 3.5, 16, 5], "texture": "#0"},
				"down": {"uv": [14.5, 3.5, 16, 5], "texture": "#0"}
			}
		},
		{
			"from": [7.2606, -3.96437, 6.99],
			"to": [9.2806, -2.94437, 9.01],
			"rotation": {"angle": 22.5, "axis": "z", "origin": [8, -0.88687, 8]},
			"faces": {
				"north": {"uv": [14.5, 3.5, 16, 5], "texture": "#0"},
				"east": {"uv": [14.5, 3.5, 16, 5], "texture": "#0"},
				"south": {"uv": [14.5, 3.5, 16, 5], "texture": "#0"},
				"west": {"uv": [14.5, 3.5, 16, 5], "texture": "#0"},
				"up": {"uv": [14.5, 3.5, 16, 5], "texture": "#0"},
				"down": {"uv": [14.5, 3.5, 16, 5], "texture": "#0"}
			}
		},
		{
			"from": [4.9325, -1.88687, 6.7294],
			"to": [5.9325, 0.11313, 7.7294],
			"rotation": {"angle": -22.5, "axis": "y", "origin": [8, -0.88687, 8]},
			"faces": {
				"north": {"uv": [14.5, 3.5, 16, 5], "rotation": 90, "texture": "#0"},
				"east": {"uv": [14.5, 3.5, 16, 5], "rotation": 90, "texture": "#0"},
				"south": {"uv": [14.5, 3.5, 16, 5], "rotation": 90, "texture": "#0"},
				"west": {"uv": [14.5, 3.5, 16, 5], "rotation": 90, "texture": "#0"},
				"up": {"uv": [14.5, 3.5, 16, 5], "rotation": 90, "texture": "#0"},
				"down": {"uv": [14.5, 3.5, 16, 5], "rotation": 90, "texture": "#0"}
			}
		},
		{
			"from": [10.0675, -0.61628, 7],
			"to": [11.0675, 0.38372, 9],
			"rotation": {"angle": 22.5, "axis": "z", "origin": [8, -0.88687, 8]},
			"faces": {
				"north": {"uv": [14.5, 3.5, 16, 5], "rotation": 180, "texture": "#0"},
				"east": {"uv": [14.5, 3.5, 16, 5], "rotation": 180, "texture": "#0"},
				"south": {"uv": [14.5, 3.5, 16, 5], "rotation": 180, "texture": "#0"},
				"west": {"uv": [14.5, 3.5, 16, 5], "rotation": 180, "texture": "#0"},
				"up": {"uv": [14.5, 3.5, 16, 5], "rotation": 180, "texture": "#0"},
				"down": {"uv": [14.5, 3.5, 16, 5], "rotation": 180, "texture": "#0"}
			}
		},
		{
			"from": [5.25, -3, 6],
			"to": [5.26, 1, 10],
			"rotation": {"angle": 0, "axis": "y", "origin": [8, 4, 2.5]},
			"faces": {
				"north": {"uv": [0.01, 0, 0, 4], "texture": "#0"},
				"east": {"uv": [5, 0, 0, 5], "texture": "#0"},
				"south": {"uv": [0.01, 0, 0, 4], "texture": "#0"},
				"west": {"uv": [5, 0, 0, 5], "texture": "#0"},
				"up": {"uv": [0, 4, 0.01, 0], "texture": "#0"},
				"down": {"uv": [0, 4, 0.01, 0], "texture": "#0"}
			}
		},
		{
			"from": [10.75, -3, 6],
			"to": [10.76, 1, 10],
			"rotation": {"angle": 0, "axis": "y", "origin": [8, 4, 2.5]},
			"faces": {
				"north": {"uv": [0.01, 0, 0, 4], "texture": "#0"},
				"east": {"uv": [5, 0, 0, 5], "texture": "#0"},
				"south": {"uv": [0.01, 0, 0, 4], "texture": "#0"},
				"west": {"uv": [5, 0, 0, 5], "texture": "#0"},
				"up": {"uv": [0, 4, 0.01, 0], "texture": "#0"},
				"down": {"uv": [0, 4, 0.01, 0], "texture": "#0"}
			}
		}
	],		"display": {
		"thirdperson": {
			"rotation": [90, 90, -90],
			"translation": [0, 0.5, -7],
			"scale": [1, 1, 1]
		},
		"firstperson": {
			"rotation": [13, -45, 0],
			"translation": [6, 7.8, 2],
			"scale": [1.5, 1.5, 1.5]
		},
		"ground": {
			"rotation": [0, 0, 0],
			"translation": [0, 5, 0],
			"scale": [2, 2, 2]
		},
		"gui": {
			"rotation": [50, -135, -40],
			"translation": [-1, 1, 0],
			"scale": [1.2, 1, 1.2]
		},
		"head": {
			"rotation": [0, 0, 0],
			"translation": [0, 0, 0],
			"scale": [1, 1, 1]
		},
		"fixed": {
			"rotation": [0, 0, 0],
			"translation": [0, 0, 0],
			"scale": [2, 2, 2]
		}
	}
}