{
	"credit": "Made with Blockbench",
	"texture_size": [32, 32],
	"textures": {
		"0": "skins/astraea",
		"1": "skins/astraeaanim",
		"particle": "skins/astraeaanim"
	},
	"elements": [
		{
			"from": [7.25, -10.9, 7.25],
			"to": [8.75, -10.4, 8.75],
			"rotation": {"angle": 0, "axis": "y", "origin": [15, -3.15, 15]},
			"faces": {
				"north": {"uv": [10, 1.5, 12, 2.5], "rotation": 180, "texture": "#0"},
				"east": {"uv": [10, 1.5, 12, 2.5], "rotation": 180, "texture": "#0"},
				"south": {"uv": [10, 1.5, 12, 2.5], "rotation": 180, "texture": "#0"},
				"west": {"uv": [10, 1.5, 12, 2.5], "rotation": 180, "texture": "#0"},
				"up": {"uv": [10, 1.5, 12, 2.5], "rotation": 180, "texture": "#0"},
				"down": {"uv": [10, 1.5, 12, 2.5], "rotation": 180, "texture": "#0"}
			}
		},
		{
			"from": [7.25, -7.9, 7.25],
			"to": [8.75, -7.4, 8.75],
			"rotation": {"angle": 0, "axis": "y", "origin": [15, -0.15, 15]},
			"faces": {
				"north": {"uv": [10, 1.5, 12, 2.5], "rotation": 180, "texture": "#0"},
				"east": {"uv": [10, 1.5, 12, 2.5], "rotation": 180, "texture": "#0"},
				"south": {"uv": [10, 1.5, 12, 2.5], "rotation": 180, "texture": "#0"},
				"west": {"uv": [10, 1.5, 12, 2.5], "rotation": 180, "texture": "#0"},
				"up": {"uv": [10, 1.5, 12, 2.5], "rotation": 180, "texture": "#0"},
				"down": {"uv": [10, 1.5, 12, 2.5], "rotation": 180, "texture": "#0"}
			}
		},
		{
			"from": [7.5, -11.6, 7.5],
			"to": [8.5, -6.6, 8.5],
			"rotation": {"angle": 0, "axis": "y", "origin": [15.5, -3.6, 15.5]},
			"faces": {
				"north": {"uv": [1.5, 9, 4.5, 10], "rotation": 90, "texture": "#0"},
				"east": {"uv": [1.5, 9, 4.5, 10], "rotation": 90, "texture": "#0"},
				"south": {"uv": [1.5, 9, 4.5, 10], "rotation": 90, "texture": "#0"},
				"west": {"uv": [1.5, 9, 4.5, 10], "rotation": 90, "texture": "#0"},
				"up": {"uv": [1.5, 9, 4.5, 10], "rotation": 90, "texture": "#0"},
				"down": {"uv": [1.5, 9, 4.5, 10], "rotation": 90, "texture": "#0"}
			}
		},
		{
			"from": [7.3, -9.4, 7.3],
			"to": [8.7, -8.9, 8.7],
			"rotation": {"angle": 0, "axis": "y", "origin": [15, -1.7, 15]},
			"faces": {
				"north": {"uv": [6, 4.5, 6.4, 6], "rotation": 90, "texture": "#0"},
				"east": {"uv": [6, 4.5, 6.4, 6], "rotation": 90, "texture": "#0"},
				"south": {"uv": [6, 4.5, 6.4, 6], "rotation": 90, "texture": "#0"},
				"west": {"uv": [6, 4.5, 6.4, 6], "rotation": 90, "texture": "#0"},
				"up": {"uv": [6, 4.5, 6.4, 6], "rotation": 90, "texture": "#0"},
				"down": {"uv": [6, 4.5, 6.4, 6], "rotation": 90, "texture": "#0"}
			}
		},
		{
			"from": [7.3, -10.15, 7.3],
			"to": [8.7, -9.65, 8.7],
			"rotation": {"angle": 0, "axis": "y", "origin": [15, -2.45, 15]},
			"faces": {
				"north": {"uv": [6, 4.5, 6.4, 6], "rotation": 90, "texture": "#0"},
				"east": {"uv": [6, 4.5, 6.4, 6], "rotation": 90, "texture": "#0"},
				"south": {"uv": [6, 4.5, 6.4, 6], "rotation": 90, "texture": "#0"},
				"west": {"uv": [6, 4.5, 6.4, 6], "rotation": 90, "texture": "#0"},
				"up": {"uv": [6, 4.5, 6.4, 6], "rotation": 90, "texture": "#0"},
				"down": {"uv": [6, 4.5, 6.4, 6], "rotation": 90, "texture": "#0"}
			}
		},
		{
			"from": [7.22044, -12.92947, 7.495],
			"to": [9.23044, -10.91947, 8.505],
			"rotation": {"angle": 45, "axis": "z", "origin": [8.02548, -12.14996, 8.27447]},
			"faces": {
				"north": {"uv": [13, 7.5, 15, 9.5], "rotation": 270, "texture": "#0"},
				"east": {"uv": [13, 7.5, 15, 8.5], "rotation": 270, "texture": "#0"},
				"south": {"uv": [13, 7.5, 15, 9.5], "rotation": 180, "texture": "#0"},
				"west": {"uv": [14, 9, 16, 10], "rotation": 270, "texture": "#0"},
				"up": {"uv": [15, 8.5, 16, 10.5], "rotation": 90, "texture": "#0"},
				"down": {"uv": [13, 8, 14, 10], "rotation": 90, "texture": "#0"}
			}
		},
		{
			"from": [7.4, -12.7, 7.4],
			"to": [8.9, -11.2, 8.6],
			"rotation": {"angle": 45, "axis": "z", "origin": [8.00846, -12.09999, 7.99152]},
			"faces": {
				"north": {"uv": [11, 0, 12.5, 1.5], "rotation": 270, "texture": "#0"},
				"east": {"uv": [11.5, 0, 12.5, 1.5], "texture": "#0"},
				"south": {"uv": [11, 0, 12.5, 1.5], "texture": "#0"},
				"west": {"uv": [11.5, 1, 12.5, 2.5], "texture": "#0"},
				"up": {"uv": [11.5, 0, 12.5, 1.5], "rotation": 90, "texture": "#0"},
				"down": {"uv": [11.5, 1, 12.5, 2.5], "rotation": 90, "texture": "#0"}
			}
		},
		{
			"from": [7.09, 11.29, 7.69],
			"to": [9.41, 13.61, 8.31],
			"rotation": {"angle": 45, "axis": "z", "origin": [8.00846, 12.20001, 8.49152]},
			"faces": {
				"north": {"uv": [0, 14, 2, 15.99], "texture": "#1"},
				"east": {"uv": [0, 11, 2.5, 13.49], "texture": "#1"},
				"south": {"uv": [0.5, 11.5, 3, 13.99], "rotation": 90, "texture": "#1"},
				"west": {"uv": [0, 11, 2.5, 13.49], "texture": "#1"},
				"up": {"uv": [0, 11, 2.5, 13.49], "texture": "#1"},
				"down": {"uv": [0, 11, 2.5, 13.49], "texture": "#1"}
			}
		},
		{
			"from": [6.73907, 12.03331, 7.71011],
			"to": [7.76707, 14.81131, 8.28811],
			"rotation": {"angle": -22.5, "axis": "z", "origin": [7.87246, 13.16669, 8.00706]},
			"faces": {
				"north": {"uv": [0, 13, 0.5, 15.779], "texture": "#1"},
				"east": {"uv": [0, 13, 0.5, 15.779], "texture": "#1"},
				"south": {"uv": [16, 13, 15, 16], "rotation": 180, "texture": "#1"},
				"west": {"uv": [0, 13, 0.5, 15.779], "texture": "#1"},
				"up": {"uv": [0, 13, 0.5, 15.779], "texture": "#1"},
				"down": {"uv": [0, 13, 0.5, 15.779], "texture": "#1"}
			}
		},
		{
			"from": [8.09131, 12.30142, 7.70911],
			"to": [9.12131, 15.08142, 8.28911],
			"rotation": {"angle": 22.5, "axis": "z", "origin": [8.72263, 13.68645, 8.01031]},
			"faces": {
				"north": {"uv": [0, 13, 0.5, 15.779], "texture": "#1"},
				"east": {"uv": [0, 13, 0.5, 15.779], "texture": "#1"},
				"south": {"uv": [15, 13, 16, 16], "rotation": 180, "texture": "#1"},
				"west": {"uv": [0, 13, 0.5, 15.779], "texture": "#1"},
				"up": {"uv": [0, 13, 0.5, 15.779], "texture": "#1"},
				"down": {"uv": [0, 13, 0.5, 15.779], "texture": "#1"}
			}
		},
		{
			"from": [7.61935, 14.74651, 7.7202],
			"to": [8.37935, 15.50651, 8.2802],
			"rotation": {"angle": -45, "axis": "z", "origin": [7.99482, 15.11519, 8.01254]},
			"faces": {
				"north": {"uv": [0, 13, 0.5, 13.5], "rotation": 270, "texture": "#1"},
				"east": {"uv": [0, 13, 0.5, 13.5], "rotation": 270, "texture": "#1"},
				"south": {"uv": [0, 13, 0.5, 13.5], "rotation": 270, "texture": "#1"},
				"west": {"uv": [0, 13, 0.5, 13.5], "rotation": 270, "texture": "#1"},
				"up": {"uv": [0, 13, 0.5, 13.5], "rotation": 270, "texture": "#1"},
				"down": {"uv": [0, 13, 0.5, 13.5], "rotation": 270, "texture": "#1"}
			}
		},
		{
			"from": [9.19, -4.36, 7.84],
			"to": [10.31, -2.74, 8.16],
			"rotation": {"angle": 45, "axis": "z", "origin": [8.00846, -3.54999, 8.64152]},
			"faces": {
				"north": {"uv": [3.5, 5, 4.25, 5.5], "rotation": 90, "texture": "#0"},
				"east": {"uv": [3.5, 5, 4.3, 5.15], "rotation": 90, "texture": "#0"},
				"south": {"uv": [0, 5.5, 0.8, 6.05], "rotation": 90, "texture": "#0"},
				"west": {"uv": [3.5, 5, 4.3, 5.15], "rotation": 90, "texture": "#0"},
				"up": {"uv": [3.5, 5, 3.65, 5.55], "rotation": 90, "texture": "#0"},
				"down": {"uv": [3.5, 5, 3.65, 5.55], "rotation": 90, "texture": "#0"}
			}
		},
		{
			"from": [5.69, -4.36, 7.84],
			"to": [6.81, -2.74, 8.16],
			"rotation": {"angle": -45, "axis": "z", "origin": [7.99154, -3.54999, 8.64152]},
			"faces": {
				"north": {"uv": [3.5, 5, 4.3, 5.55], "rotation": 90, "texture": "#0"},
				"east": {"uv": [3.5, 5, 4.3, 5.15], "rotation": 90, "texture": "#0"},
				"south": {"uv": [0, 5.5, 0.8, 6], "rotation": 90, "texture": "#0"},
				"west": {"uv": [3.5, 5, 4.3, 5.15], "rotation": 90, "texture": "#0"},
				"up": {"uv": [3.5, 5, 3.65, 5.55], "rotation": 90, "texture": "#0"},
				"down": {"uv": [3.5, 5, 3.65, 5.55], "rotation": 90, "texture": "#0"}
			}
		},
		{
			"from": [9.21002, -2.68855, 7.85197],
			"to": [9.81002, -1.08855, 8.15197],
			"rotation": {"angle": 22.5, "axis": "z", "origin": [9.51418, -1.6313, 7.99172]},
			"faces": {
				"north": {"uv": [3.5, 5, 4.3, 5.3], "rotation": 90, "texture": "#0"},
				"east": {"uv": [3.5, 5, 4.3, 5.15], "rotation": 90, "texture": "#0"},
				"south": {"uv": [0, 5.5, 0.8, 5.8], "rotation": 90, "texture": "#0"},
				"west": {"uv": [3.5, 5, 4.3, 5.15], "rotation": 90, "texture": "#0"},
				"up": {"uv": [3.5, 5, 3.65, 5.3], "rotation": 90, "texture": "#0"},
				"down": {"uv": [3.5, 5, 3.65, 5.3], "rotation": 90, "texture": "#0"}
			}
		},
		{
			"from": [6.18998, -2.68855, 7.85197],
			"to": [6.78998, -1.08855, 8.15197],
			"rotation": {"angle": -22.5, "axis": "z", "origin": [6.48582, -1.6313, 7.99172]},
			"faces": {
				"north": {"uv": [3.5, 5, 4.3, 5.3], "rotation": 90, "texture": "#0"},
				"east": {"uv": [3.5, 5, 4.3, 5.15], "rotation": 90, "texture": "#0"},
				"south": {"uv": [0, 5.5, 0.8, 5.8], "rotation": 90, "texture": "#0"},
				"west": {"uv": [3.5, 5, 4.3, 5.15], "rotation": 90, "texture": "#0"},
				"up": {"uv": [3.5, 5, 3.65, 5.3], "rotation": 90, "texture": "#0"},
				"down": {"uv": [3.5, 5, 3.65, 5.3], "rotation": 90, "texture": "#0"}
			}
		},
		{
			"from": [7.49587, 10.13952, 7.85327],
			"to": [10.09587, 12.73952, 8.15327],
			"rotation": {"angle": -22.5, "axis": "z", "origin": [9.80085, 11.43587, 8.0078]},
			"faces": {
				"north": {"uv": [3.5, 5, 4.8, 6.3], "rotation": 180, "texture": "#0"},
				"east": {"uv": [3.5, 5, 3.65, 6.3], "rotation": 180, "texture": "#0"},
				"south": {"uv": [0, 5.5, 1.3, 6.8], "rotation": 180, "texture": "#0"},
				"west": {"uv": [3.5, 5, 3.65, 6.3], "rotation": 180, "texture": "#0"},
				"up": {"uv": [3.5, 5, 4.8, 5.15], "rotation": 180, "texture": "#0"},
				"down": {"uv": [3.5, 5, 4.8, 5.15], "rotation": 180, "texture": "#0"}
			}
		},
		{
			"from": [5.90513, 10.14052, 7.85427],
			"to": [8.50313, 12.73852, 8.15227],
			"rotation": {"angle": 22.5, "axis": "z", "origin": [6.19915, 11.43587, 8.0078]},
			"faces": {
				"north": {"uv": [3.5, 5, 4.799, 6.299], "rotation": 270, "texture": "#0"},
				"east": {"uv": [3.5, 5, 4.799, 5.149], "rotation": 270, "texture": "#0"},
				"south": {"uv": [0, 5.5, 1.299, 6.799], "rotation": 270, "texture": "#0"},
				"west": {"uv": [3.5, 5, 4.799, 5.149], "rotation": 270, "texture": "#0"},
				"up": {"uv": [3.5, 5, 3.649, 6.299], "rotation": 270, "texture": "#0"},
				"down": {"uv": [3.5, 5, 3.649, 6.299], "rotation": 270, "texture": "#0"}
			}
		},
		{
			"from": [8.49516, 12.31199, 7.85806],
			"to": [10.09316, 16.90999, 8.15606],
			"rotation": {"angle": 22.5, "axis": "z", "origin": [9.78741, 13.61159, 8.00994]},
			"faces": {
				"north": {"uv": [2.5, 5, 4.799, 5.799], "rotation": 270, "texture": "#0"},
				"east": {"uv": [2.5, 5, 4.799, 5.149], "rotation": 270, "texture": "#0"},
				"south": {"uv": [0, 5.5, 2.299, 6.299], "rotation": 270, "texture": "#0"},
				"west": {"uv": [2.5, 5, 4.799, 5.149], "rotation": 270, "texture": "#0"},
				"up": {"uv": [2.5, 5, 2.649, 5.799], "rotation": 270, "texture": "#0"},
				"down": {"uv": [2.5, 5, 2.649, 5.799], "rotation": 270, "texture": "#0"}
			}
		},
		{
			"from": [5.90584, 12.31099, 7.85706],
			"to": [7.50584, 16.91099, 8.15706],
			"rotation": {"angle": -22.5, "axis": "z", "origin": [6.21259, 13.61159, 8.00994]},
			"faces": {
				"north": {"uv": [2, 5, 4.3, 5.8], "rotation": 270, "texture": "#0"},
				"east": {"uv": [2, 5, 4.3, 5.15], "rotation": 270, "texture": "#0"},
				"south": {"uv": [0, 5.5, 2.3, 6.3], "rotation": 270, "texture": "#0"},
				"west": {"uv": [2, 5, 4.3, 5.15], "rotation": 270, "texture": "#0"},
				"up": {"uv": [2, 5, 2.15, 5.8], "rotation": 270, "texture": "#0"},
				"down": {"uv": [2, 5, 2.15, 5.8], "rotation": 270, "texture": "#0"}
			}
		},
		{
			"from": [7.21698, 16.29039, 7.85904],
			"to": [8.35798, 17.43639, 8.15504],
			"rotation": {"angle": 45, "axis": "z", "origin": [8.00158, 17.07992, 8.02536]},
			"faces": {
				"north": {"uv": [3.5, 5, 4.073, 5.5705], "rotation": 270, "texture": "#0"},
				"east": {"uv": [3.5, 5, 4.073, 5.148], "rotation": 270, "texture": "#0"},
				"south": {"uv": [0, 5.5, 0.573, 6.0705], "rotation": 270, "texture": "#0"},
				"west": {"uv": [3.5, 5, 4.073, 5.148], "rotation": 270, "texture": "#0"},
				"up": {"uv": [3.5, 5, 3.648, 5.5705], "rotation": 270, "texture": "#0"},
				"down": {"uv": [3.5, 5, 3.648, 5.5705], "rotation": 270, "texture": "#0"}
			}
		},
		{
			"from": [6.37901, -1.24476, 7.85694],
			"to": [9.62501, 10.35124, 8.15294],
			"rotation": {"angle": 0, "axis": "z", "origin": [6.67034, -0.44647, 7.99607]},
			"faces": {
				"north": {"uv": [0, 4, 5.798, 5.623], "rotation": 90, "texture": "#0"},
				"east": {"uv": [0, 4, 5.798, 4.148], "rotation": 90, "texture": "#0"},
				"south": {"uv": [0, 5.5, 5.798, 7.123], "rotation": 90, "texture": "#0"},
				"west": {"uv": [0, 4, 5.798, 4.148], "rotation": 90, "texture": "#0"},
				"up": {"uv": [0, 4, 0.148, 5.623], "rotation": 90, "texture": "#0"},
				"down": {"uv": [0, 4, 0.148, 5.623], "rotation": 90, "texture": "#0"}
			}
		},
		{
			"from": [6.953, -2.74376, 7.70794],
			"to": [9.047, 12.85024, 8.30194],
			"rotation": {"angle": 0, "axis": "z", "origin": [6.67034, 0.05353, 7.99607]},
			"faces": {
				"north": {"uv": [0, 12, 16, 14], "rotation": 90, "texture": "#1"},
				"east": {"uv": [0, 11, 16, 13.5], "rotation": 90, "texture": "#1"},
				"south": {"uv": [1, 12, 16, 14], "rotation": 90, "texture": "#1"},
				"west": {"uv": [0, 11, 16, 13.5], "rotation": 90, "texture": "#1"},
				"up": {"uv": [0, 11, 16, 13.5], "rotation": 90, "texture": "#1"},
				"down": {"uv": [0, 11, 16, 13.5], "rotation": 90, "texture": "#1"}
			}
		},
		{
			"from": [7.3, -8.65, 7.3],
			"to": [8.7, -8.15, 8.7],
			"rotation": {"angle": 0, "axis": "y", "origin": [15, -0.95, 15]},
			"faces": {
				"north": {"uv": [6, 4.5, 6.4, 6], "rotation": 90, "texture": "#0"},
				"east": {"uv": [6, 4.5, 6.4, 6], "rotation": 90, "texture": "#0"},
				"south": {"uv": [6, 4.5, 6.4, 6], "rotation": 90, "texture": "#0"},
				"west": {"uv": [6, 4.5, 6.4, 6], "rotation": 90, "texture": "#0"},
				"up": {"uv": [6, 4.5, 6.4, 6], "rotation": 90, "texture": "#0"},
				"down": {"uv": [6, 4.5, 6.4, 6], "rotation": 90, "texture": "#0"}
			}
		},
		{
			"from": [7.00898, -5.76984, 7.495],
			"to": [9.01898, -3.75984, 8.505],
			"rotation": {"angle": 45, "axis": "z", "origin": [8.02968, -4.74907, 7.9777]},
			"faces": {
				"north": {"uv": [13, 7.5, 15, 9.5], "texture": "#0"},
				"east": {"uv": [13, 8, 14, 10], "texture": "#0"},
				"south": {"uv": [13, 7.5, 15.01, 9.51], "rotation": 90, "texture": "#0"},
				"west": {"uv": [15, 8.5, 16, 10.5], "texture": "#0"},
				"up": {"uv": [13, 7.5, 15, 8.5], "rotation": 180, "texture": "#0"},
				"down": {"uv": [14, 9, 16, 10], "rotation": 180, "texture": "#0"}
			}
		},
		{
			"from": [7.4, -5.55, 7.4],
			"to": [8.9, -4.05, 8.6],
			"rotation": {"angle": 45, "axis": "z", "origin": [8.00846, -4.94999, 7.99152]},
			"faces": {
				"north": {"uv": [11, 0, 12.5, 1.5], "rotation": 270, "texture": "#0"},
				"east": {"uv": [11.5, 0, 12.5, 1.5], "texture": "#0"},
				"south": {"uv": [11, 0, 12.5, 1.5], "texture": "#0"},
				"west": {"uv": [11.5, 1, 12.5, 2.5], "texture": "#0"},
				"up": {"uv": [11.5, 0, 12.5, 1.5], "rotation": 90, "texture": "#0"},
				"down": {"uv": [11.5, 1, 12.5, 2.5], "rotation": 90, "texture": "#0"}
			}
		},
		{
			"from": [11.44931, -7.22629, 7.70411],
			"to": [12.04931, -6.22629, 8.30411],
			"rotation": {"angle": -45, "axis": "z", "origin": [11.08185, -5.8118, 7.99034]},
			"faces": {
				"north": {"uv": [15.5, 10, 14.5, 10.5], "rotation": 90, "texture": "#0"},
				"east": {"uv": [15.5, 10, 14.5, 10.5], "rotation": 90, "texture": "#0"},
				"south": {"uv": [15.5, 10, 14.5, 10.5], "rotation": 90, "texture": "#0"},
				"west": {"uv": [15.5, 10, 14.5, 10.5], "rotation": 90, "texture": "#0"},
				"up": {"uv": [15.5, 10, 14.5, 10.5], "rotation": 90, "texture": "#0"},
				"down": {"uv": [15.5, 10, 14.5, 10.5], "rotation": 90, "texture": "#0"}
			}
		},
		{
			"from": [3.95069, -7.22629, 7.70411],
			"to": [4.55069, -6.22629, 8.30411],
			"rotation": {"angle": 45, "axis": "z", "origin": [4.91815, -5.8118, 7.99034]},
			"faces": {
				"north": {"uv": [15.5, 10.5, 14.5, 10], "rotation": 90, "texture": "#0"},
				"east": {"uv": [15.5, 10.5, 14.5, 10], "rotation": 90, "texture": "#0"},
				"south": {"uv": [15.5, 10.5, 14.5, 10], "rotation": 90, "texture": "#0"},
				"west": {"uv": [15.5, 10.5, 14.5, 10], "rotation": 90, "texture": "#0"},
				"up": {"uv": [15.5, 10.5, 14.5, 10], "rotation": 90, "texture": "#0"},
				"down": {"uv": [15.5, 10.5, 14.5, 10], "rotation": 90, "texture": "#0"}
			}
		},
		{
			"from": [10.54594, -1.8255, 7.71344],
			"to": [11.12394, -0.8475, 8.29144],
			"rotation": {"angle": 0, "axis": "z", "origin": [10.84322, -1.32187, 7.98176]},
			"faces": {
				"north": {"uv": [14, 7.5, 13, 8], "rotation": 270, "texture": "#0"},
				"east": {"uv": [14, 7.5, 13, 8], "rotation": 270, "texture": "#0"},
				"south": {"uv": [14, 7.5, 13, 8], "rotation": 270, "texture": "#0"},
				"west": {"uv": [14, 7.5, 13, 8], "rotation": 270, "texture": "#0"},
				"up": {"uv": [14, 7.5, 13.5, 8], "rotation": 270, "texture": "#0"},
				"down": {"uv": [14, 7.5, 13, 8], "rotation": 270, "texture": "#0"}
			}
		},
		{
			"from": [4.87606, -1.8255, 7.71344],
			"to": [5.45406, -0.8475, 8.29144],
			"rotation": {"angle": 0, "axis": "z", "origin": [5.15678, -1.32187, 7.98176]},
			"faces": {
				"north": {"uv": [14, 8, 13, 7.5], "rotation": 270, "texture": "#0"},
				"east": {"uv": [14, 8, 13, 7.5], "rotation": 270, "texture": "#0"},
				"south": {"uv": [14, 8, 13, 7.5], "rotation": 270, "texture": "#0"},
				"west": {"uv": [14, 8, 13, 7.5], "rotation": 270, "texture": "#0"},
				"up": {"uv": [14, 8, 13.5, 7.5], "rotation": 270, "texture": "#0"},
				"down": {"uv": [14, 8, 13, 7.5], "rotation": 270, "texture": "#0"}
			}
		},
		{
			"from": [11.44902, -5.40449, 7.70761],
			"to": [12.04902, -3.90449, 8.30761],
			"rotation": {"angle": 0, "axis": "z", "origin": [11.08185, -5.8118, 7.99034]},
			"faces": {
				"north": {"uv": [15.5, 10, 14, 9.5], "rotation": 270, "texture": "#0"},
				"east": {"uv": [15.5, 10, 14, 9.5], "rotation": 270, "texture": "#0"},
				"south": {"uv": [15.5, 10, 14, 9.5], "rotation": 270, "texture": "#0"},
				"west": {"uv": [15.5, 10, 14, 9.5], "rotation": 270, "texture": "#0"},
				"up": {"uv": [15.5, 10, 14, 9.5], "rotation": 270, "texture": "#0"},
				"down": {"uv": [15.5, 10, 14, 9.5], "rotation": 270, "texture": "#0"}
			}
		},
		{
			"from": [3.95098, -5.40449, 7.70761],
			"to": [4.55098, -3.90449, 8.30761],
			"rotation": {"angle": 0, "axis": "z", "origin": [4.91815, -5.8118, 7.99034]},
			"faces": {
				"north": {"uv": [15.5, 9.5, 14, 10], "rotation": 270, "texture": "#0"},
				"east": {"uv": [15.5, 9.5, 14, 10], "rotation": 270, "texture": "#0"},
				"south": {"uv": [15.5, 9.5, 14, 10], "rotation": 270, "texture": "#0"},
				"west": {"uv": [15.5, 9.5, 14, 10], "rotation": 270, "texture": "#0"},
				"up": {"uv": [15.5, 9.5, 14, 10], "rotation": 270, "texture": "#0"},
				"down": {"uv": [15.5, 9.5, 14, 10], "rotation": 270, "texture": "#0"}
			}
		},
		{
			"from": [11.21937, -6.56544, 7.70738],
			"to": [11.81937, -5.06544, 8.30738],
			"rotation": {"angle": -22.5, "axis": "z", "origin": [11.08185, -5.8118, 7.99034]},
			"faces": {
				"north": {"uv": [14.5, 10.5, 16, 10], "rotation": 90, "texture": "#0"},
				"east": {"uv": [14.5, 10.5, 16, 10], "rotation": 90, "texture": "#0"},
				"south": {"uv": [14.5, 10.5, 16, 10], "rotation": 90, "texture": "#0"},
				"west": {"uv": [14.5, 10.5, 16, 10], "rotation": 90, "texture": "#0"},
				"up": {"uv": [14.5, 10.5, 16, 10], "rotation": 90, "texture": "#0"},
				"down": {"uv": [14.5, 10.5, 16, 10], "rotation": 90, "texture": "#0"}
			}
		},
		{
			"from": [4.18063, -6.56544, 7.70738],
			"to": [4.78063, -5.06544, 8.30738],
			"rotation": {"angle": 22.5, "axis": "z", "origin": [4.91815, -5.8118, 7.99034]},
			"faces": {
				"north": {"uv": [14.5, 10, 16, 10.5], "rotation": 90, "texture": "#0"},
				"east": {"uv": [14.5, 10, 16, 10.5], "rotation": 90, "texture": "#0"},
				"south": {"uv": [14.5, 10, 16, 10.5], "rotation": 90, "texture": "#0"},
				"west": {"uv": [14.5, 10, 16, 10.5], "rotation": 90, "texture": "#0"},
				"up": {"uv": [14.5, 10, 16, 10.5], "rotation": 90, "texture": "#0"},
				"down": {"uv": [14.5, 10, 16, 10.5], "rotation": 90, "texture": "#0"}
			}
		},
		{
			"from": [5.84233, -4.63151, 7.71738],
			"to": [7.42233, -4.15151, 8.29738],
			"rotation": {"angle": -22.5, "axis": "z", "origin": [7.04806, -4.37815, 7.98848]},
			"faces": {
				"north": {"uv": [14.5, 10, 16, 10.5], "rotation": 180, "texture": "#0"},
				"east": {"uv": [14.5, 10, 16, 10.5], "rotation": 180, "texture": "#0"},
				"south": {"uv": [14.5, 10, 16, 10.5], "rotation": 180, "texture": "#0"},
				"west": {"uv": [14.5, 10, 16, 10.5], "rotation": 180, "texture": "#0"},
				"up": {"uv": [14.5, 10, 16, 10.5], "rotation": 180, "texture": "#0"},
				"down": {"uv": [14.5, 10, 16, 10.5], "rotation": 180, "texture": "#0"}
			}
		},
		{
			"from": [8.57767, -4.63151, 7.71738],
			"to": [10.15767, -4.15151, 8.29738],
			"rotation": {"angle": 22.5, "axis": "z", "origin": [8.95194, -4.37815, 7.98848]},
			"faces": {
				"north": {"uv": [16, 10, 14.5, 10.5], "rotation": 180, "texture": "#0"},
				"east": {"uv": [16, 10, 14.5, 10.5], "rotation": 180, "texture": "#0"},
				"south": {"uv": [16, 10, 14.5, 10.5], "rotation": 180, "texture": "#0"},
				"west": {"uv": [16, 10, 14.5, 10.5], "rotation": 180, "texture": "#0"},
				"up": {"uv": [16, 10, 14.5, 10.5], "rotation": 180, "texture": "#0"},
				"down": {"uv": [16, 10, 14.5, 10.5], "rotation": 180, "texture": "#0"}
			}
		},
		{
			"from": [9.97937, -6.05544, 7.71738],
			"to": [11.55937, -5.57544, 8.29738],
			"rotation": {"angle": -22.5, "axis": "z", "origin": [11.08185, -5.8118, 7.99034]},
			"faces": {
				"north": {"uv": [16, 10, 14.5, 10.5], "rotation": 180, "texture": "#0"},
				"east": {"uv": [16, 10, 14.5, 10.5], "rotation": 180, "texture": "#0"},
				"south": {"uv": [16, 10, 14.5, 10.5], "rotation": 180, "texture": "#0"},
				"west": {"uv": [16, 10, 14.5, 10.5], "rotation": 180, "texture": "#0"},
				"up": {"uv": [16, 10, 14.5, 10.5], "rotation": 180, "texture": "#0"},
				"down": {"uv": [16, 10, 14.5, 10.5], "rotation": 180, "texture": "#0"}
			}
		},
		{
			"from": [4.44063, -6.05544, 7.71738],
			"to": [6.02063, -5.57544, 8.29738],
			"rotation": {"angle": 22.5, "axis": "z", "origin": [4.91815, -5.8118, 7.99034]},
			"faces": {
				"north": {"uv": [14.5, 10, 16, 10.5], "rotation": 180, "texture": "#0"},
				"east": {"uv": [14.5, 10, 16, 10.5], "rotation": 180, "texture": "#0"},
				"south": {"uv": [14.5, 10, 16, 10.5], "rotation": 180, "texture": "#0"},
				"west": {"uv": [14.5, 10, 16, 10.5], "rotation": 180, "texture": "#0"},
				"up": {"uv": [14.5, 10, 16, 10.5], "rotation": 180, "texture": "#0"},
				"down": {"uv": [14.5, 10, 16, 10.5], "rotation": 180, "texture": "#0"}
			}
		},
		{
			"from": [12.11066, -4.41481, 7.71299],
			"to": [12.70066, -1.92481, 8.30299],
			"rotation": {"angle": 22.5, "axis": "z", "origin": [11.08185, -5.8118, 7.99034]},
			"faces": {
				"north": {"uv": [13.5, 8.5, 15, 8], "rotation": 90, "texture": "#0"},
				"east": {"uv": [13.5, 8.5, 15, 8], "rotation": 90, "texture": "#0"},
				"south": {"uv": [13.5, 8.5, 15, 8], "rotation": 90, "texture": "#0"},
				"west": {"uv": [13.5, 8.5, 15, 8], "rotation": 90, "texture": "#0"},
				"up": {"uv": [13.5, 8.5, 15, 8], "rotation": 90, "texture": "#0"},
				"down": {"uv": [13.5, 8.5, 15, 8], "rotation": 90, "texture": "#0"}
			}
		},
		{
			"from": [3.29934, -4.41481, 7.71299],
			"to": [3.88934, -1.92481, 8.30299],
			"rotation": {"angle": -22.5, "axis": "z", "origin": [4.91815, -5.8118, 7.99034]},
			"faces": {
				"north": {"uv": [13.5, 8, 15, 8.5], "rotation": 90, "texture": "#0"},
				"east": {"uv": [13.5, 8, 15, 8.5], "rotation": 90, "texture": "#0"},
				"south": {"uv": [13.5, 8, 15, 8.5], "rotation": 90, "texture": "#0"},
				"west": {"uv": [13.5, 8, 15, 8.5], "rotation": 90, "texture": "#0"},
				"up": {"uv": [13.5, 8, 15, 8.5], "rotation": 90, "texture": "#0"},
				"down": {"uv": [13.5, 8, 15, 8.5], "rotation": 90, "texture": "#0"}
			}
		},
		{
			"from": [5.59084, -4.89274, 7.60556],
			"to": [6.59084, -4.29274, 8.40556],
			"rotation": {"angle": 45, "axis": "z", "origin": [4.58774, -3.46529, 7.99476]},
			"faces": {
				"north": {"uv": [12.5, 9, 13.5, 9.5], "texture": "#0"},
				"east": {"uv": [12.5, 9, 13.5, 9.5], "rotation": 180, "texture": "#0"},
				"south": {"uv": [12.5, 9, 13.5, 9.5], "rotation": 180, "texture": "#0"},
				"west": {"uv": [12.5, 9, 13.5, 9.5], "rotation": 180, "texture": "#0"},
				"up": {"uv": [12.5, 9, 13.5, 9.5], "rotation": 180, "texture": "#0"},
				"down": {"uv": [12.5, 9, 13.5, 9.5], "rotation": 180, "texture": "#0"}
			}
		},
		{
			"from": [9.42953, -4.89242, 7.6058],
			"to": [10.42953, -4.29242, 8.4058],
			"rotation": {"angle": -45, "axis": "z", "origin": [11.43264, -3.46497, 7.995]},
			"faces": {
				"north": {"uv": [13.5, 9, 12.5, 9.5], "texture": "#0"},
				"east": {"uv": [13.5, 9, 12.5, 9.5], "rotation": 180, "texture": "#0"},
				"south": {"uv": [13.5, 9, 12.5, 9.5], "rotation": 180, "texture": "#0"},
				"west": {"uv": [13.5, 9, 12.5, 9.5], "rotation": 180, "texture": "#0"},
				"up": {"uv": [13.5, 9, 12.5, 9.5], "rotation": 180, "texture": "#0"},
				"down": {"uv": [13.5, 9, 12.5, 9.5], "rotation": 180, "texture": "#0"}
			}
		},
		{
			"from": [6.76815, -6.10583, 7.59571],
			"to": [7.36815, -5.10583, 8.39571],
			"rotation": {"angle": 45, "axis": "z", "origin": [7.63305, -6.7067, 7.97658]},
			"faces": {
				"north": {"uv": [14.5, 9.5, 15.5, 10], "rotation": 90, "texture": "#0"},
				"east": {"uv": [14.5, 9.5, 15.5, 10], "rotation": 90, "texture": "#0"},
				"south": {"uv": [14.5, 9.5, 15.5, 10], "rotation": 90, "texture": "#0"},
				"west": {"uv": [14.5, 9.5, 15.5, 10], "rotation": 90, "texture": "#0"},
				"up": {"uv": [14.5, 9.5, 15.5, 10], "rotation": 90, "texture": "#0"},
				"down": {"uv": [14.5, 9.5, 15.5, 10], "rotation": 90, "texture": "#0"}
			}
		},
		{
			"from": [8.65223, -6.10551, 7.59595],
			"to": [9.25223, -5.10551, 8.39595],
			"rotation": {"angle": -45, "axis": "z", "origin": [8.38732, -6.70638, 7.97682]},
			"faces": {
				"north": {"uv": [14.5, 10, 15.5, 9.5], "rotation": 90, "texture": "#0"},
				"east": {"uv": [14.5, 10, 15.5, 9.5], "rotation": 90, "texture": "#0"},
				"south": {"uv": [14.5, 10, 15.5, 9.5], "rotation": 90, "texture": "#0"},
				"west": {"uv": [14.5, 10, 15.5, 9.5], "rotation": 90, "texture": "#0"},
				"up": {"uv": [14.5, 10, 15.5, 9.5], "rotation": 90, "texture": "#0"},
				"down": {"uv": [14.5, 10, 15.5, 9.5], "rotation": 90, "texture": "#0"}
			}
		},
		{
			"from": [5.50258, -5.26544, 7.60291],
			"to": [6.10258, -4.26544, 8.40291],
			"rotation": {"angle": 0, "axis": "z", "origin": [5.90348, -5.17723, 7.98625]},
			"faces": {
				"north": {"uv": [13.5, 9.5, 14.5, 10], "rotation": 90, "texture": "#0"},
				"east": {"uv": [13.5, 9.5, 14.5, 10], "rotation": 90, "texture": "#0"},
				"south": {"uv": [13.5, 9.5, 14.5, 10], "rotation": 90, "texture": "#0"},
				"west": {"uv": [13.5, 9.5, 14.5, 10], "rotation": 90, "texture": "#0"},
				"up": {"uv": [13.5, 9.5, 14.5, 10], "rotation": 90, "texture": "#0"},
				"down": {"uv": [13.5, 9.5, 14.5, 10], "rotation": 90, "texture": "#0"}
			}
		},
		{
			"from": [9.91779, -5.26512, 7.60315],
			"to": [10.51779, -4.26512, 8.40315],
			"rotation": {"angle": 0, "axis": "z", "origin": [10.1169, -5.17691, 7.98649]},
			"faces": {
				"north": {"uv": [13.5, 10, 14.5, 9.5], "rotation": 90, "texture": "#0"},
				"east": {"uv": [13.5, 10, 14.5, 9.5], "rotation": 90, "texture": "#0"},
				"south": {"uv": [13.5, 10, 14.5, 9.5], "rotation": 90, "texture": "#0"},
				"west": {"uv": [13.5, 10, 14.5, 9.5], "rotation": 90, "texture": "#0"},
				"up": {"uv": [13.5, 10, 14.5, 9.5], "rotation": 90, "texture": "#0"},
				"down": {"uv": [13.5, 10, 14.5, 9.5], "rotation": 90, "texture": "#0"}
			}
		},
		{
			"from": [7.5, -7.27539, 7.59548],
			"to": [8.5, -6.67539, 8.39548],
			"rotation": {"angle": 0, "axis": "z", "origin": [7.66936, -6.70914, 7.97901]},
			"faces": {
				"north": {"uv": [15, 10, 16, 10.5], "texture": "#0"},
				"east": {"uv": [15, 10, 16, 10.5], "texture": "#0"},
				"south": {"uv": [15, 10, 16, 10.5], "texture": "#0"},
				"west": {"uv": [15, 10, 16, 10.5], "texture": "#0"},
				"up": {"uv": [15, 10, 16, 10.5], "texture": "#0"},
				"down": {"uv": [15, 10, 16, 10.5], "texture": "#0"}
			}
		},
		{
			"from": [7.50731, -2.85118, 7.60596],
			"to": [8.50731, -2.25118, 8.40596],
			"rotation": {"angle": 0, "axis": "z", "origin": [9.16926, -3.97085, 7.99377]},
			"faces": {
				"north": {"uv": [12.5, 8.5, 13.5, 9], "rotation": 180, "texture": "#0"},
				"east": {"uv": [12.5, 8.5, 13.5, 9], "rotation": 180, "texture": "#0"},
				"south": {"uv": [12.5, 8.5, 13.5, 9], "rotation": 180, "texture": "#0"},
				"west": {"uv": [12.5, 8.5, 13.5, 9], "rotation": 180, "texture": "#0"},
				"up": {"uv": [12.5, 8.5, 13.5, 9], "rotation": 180, "texture": "#0"},
				"down": {"uv": [12.5, 8.5, 13.5, 9], "rotation": 180, "texture": "#0"}
			}
		},
		{
			"from": [5.67136, -4.42517, 7.60516],
			"to": [6.27136, -3.42517, 8.40516],
			"rotation": {"angle": -22.5, "axis": "z", "origin": [5.98849, -3.91368, 7.98891]},
			"faces": {
				"north": {"uv": [12.5, 9.5, 13.5, 10], "rotation": 90, "texture": "#0"},
				"east": {"uv": [12.5, 9.5, 13.5, 10], "rotation": 90, "texture": "#0"},
				"south": {"uv": [12.5, 9.5, 13.5, 10], "rotation": 90, "texture": "#0"},
				"west": {"uv": [12.5, 9.5, 13.5, 10], "rotation": 90, "texture": "#0"},
				"up": {"uv": [12.5, 9.5, 13.5, 10], "rotation": 90, "texture": "#0"},
				"down": {"uv": [12.5, 9.5, 13.5, 10], "rotation": 90, "texture": "#0"}
			}
		},
		{
			"from": [9.74901, -4.42485, 7.6054],
			"to": [10.34901, -3.42485, 8.4054],
			"rotation": {"angle": 22.5, "axis": "z", "origin": [10.03188, -3.91336, 7.98915]},
			"faces": {
				"north": {"uv": [12.5, 10, 13.5, 9.5], "rotation": 90, "texture": "#0"},
				"east": {"uv": [12.5, 10, 13.5, 9.5], "rotation": 90, "texture": "#0"},
				"south": {"uv": [12.5, 10, 13.5, 9.5], "rotation": 90, "texture": "#0"},
				"west": {"uv": [12.5, 10, 13.5, 9.5], "rotation": 90, "texture": "#0"},
				"up": {"uv": [12.5, 10, 13.5, 9.5], "rotation": 90, "texture": "#0"},
				"down": {"uv": [12.5, 10, 13.5, 9.5], "rotation": 90, "texture": "#0"}
			}
		},
		{
			"from": [6.74673, -7.27557, 7.59531],
			"to": [7.74673, -6.67557, 8.39531],
			"rotation": {"angle": -22.5, "axis": "z", "origin": [7.63305, -6.7067, 7.97658]},
			"faces": {
				"north": {"uv": [14.5, 10, 15.5, 10.5], "rotation": 180, "texture": "#0"},
				"east": {"uv": [14.5, 10, 15.5, 10.5], "texture": "#0"},
				"south": {"uv": [14.5, 10, 15.5, 10.5], "texture": "#0"},
				"west": {"uv": [14.5, 10, 15.5, 10.5], "texture": "#0"},
				"up": {"uv": [14.5, 10, 15.5, 10.5], "texture": "#0"},
				"down": {"uv": [14.5, 10, 15.5, 10.5], "texture": "#0"}
			}
		},
		{
			"from": [8.27364, -7.27525, 7.59555],
			"to": [9.27364, -6.67525, 8.39555],
			"rotation": {"angle": 22.5, "axis": "z", "origin": [8.38732, -6.70638, 7.97682]},
			"faces": {
				"north": {"uv": [15.5, 10, 14.5, 10.5], "rotation": 180, "texture": "#0"},
				"east": {"uv": [15.5, 10, 14.5, 10.5], "texture": "#0"},
				"south": {"uv": [15.5, 10, 14.5, 10.5], "texture": "#0"},
				"west": {"uv": [15.5, 10, 14.5, 10.5], "texture": "#0"},
				"up": {"uv": [15.5, 10, 14.5, 10.5], "texture": "#0"},
				"down": {"uv": [15.5, 10, 14.5, 10.5], "texture": "#0"}
			}
		},
		{
			"from": [5.4996, -6.10511, 7.60251],
			"to": [6.0996, -5.10511, 8.40251],
			"rotation": {"angle": 22.5, "axis": "z", "origin": [5.90348, -5.17723, 7.98625]},
			"faces": {
				"north": {"uv": [14, 9.5, 15, 10], "rotation": 90, "texture": "#0"},
				"east": {"uv": [14, 9.5, 15, 10], "rotation": 90, "texture": "#0"},
				"south": {"uv": [14, 9.5, 15, 10], "rotation": 90, "texture": "#0"},
				"west": {"uv": [14, 9.5, 15, 10], "rotation": 90, "texture": "#0"},
				"up": {"uv": [14, 9.5, 15, 10], "rotation": 90, "texture": "#0"},
				"down": {"uv": [14, 9.5, 15, 10], "rotation": 90, "texture": "#0"}
			}
		},
		{
			"from": [9.92077, -6.10479, 7.60275],
			"to": [10.52077, -5.10479, 8.40275],
			"rotation": {"angle": -22.5, "axis": "z", "origin": [10.1169, -5.17691, 7.98649]},
			"faces": {
				"north": {"uv": [14, 10, 15, 9.5], "rotation": 90, "texture": "#0"},
				"east": {"uv": [14, 10, 15, 9.5], "rotation": 90, "texture": "#0"},
				"south": {"uv": [14, 10, 15, 9.5], "rotation": 90, "texture": "#0"},
				"west": {"uv": [14, 10, 15, 9.5], "rotation": 90, "texture": "#0"},
				"up": {"uv": [14, 10, 15, 9.5], "rotation": 90, "texture": "#0"},
				"down": {"uv": [14, 10, 15, 9.5], "rotation": 90, "texture": "#0"}
			}
		},
		{
			"from": [7.2921, -2.34634, 7.60556],
			"to": [8.2921, -1.74634, 8.40556],
			"rotation": {"angle": 22.5, "axis": "z", "origin": [9.16926, -3.97085, 7.99377]},
			"faces": {
				"north": {"uv": [13, 7.5, 14, 8], "texture": "#0"},
				"east": {"uv": [13, 7.5, 14, 8], "rotation": 180, "texture": "#0"},
				"south": {"uv": [13, 7.5, 14, 8], "rotation": 180, "texture": "#0"},
				"west": {"uv": [13, 7.5, 14, 8], "rotation": 180, "texture": "#0"},
				"up": {"uv": [13, 7.5, 14, 8], "rotation": 180, "texture": "#0"},
				"down": {"uv": [13, 7.5, 14, 8], "rotation": 180, "texture": "#0"}
			}
		},
		{
			"from": [7.72279, -2.34602, 7.6058],
			"to": [8.72279, -1.74602, 8.4058],
			"rotation": {"angle": -22.5, "axis": "z", "origin": [6.84564, -3.97053, 7.99402]},
			"faces": {
				"north": {"uv": [14, 7.5, 13, 8], "texture": "#0"},
				"east": {"uv": [14, 7.5, 13, 8], "rotation": 180, "texture": "#0"},
				"south": {"uv": [14, 7.5, 13, 8], "rotation": 180, "texture": "#0"},
				"west": {"uv": [14, 7.5, 13, 8], "rotation": 180, "texture": "#0"},
				"up": {"uv": [14, 7.5, 13, 8], "rotation": 180, "texture": "#0"},
				"down": {"uv": [14, 7.5, 13, 8], "rotation": 180, "texture": "#0"}
			}
		}
	],
	"display": {
		"thirdperson": {
			"rotation": [0, 90, -90],
			"translation": [0, 0.5, -11.5],
			"scale": [1.3, 1.3, 1.3]
		},
		"firstperson": {
			"rotation": [0, -135, -15],
			"translation": [0, 11, 3.2],
			"scale": [1.3, 1.3, 1.3]
		},
		"ground": {
			"translation": [0, 5, 0],
			"scale": [2, 2, 2]
		},
		"gui": {
			"rotation": [0, -45, 35],
			"translation": [-3.7, 2.5, 0],
			"scale": [1.3, 1.3, 1.3]
		},
		"fixed": {
			"scale": [2, 2, 2]
		}
	}
}