{
	"credit": "Made with Blockbench",
	"texture_size": [32, 32],
	"textures": {
		"0": "skins/bonemerang",
		"particle": "skins/bonemerang"
	},
	"elements": [
		{
			"from": [7.20598, -6.36738, 7.653],
			"to": [8.85598, 1.03262, 8.553],
			"rotation": {"angle": 0, "axis": "x", "origin": [8.02097, 0.31455, 5.4195]},
			"faces": {
				"north": {"uv": [0, 7, 8, 8.5], "rotation": 90, "texture": "#0"},
				"east": {"uv": [0, 7, 8, 8.5], "rotation": 90, "texture": "#0"},
				"south": {"uv": [0, 7, 8, 8.5], "rotation": 90, "texture": "#0"},
				"west": {"uv": [0, 7, 8, 8.5], "rotation": 90, "texture": "#0"},
				"up": {"uv": [0, 7, 8, 8.5], "rotation": 90, "texture": "#0"},
				"down": {"uv": [0, 7, 8, 8.5], "rotation": 90, "texture": "#0"}
			}
		},
		{
			"from": [7.10598, -4.86738, 7.553],
			"to": [8.95598, -3.96738, 8.653],
			"rotation": {"angle": 0, "axis": "x", "origin": [8.02097, 0.31455, 5.4195]},
			"faces": {
				"north": {"uv": [2.5, 5.5, 4, 7], "rotation": 90, "texture": "#0"},
				"east": {"uv": [2.5, 5.5, 4, 7], "rotation": 90, "texture": "#0"},
				"south": {"uv": [2.5, 5.5, 4, 7], "rotation": 90, "texture": "#0"},
				"west": {"uv": [2, 4, 3.5, 5.5], "rotation": 90, "texture": "#0"},
				"up": {"uv": [2.5, 5.5, 4, 7], "rotation": 90, "texture": "#0"},
				"down": {"uv": [2.5, 5.5, 4, 7], "rotation": 90, "texture": "#0"}
			}
		},
		{
			"from": [7.10598, -3.76738, 7.553],
			"to": [8.95598, -3.16738, 8.653],
			"rotation": {"angle": 0, "axis": "x", "origin": [8.02097, 0.31455, 5.4195]},
			"faces": {
				"north": {"uv": [2, 5, 3, 6.5], "rotation": 90, "texture": "#0"},
				"east": {"uv": [2, 4.5, 3, 6], "rotation": 90, "texture": "#0"},
				"south": {"uv": [2.5, 5.5, 3.5, 7], "rotation": 90, "texture": "#0"},
				"west": {"uv": [2.5, 5.5, 3.5, 7], "rotation": 90, "texture": "#0"},
				"up": {"uv": [2.5, 5.5, 4, 7], "rotation": 90, "texture": "#0"},
				"down": {"uv": [2.5, 5.5, 4, 7], "rotation": 90, "texture": "#0"}
			}
		},
		{
			"from": [7.10598, -2.96738, 7.553],
			"to": [8.95598, -1.86738, 8.653],
			"rotation": {"angle": 0, "axis": "x", "origin": [8.02097, 0.31455, 5.4195]},
			"faces": {
				"north": {"uv": [2.5, 5.5, 4, 7], "rotation": 90, "texture": "#0"},
				"east": {"uv": [1.5, 4, 3, 5.5], "rotation": 90, "texture": "#0"},
				"south": {"uv": [1, 5.5, 2.5, 7], "rotation": 90, "texture": "#0"},
				"west": {"uv": [1.5, 4, 3, 5.5], "rotation": 90, "texture": "#0"},
				"up": {"uv": [2.5, 5.5, 4, 7], "rotation": 90, "texture": "#0"},
				"down": {"uv": [2.5, 5.5, 4, 7], "rotation": 90, "texture": "#0"}
			}
		},
		{
			"from": [7.10598, -1.66738, 7.553],
			"to": [8.95598, -1.36738, 8.653],
			"rotation": {"angle": 0, "axis": "x", "origin": [8.02097, 0.31455, 5.4195]},
			"faces": {
				"north": {"uv": [5, 10.5, 5.5, 12], "rotation": 90, "texture": "#0"},
				"east": {"uv": [8, 9.5, 9.5, 10], "rotation": 180, "texture": "#0"},
				"south": {"uv": [9, 11, 9.4, 12.5], "rotation": 90, "texture": "#0"},
				"west": {"uv": [8, 9.5, 9.5, 10], "texture": "#0"},
				"up": {"uv": [7, 10.5, 8.5, 12], "rotation": 90, "texture": "#0"},
				"down": {"uv": [6, 10.5, 7.5, 12], "rotation": 90, "texture": "#0"}
			}
		},
		{
			"from": [7.10598, 3.07817, 0.03517],
			"to": [8.95598, 4.17817, 0.33517],
			"rotation": {"angle": 22.5, "axis": "x", "origin": [8.02097, 0.31455, 5.4195]},
			"faces": {
				"north": {"uv": [7, 11, 8.5, 11.5], "rotation": 180, "texture": "#0"},
				"east": {"uv": [7, 11, 8.5, 11.5], "rotation": 90, "texture": "#0"},
				"south": {"uv": [7, 11, 8.5, 11.5], "texture": "#0"},
				"west": {"uv": [7, 11, 8.5, 11.5], "rotation": 270, "texture": "#0"},
				"up": {"uv": [7, 11, 8.5, 11.5], "texture": "#0"},
				"down": {"uv": [7, 11, 8.5, 11.5], "rotation": 180, "texture": "#0"}
			}
		},
		{
			"from": [7.10598, -5.26738, 7.553],
			"to": [8.95598, -4.96738, 8.653],
			"rotation": {"angle": 0, "axis": "x", "origin": [8.02097, 0.31455, 5.4195]},
			"faces": {
				"north": {"uv": [5, 10.5, 5.5, 12], "rotation": 90, "texture": "#0"},
				"east": {"uv": [8, 9.5, 9.5, 10], "rotation": 180, "texture": "#0"},
				"south": {"uv": [9, 11, 9.4, 12.5], "rotation": 90, "texture": "#0"},
				"west": {"uv": [8, 9.5, 9.5, 10], "texture": "#0"},
				"up": {"uv": [7, 10.5, 8.5, 12], "rotation": 90, "texture": "#0"},
				"down": {"uv": [6, 10.5, 7.5, 12], "rotation": 90, "texture": "#0"}
			}
		},
		{
			"from": [7, -9.29815, 0.92868],
			"to": [9, -7.29815, 2.92868],
			"rotation": {"angle": -45, "axis": "x", "origin": [8.02097, 0.31455, 5.4195]},
			"faces": {
				"north": {"uv": [0, 7, 1, 8], "rotation": 180, "texture": "#0"},
				"east": {"uv": [0, 7, 1, 8], "rotation": 180, "texture": "#0"},
				"south": {"uv": [0, 7, 1, 8], "rotation": 180, "texture": "#0"},
				"west": {"uv": [0, 7, 1, 8], "rotation": 180, "texture": "#0"},
				"up": {"uv": [0, 7, 1, 8], "rotation": 180, "texture": "#0"},
				"down": {"uv": [0, 7, 1, 8], "rotation": 180, "texture": "#0"}
			}
		},
		{
			"from": [7.1, 7.38871, 3.7984],
			"to": [8.9, 9.18871, 5.5984],
			"rotation": {"angle": -45, "axis": "x", "origin": [8.02097, 0.31455, 5.4195]},
			"faces": {
				"north": {"uv": [0, 7, 1, 8], "rotation": 270, "texture": "#0"},
				"east": {"uv": [0, 7, 1, 8], "rotation": 270, "texture": "#0"},
				"south": {"uv": [0, 7, 1, 8], "rotation": 270, "texture": "#0"},
				"west": {"uv": [0, 7, 1, 8], "rotation": 270, "texture": "#0"},
				"up": {"uv": [0, 7, 1, 8], "rotation": 270, "texture": "#0"},
				"down": {"uv": [0, 7, 1, 8], "rotation": 270, "texture": "#0"}
			}
		},
		{
			"from": [7.12, 8.10964, 1.34853],
			"to": [8.88, 9.86964, 3.10853],
			"rotation": {"angle": -22.5, "axis": "x", "origin": [8.02097, 0.31455, 5.4195]},
			"faces": {
				"north": {"uv": [0, 7, 1, 8], "texture": "#0"},
				"east": {"uv": [0, 7, 1, 8], "texture": "#0"},
				"south": {"uv": [0, 7, 1, 8], "texture": "#0"},
				"west": {"uv": [0, 7, 1, 8], "texture": "#0"},
				"up": {"uv": [0, 7, 1, 8], "texture": "#0"},
				"down": {"uv": [0, 7, 1, 8], "texture": "#0"}
			}
		},
		{
			"from": [7.43402, -8.87074, 0.57165],
			"to": [8.63402, -7.67074, 3.27165],
			"rotation": {"angle": -45, "axis": "x", "origin": [8.02097, 0.31455, 5.4195]},
			"faces": {
				"north": {"uv": [0, 7, 2, 9], "rotation": 90, "texture": "#0"},
				"east": {"uv": [0, 7, 3.5, 9], "rotation": 90, "texture": "#0"},
				"south": {"uv": [0, 7, 2, 9], "rotation": 90, "texture": "#0"},
				"west": {"uv": [0, 7, 3.5, 9], "rotation": 90, "texture": "#0"},
				"up": {"uv": [0, 7, 3.5, 9], "rotation": 90, "texture": "#0"},
				"down": {"uv": [0, 7, 3.5, 9], "rotation": 90, "texture": "#0"}
			}
		},
		{
			"from": [7.53402, 7.03169, 4.22582],
			"to": [8.53402, 9.53169, 5.22582],
			"rotation": {"angle": -45, "axis": "x", "origin": [8.02097, 0.31455, 5.4195]},
			"faces": {
				"north": {"uv": [0, 7, 1.75, 8], "rotation": 270, "texture": "#0"},
				"east": {"uv": [0, 7, 1.75, 8], "rotation": 270, "texture": "#0"},
				"south": {"uv": [0, 7, 1.75, 8], "rotation": 270, "texture": "#0"},
				"west": {"uv": [0, 7, 1.75, 8], "rotation": 270, "texture": "#0"},
				"up": {"uv": [0, 7, 1, 8], "rotation": 270, "texture": "#0"},
				"down": {"uv": [0, 7, 1, 8], "rotation": 270, "texture": "#0"}
			}
		},
		{
			"from": [7.53402, 8.51706, 0.98556],
			"to": [8.53402, 9.51706, 3.48556],
			"rotation": {"angle": -22.5, "axis": "x", "origin": [8.02097, 0.31455, 5.4195]},
			"faces": {
				"north": {"uv": [0, 7, 2, 9], "rotation": 90, "texture": "#0"},
				"east": {"uv": [0, 7, 3.5, 9], "rotation": 90, "texture": "#0"},
				"south": {"uv": [0, 7, 2, 9], "rotation": 90, "texture": "#0"},
				"west": {"uv": [0, 7, 3.5, 9], "rotation": 90, "texture": "#0"},
				"up": {"uv": [0, 7, 3.5, 9], "rotation": 90, "texture": "#0"},
				"down": {"uv": [0, 7, 3.5, 9], "rotation": 90, "texture": "#0"}
			}
		},
		{
			"from": [7.43402, -8.72202, 5.03949],
			"to": [8.63402, -6.02202, 6.23949],
			"rotation": {"angle": -22.5, "axis": "x", "origin": [8.02097, 0.31455, 5.4195]},
			"faces": {
				"north": {"uv": [0, 7, 1.75, 8], "rotation": 90, "texture": "#0"},
				"east": {"uv": [0, 7, 1.75, 8], "rotation": 90, "texture": "#0"},
				"south": {"uv": [0, 7, 1.75, 8], "rotation": 90, "texture": "#0"},
				"west": {"uv": [0, 7, 1.75, 8], "rotation": 90, "texture": "#0"},
				"up": {"uv": [0, 7, 1, 8], "rotation": 90, "texture": "#0"},
				"down": {"uv": [0, 7, 1, 8], "rotation": 90, "texture": "#0"}
			}
		},
		{
			"from": [7.43402, 6.84743, 5.73366],
			"to": [8.63402, 9.54743, 6.93366],
			"rotation": {"angle": -45, "axis": "x", "origin": [8.02097, 0.31455, 5.4195]},
			"faces": {
				"north": {"uv": [0, 7, 1.75, 8], "rotation": 90, "texture": "#0"},
				"east": {"uv": [0, 7, 1.75, 8], "rotation": 90, "texture": "#0"},
				"south": {"uv": [0, 7, 1.75, 8], "rotation": 90, "texture": "#0"},
				"west": {"uv": [0, 7, 1.75, 8], "rotation": 90, "texture": "#0"},
				"up": {"uv": [0, 7, 1, 8], "rotation": 90, "texture": "#0"},
				"down": {"uv": [0, 7, 1, 8], "rotation": 90, "texture": "#0"}
			}
		},
		{
			"from": [7.44402, -6.67291, 9.43339],
			"to": [8.62402, -3.99291, 10.61339],
			"rotation": {"angle": 22.5, "axis": "x", "origin": [8.02097, 0.31455, 5.4195]},
			"faces": {
				"north": {"uv": [0, 7, 1.75, 8], "rotation": 90, "texture": "#0"},
				"east": {"uv": [0, 7, 1.75, 8], "rotation": 90, "texture": "#0"},
				"south": {"uv": [0, 7, 1.75, 8], "rotation": 90, "texture": "#0"},
				"west": {"uv": [0, 7, 1.75, 8], "rotation": 90, "texture": "#0"},
				"up": {"uv": [0, 7, 1, 8], "rotation": 90, "texture": "#0"},
				"down": {"uv": [0, 7, 1, 8], "rotation": 90, "texture": "#0"}
			}
		},
		{
			"from": [7.44402, 4.9581, -1.21592],
			"to": [8.62402, 6.1381, 1.46408],
			"rotation": {"angle": 0, "axis": "x", "origin": [8.02097, 0.31455, 5.4195]},
			"faces": {
				"north": {"uv": [0, 7, 2, 9], "rotation": 180, "texture": "#0"},
				"east": {"uv": [0, 7, 3.5, 9], "rotation": 180, "texture": "#0"},
				"south": {"uv": [0, 7, 2, 9], "rotation": 180, "texture": "#0"},
				"west": {"uv": [0, 7, 3.5, 9], "rotation": 180, "texture": "#0"},
				"up": {"uv": [0, 7, 2, 10.5], "rotation": 180, "texture": "#0"},
				"down": {"uv": [0, 7, 3.5, 9], "rotation": 270, "texture": "#0"}
			}
		},
		{
			"from": [7.48402, -8.66373, 7.74405],
			"to": [8.58402, -6.06373, 8.84405],
			"rotation": {"angle": 0, "axis": "x", "origin": [8.02097, 0.31455, 5.4195]},
			"faces": {
				"north": {"uv": [0, 7, 1.75, 8], "rotation": 90, "texture": "#0"},
				"east": {"uv": [0, 7, 1.75, 8], "rotation": 90, "texture": "#0"},
				"south": {"uv": [0, 7, 1.75, 8], "rotation": 90, "texture": "#0"},
				"west": {"uv": [0, 7, 1.75, 8], "rotation": 90, "texture": "#0"},
				"up": {"uv": [0, 7, 1, 8], "rotation": 90, "texture": "#0"},
				"down": {"uv": [0, 7, 1, 8], "rotation": 90, "texture": "#0"}
			}
		},
		{
			"from": [7.48402, 3.35555, -3.47449],
			"to": [8.58402, 4.45555, -0.87449],
			"rotation": {"angle": 22.5, "axis": "x", "origin": [8.02097, 0.31455, 5.4195]},
			"faces": {
				"north": {"uv": [0, 7, 1, 8], "rotation": 270, "texture": "#0"},
				"east": {"uv": [0, 7, 1.75, 8], "rotation": 180, "texture": "#0"},
				"south": {"uv": [0, 7, 1, 8], "rotation": 90, "texture": "#0"},
				"west": {"uv": [0, 7, 1.75, 8], "texture": "#0"},
				"up": {"uv": [0, 7, 1.75, 8], "rotation": 90, "texture": "#0"},
				"down": {"uv": [0, 7, 1.75, 8], "rotation": 270, "texture": "#0"}
			}
		},
		{
			"from": [7.20598, 3.19453, -1.53185],
			"to": [8.85598, 4.09453, 5.86815],
			"rotation": {"angle": 22.5, "axis": "x", "origin": [8.02097, 0.31455, 5.4195]},
			"faces": {
				"north": {"uv": [0, 7, 8, 8.5], "rotation": 270, "texture": "#0"},
				"east": {"uv": [0, 7, 8, 8.5], "rotation": 180, "texture": "#0"},
				"south": {"uv": [0, 7, 8, 8.5], "rotation": 90, "texture": "#0"},
				"west": {"uv": [0, 7, 8, 8.5], "texture": "#0"},
				"up": {"uv": [0, 7, 8, 9.25], "rotation": 90, "texture": "#0"},
				"down": {"uv": [0, 7, 8, 9.25], "rotation": 270, "texture": "#0"}
			}
		},
		{
			"from": [7.65, -6.11093, 7.08488],
			"to": [8.4, 1.88907, 9.08488],
			"rotation": {"angle": 0, "axis": "x", "origin": [8.02097, 0.31455, 5.4195]},
			"faces": {
				"north": {"uv": [0, 7, 8, 8], "rotation": 90, "texture": "#0"},
				"east": {"uv": [0, 7, 8, 8], "rotation": 90, "texture": "#0"},
				"south": {"uv": [7.5, 7.5, 15.5, 8.5], "rotation": 270, "texture": "#0"},
				"west": {"uv": [0, 7, 8, 8], "rotation": 90, "texture": "#0"},
				"up": {"uv": [0, 7, 8, 8], "rotation": 90, "texture": "#0"},
				"down": {"uv": [0, 7, 8, 8], "rotation": 90, "texture": "#0"}
			}
		},
		{
			"from": [7.55, -4.91093, 6.98488],
			"to": [8.5, -3.91093, 9.18488],
			"rotation": {"angle": 0, "axis": "x", "origin": [8.02097, 0.31455, 5.4195]},
			"faces": {
				"north": {"uv": [2.5, 5.5, 4, 7], "rotation": 90, "texture": "#0"},
				"east": {"uv": [2.5, 4, 4, 6.5], "rotation": 90, "texture": "#0"},
				"south": {"uv": [2.5, 5.5, 4, 7], "rotation": 90, "texture": "#0"},
				"west": {"uv": [2, 4.5, 3.5, 7], "rotation": 90, "texture": "#0"},
				"up": {"uv": [2.5, 5.5, 4, 7], "rotation": 90, "texture": "#0"},
				"down": {"uv": [2.5, 5.5, 4, 7], "rotation": 90, "texture": "#0"}
			}
		},
		{
			"from": [7.55, -3.81093, 6.98488],
			"to": [8.5, -3.11093, 9.18488],
			"rotation": {"angle": 0, "axis": "x", "origin": [8.02097, 0.31455, 5.4195]},
			"faces": {
				"north": {"uv": [1.5, 4.5, 2.5, 6], "rotation": 90, "texture": "#0"},
				"east": {"uv": [2.5, 4, 4, 6.5], "rotation": 90, "texture": "#0"},
				"south": {"uv": [0.5, 5, 1.5, 6.5], "rotation": 90, "texture": "#0"},
				"west": {"uv": [2, 4.5, 3.5, 7], "rotation": 90, "texture": "#0"},
				"up": {"uv": [2.5, 5.5, 4, 7], "rotation": 90, "texture": "#0"},
				"down": {"uv": [2.5, 5.5, 4, 7], "rotation": 90, "texture": "#0"}
			}
		},
		{
			"from": [7.55, -3.01093, 6.98488],
			"to": [8.5, -1.81093, 9.18488],
			"rotation": {"angle": 0, "axis": "x", "origin": [8.02097, 0.31455, 5.4195]},
			"faces": {
				"north": {"uv": [2.5, 5.5, 4, 7], "rotation": 90, "texture": "#0"},
				"east": {"uv": [2.5, 4, 4, 6.5], "rotation": 90, "texture": "#0"},
				"south": {"uv": [1.5, 4, 3, 5.5], "rotation": 90, "texture": "#0"},
				"west": {"uv": [2, 4.5, 3.5, 7], "rotation": 90, "texture": "#0"},
				"up": {"uv": [2.5, 5.5, 4, 7], "rotation": 90, "texture": "#0"},
				"down": {"uv": [2.5, 5.5, 4, 7], "rotation": 90, "texture": "#0"}
			}
		},
		{
			"from": [7.55, -1.71093, 6.98488],
			"to": [8.5, -1.31093, 9.18488],
			"rotation": {"angle": 0, "axis": "x", "origin": [8.02097, 0.31455, 5.4195]},
			"faces": {
				"north": {"uv": [5, 10.5, 5.5, 12], "rotation": 90, "texture": "#0"},
				"east": {"uv": [8, 9.5, 9.5, 10], "rotation": 180, "texture": "#0"},
				"south": {"uv": [9, 11, 9.4, 12.5], "rotation": 90, "texture": "#0"},
				"west": {"uv": [8, 9.5, 9.5, 10], "texture": "#0"},
				"up": {"uv": [7, 10.5, 8.5, 12], "rotation": 90, "texture": "#0"},
				"down": {"uv": [6, 10.5, 7.5, 12], "rotation": 90, "texture": "#0"}
			}
		},
		{
			"from": [7.55, 2.54629, -0.00838],
			"to": [8.5, 4.74629, 0.39162],
			"rotation": {"angle": 22.5, "axis": "x", "origin": [8.02097, 0.31455, 5.4195]},
			"faces": {
				"north": {"uv": [7, 11, 8.5, 11.5], "rotation": 180, "texture": "#0"},
				"east": {"uv": [7, 11, 8.5, 11.5], "rotation": 90, "texture": "#0"},
				"south": {"uv": [7, 11, 8.5, 11.5], "texture": "#0"},
				"west": {"uv": [7, 11, 8.5, 11.5], "rotation": 270, "texture": "#0"},
				"up": {"uv": [7, 11, 8.5, 11.5], "texture": "#0"},
				"down": {"uv": [7, 11, 8.5, 11.5], "rotation": 180, "texture": "#0"}
			}
		},
		{
			"from": [7.9, 1.42963, 0.0841],
			"to": [8.1, 4.42963, 0.2841],
			"rotation": {"angle": 45, "axis": "x", "origin": [7.99652, 2.83775, 0.82096]},
			"faces": {
				"north": {"uv": [2.5, 5, 2.6, 6], "rotation": 180, "texture": "#0"},
				"east": {"uv": [2.5, 5, 2.6, 6], "rotation": 180, "texture": "#0"},
				"south": {"uv": [2.5, 5, 2.6, 6], "rotation": 180, "texture": "#0"},
				"west": {"uv": [2.5, 5, 2.6, 6], "rotation": 180, "texture": "#0"},
				"up": {"uv": [2.5, 5, 2.6, 6], "rotation": 180, "texture": "#0"},
				"down": {"uv": [2.5, 5, 2.6, 6], "rotation": 180, "texture": "#0"}
			}
		},
		{
			"from": [7.6, 2.17963, -0.2159],
			"to": [8.4, 2.97963, 0.5841],
			"rotation": {"angle": 45, "axis": "x", "origin": [7.99652, 2.83775, 0.82096]},
			"faces": {
				"north": {"uv": [5, 13.5, 6, 14.5], "rotation": 180, "texture": "#0"},
				"east": {"uv": [5, 13.5, 6, 14.5], "rotation": 180, "texture": "#0"},
				"south": {"uv": [5, 13.5, 6, 14.5], "rotation": 180, "texture": "#0"},
				"west": {"uv": [5, 13.5, 6, 14.5], "rotation": 180, "texture": "#0"},
				"up": {"uv": [5, 13.5, 6, 14.5], "rotation": 180, "texture": "#0"},
				"down": {"uv": [5, 13.5, 6, 14.5], "rotation": 180, "texture": "#0"}
			}
		},
		{
			"from": [7.7, 1.17963, -0.1159],
			"to": [8.3, 1.77963, 0.4841],
			"rotation": {"angle": 45, "axis": "x", "origin": [7.99652, 2.83775, 0.82096]},
			"faces": {
				"north": {"uv": [8.5, 13.5, 9.5, 14.5], "rotation": 180, "texture": "#0"},
				"east": {"uv": [8.5, 13.5, 9.5, 14.5], "rotation": 180, "texture": "#0"},
				"south": {"uv": [8.5, 13.5, 9.5, 14.5], "rotation": 180, "texture": "#0"},
				"west": {"uv": [8.5, 13.5, 9.5, 14.5], "rotation": 180, "texture": "#0"},
				"up": {"uv": [8.5, 13.5, 9.5, 14.5], "rotation": 180, "texture": "#0"},
				"down": {"uv": [8.5, 13.5, 9.5, 14.5], "rotation": 180, "texture": "#0"}
			}
		},
		{
			"from": [7.55, -5.31093, 6.98488],
			"to": [8.5, -4.91093, 9.18488],
			"rotation": {"angle": 0, "axis": "x", "origin": [8.02097, 0.31455, 5.4195]},
			"faces": {
				"north": {"uv": [5, 10.5, 5.5, 12], "rotation": 90, "texture": "#0"},
				"east": {"uv": [8, 9.5, 9.5, 10], "rotation": 180, "texture": "#0"},
				"south": {"uv": [9, 11, 9.4, 12.5], "rotation": 90, "texture": "#0"},
				"west": {"uv": [8, 9.5, 9.5, 10], "texture": "#0"},
				"up": {"uv": [7, 10.5, 8.5, 12], "rotation": 90, "texture": "#0"},
				"down": {"uv": [6, 10.5, 7.5, 12], "rotation": 90, "texture": "#0"}
			}
		},
		{
			"from": [7.65, 2.6264, -1.2754],
			"to": [8.4, 4.6264, 6.7246],
			"rotation": {"angle": 22.5, "axis": "x", "origin": [8.02097, 0.31455, 5.4195]},
			"faces": {
				"north": {"uv": [0, 7, 8, 9], "rotation": 270, "texture": "#0"},
				"east": {"uv": [0, 7, 8, 9], "rotation": 180, "texture": "#0"},
				"south": {"uv": [0, 7, 8, 9], "rotation": 90, "texture": "#0"},
				"west": {"uv": [0, 7, 8, 9], "texture": "#0"},
				"up": {"uv": [6.5, 4.5, 14.5, 5.5], "rotation": 90, "texture": "#0"},
				"down": {"uv": [0, 7, 8, 7.75], "rotation": 270, "texture": "#0"}
			}
		},
		{
			"from": [7.0613, -0.22188, 7.18465],
			"to": [8.9613, 2.87812, 8.58465],
			"rotation": {"angle": -22.5, "axis": "x", "origin": [8.02097, 0.31455, 5.4195]},
			"faces": {
				"north": {"uv": [3.5, 7, 7.2, 9], "rotation": 270, "texture": "#0"},
				"east": {"uv": [3.5, 7, 7.2, 9], "rotation": 270, "texture": "#0"},
				"south": {"uv": [3.5, 7, 7.2, 9], "rotation": 270, "texture": "#0"},
				"west": {"uv": [3.5, 7, 7.2, 9], "rotation": 270, "texture": "#0"},
				"up": {"uv": [3.5, 7, 7.2, 9], "rotation": 270, "texture": "#0"},
				"down": {"uv": [3.5, 7, 7.2, 9], "rotation": 270, "texture": "#0"}
			}
		},
		{
			"from": [7.0113, 2.40669, 5.03462],
			"to": [9.0113, 4.75669, 5.53462],
			"rotation": {"angle": 22.5, "axis": "x", "origin": [8.02097, 0.31455, 5.4195]},
			"faces": {
				"north": {"uv": [7, 10.5, 8.5, 12], "rotation": 270, "texture": "#0"},
				"east": {"uv": [8, 9.5, 9.5, 10], "rotation": 270, "texture": "#0"},
				"south": {"uv": [6, 10.5, 7.5, 12], "rotation": 90, "texture": "#0"},
				"west": {"uv": [8, 9.5, 9.5, 10], "rotation": 270, "texture": "#0"},
				"up": {"uv": [9, 11, 9.4, 12.5], "rotation": 90, "texture": "#0"},
				"down": {"uv": [5, 10.5, 5.5, 12], "rotation": 270, "texture": "#0"}
			}
		},
		{
			"from": [7.0213, 0.43064, 7.01325],
			"to": [9.0013, 2.41064, 9.39325],
			"rotation": {"angle": -22.5, "axis": "x", "origin": [8.02097, 0.31455, 5.4195]},
			"faces": {
				"north": {"uv": [6, 7, 9.4, 9.5], "rotation": 180, "texture": "#0"},
				"east": {"uv": [12.5, 4, 15.9, 6.5], "rotation": 180, "texture": "#0"},
				"south": {"uv": [11, 4, 14.4, 6.5], "rotation": 180, "texture": "#0"},
				"west": {"uv": [6, 7, 9.4, 9.5], "rotation": 180, "texture": "#0"},
				"up": {"uv": [6, 7, 9.4, 9.5], "rotation": 180, "texture": "#0"},
				"down": {"uv": [6, 7, 9.4, 9.5], "rotation": 180, "texture": "#0"}
			}
		},
		{
			"from": [7.0113, 0.39879, 6.88835],
			"to": [9.0113, 0.89879, 9.23835],
			"rotation": {"angle": 0, "axis": "x", "origin": [8.02097, 0.31455, 5.4195]},
			"faces": {
				"north": {"uv": [5, 10.5, 5.5, 12], "rotation": 90, "texture": "#0"},
				"east": {"uv": [8, 9.5, 9.5, 10], "rotation": 180, "texture": "#0"},
				"south": {"uv": [9, 11, 9.4, 12.5], "rotation": 270, "texture": "#0"},
				"west": {"uv": [8, 9.5, 9.5, 10], "texture": "#0"},
				"up": {"uv": [7, 10.5, 8.5, 12], "rotation": 90, "texture": "#0"},
				"down": {"uv": [6, 10.5, 7.5, 12], "rotation": 270, "texture": "#0"}
			}
		},
		{
			"from": [6.9113, 1.77596, 6.18787],
			"to": [9.1113, 2.27596, 9.33787],
			"rotation": {"angle": 22.5, "axis": "x", "origin": [8.02122, 2.0265, 7.7024]},
			"faces": {
				"north": {"uv": [5, 10.5, 5.5, 12], "rotation": 90, "texture": "#0"},
				"east": {"uv": [8, 9.5, 9.5, 10], "rotation": 180, "texture": "#0"},
				"south": {"uv": [9, 11, 9.4, 12.5], "rotation": 270, "texture": "#0"},
				"west": {"uv": [8, 9.5, 9.5, 10], "texture": "#0"},
				"up": {"uv": [7, 10.5, 8.5, 12], "rotation": 90, "texture": "#0"},
				"down": {"uv": [6, 10.5, 7.5, 12], "rotation": 270, "texture": "#0"}
			}
		},
		{
			"from": [6.9013, 2.27033, 5.91217],
			"to": [9.1213, 2.79033, 9.08217],
			"rotation": {"angle": -45, "axis": "x", "origin": [8.01996, 2.53774, 7.49105]},
			"faces": {
				"north": {"uv": [5, 10.5, 5.5, 12], "rotation": 270, "texture": "#0"},
				"east": {"uv": [8, 9.5, 9.5, 10], "rotation": 180, "texture": "#0"},
				"south": {"uv": [9, 11, 9.4, 12.5], "rotation": 90, "texture": "#0"},
				"west": {"uv": [8, 9.5, 9.5, 10], "texture": "#0"},
				"up": {"uv": [7, 10.5, 8.5, 12], "rotation": 90, "texture": "#0"},
				"down": {"uv": [6, 10.5, 7.5, 12], "rotation": 270, "texture": "#0"}
			}
		},
		{
			"from": [7.0113, 2.40669, 4.28462],
			"to": [9.0113, 4.75669, 4.78462],
			"rotation": {"angle": 22.5, "axis": "x", "origin": [8.02097, 0.31455, 5.4195]},
			"faces": {
				"north": {"uv": [7, 10.5, 8.5, 12], "rotation": 270, "texture": "#0"},
				"east": {"uv": [8, 9.5, 9.5, 10], "rotation": 270, "texture": "#0"},
				"south": {"uv": [6, 10.5, 7.5, 12], "rotation": 90, "texture": "#0"},
				"west": {"uv": [8, 9.5, 9.5, 10], "rotation": 270, "texture": "#0"},
				"up": {"uv": [9, 11, 9.4, 12.5], "rotation": 90, "texture": "#0"},
				"down": {"uv": [5, 10.5, 5.5, 12], "rotation": 270, "texture": "#0"}
			}
		},
		{
			"from": [7.0113, -0.35121, 6.88835],
			"to": [9.0113, 0.14879, 9.23835],
			"rotation": {"angle": 0, "axis": "x", "origin": [8.02097, 0.31455, 5.4195]},
			"faces": {
				"north": {"uv": [5, 10.5, 5.5, 12], "rotation": 270, "texture": "#0"},
				"east": {"uv": [8, 9.5, 9.5, 10], "rotation": 180, "texture": "#0"},
				"south": {"uv": [9, 11, 9.4, 12.5], "rotation": 270, "texture": "#0"},
				"west": {"uv": [8, 9.5, 9.5, 10], "texture": "#0"},
				"up": {"uv": [7, 10.5, 8.5, 12], "rotation": 90, "texture": "#0"},
				"down": {"uv": [6, 10.5, 7.5, 12], "rotation": 270, "texture": "#0"}
			}
		}
	],
	"display": {
		"thirdperson": {
			"rotation": [90, 90, -90],
			"translation": [0, 0.5, -7.5],
			"scale": [1.3, 1.3, 1.3]
		},
		"firstperson": {
			"rotation": [0, -45, -15],
			"translation": [0, 11, 3.2],
			"scale": [1.6, 1.6, 1.6]
		},
		"ground": {
			"translation": [0, 5, 0],
			"scale": [2, 2, 2]
		},
		"gui": {
			"rotation": [-45, 45, 55],
			"translation": [-2, 7, 0],
			"scale": [2, 2, 2]
		},
		"fixed": {
			"scale": [2, 2, 2]
		}
	}
}