{
	"credit": "Made with Blockbench",
	"textures": {
		"0": "skins/bwand",
		"1": "skins/bwandanim",
		"particle": "skins/bwand"
	},
	"elements": [
		{
			"from": [7.63672, -6.9, 7.61516],
			"to": [8.43672, 4.9, 8.41516],
			"rotation": {"angle": 0, "axis": "y", "origin": [8.03669, -2.99995, 7.98796]},
			"faces": {
				"north": {"uv": [2, 2, 14, 3], "rotation": 90, "texture": "#0"},
				"east": {"uv": [2, 1, 14, 2], "rotation": 90, "texture": "#0"},
				"south": {"uv": [2, 4, 14, 5], "rotation": 90, "texture": "#0"},
				"west": {"uv": [2, 1.5, 14, 2.5], "rotation": 90, "texture": "#0"},
				"up": {"uv": [2, 2, 14, 3], "rotation": 90, "texture": "#0"},
				"down": {"uv": [2, 2, 14, 3], "rotation": 90, "texture": "#0"}
			}
		},
		{
			"from": [7.43672, 4.2, 7.41516],
			"to": [8.63672, 5.4, 8.61516],
			"rotation": {"angle": 45, "axis": "x", "origin": [8.04286, 4.80005, 8.00898]},
			"faces": {
				"north": {"uv": [5.5, 1.5, 7, 3], "rotation": 270, "texture": "#0"},
				"east": {"uv": [5.5, 1.5, 7, 3], "rotation": 270, "texture": "#0"},
				"south": {"uv": [1.5, 3, 3, 4.5], "rotation": 270, "texture": "#0"},
				"west": {"uv": [5.5, 1.5, 7, 3], "rotation": 270, "texture": "#0"},
				"up": {"uv": [5.5, 1.5, 7, 3], "rotation": 270, "texture": "#0"},
				"down": {"uv": [14, 2.5, 15.5, 4], "rotation": 270, "texture": "#0"}
			}
		},
		{
			"from": [6.83672, 8.29659, 7.51368],
			"to": [8.83672, 8.99659, 9.51368],
			"rotation": {"angle": 45, "axis": "y", "origin": [7.33536, 8.79568, 8.01464]},
			"faces": {
				"north": {"uv": [6, 6, 8, 7], "texture": "#0"},
				"east": {"uv": [6, 6, 8, 7], "texture": "#0"},
				"south": {"uv": [6, 6, 8, 7], "texture": "#0"},
				"west": {"uv": [6, 6, 8, 7], "texture": "#0"},
				"up": {"uv": [9.5, 5.5, 11, 7], "texture": "#0"},
				"down": {"uv": [0, 6.5, 2, 8.5], "texture": "#0"}
			}
		},
		{
			"from": [6.53704, 9.29659, 6.51061],
			"to": [9.53704, 12.29659, 9.51061],
			"rotation": {"angle": 45, "axis": "y", "origin": [8.03044, 10.79663, 8.01718]},
			"faces": {
				"north": {"uv": [0, 0, 16, 16], "texture": "#1"},
				"east": {"uv": [0, 0, 16, 16], "texture": "#1"},
				"south": {"uv": [0, 0, 16, 16], "texture": "#1"},
				"west": {"uv": [0, 0, 16, 16], "texture": "#1"},
				"up": {"uv": [0, 0, 16, 16], "texture": "#1"},
				"down": {"uv": [0, 0, 16, 16], "texture": "#1"}
			}
		},
		{
			"from": [7.43672, 7.29659, 8.11368],
			"to": [8.23672, 8.09659, 8.91368],
			"rotation": {"angle": 45, "axis": "y", "origin": [7.33536, 7.19568, 8.01464]},
			"faces": {
				"north": {"uv": [5.5, 6, 7.5, 8], "texture": "#0"},
				"east": {"uv": [10.5, 6, 12.5, 8], "texture": "#0"},
				"south": {"uv": [9, 6, 11, 8], "texture": "#0"},
				"west": {"uv": [7, 6, 9, 8], "texture": "#0"},
				"up": {"uv": [9.5, 5.5, 11, 7], "texture": "#0"},
				"down": {"uv": [1, 6.5, 3, 8.5], "texture": "#0"}
			}
		},
		{
			"from": [7.43672, -7.48645, 6.94854],
			"to": [8.63672, -6.28645, 8.14854],
			"rotation": {"angle": 45, "axis": "x", "origin": [8.03791, -7.32415, 8.0021]},
			"faces": {
				"north": {"uv": [5.5, 1.5, 7, 3], "rotation": 180, "texture": "#0"},
				"east": {"uv": [5.5, 1.5, 7, 3], "rotation": 180, "texture": "#0"},
				"south": {"uv": [5.5, 1.5, 7, 3], "rotation": 180, "texture": "#0"},
				"west": {"uv": [5.5, 1.5, 7, 3], "rotation": 180, "texture": "#0"},
				"up": {"uv": [5.5, 1.5, 7, 3], "rotation": 180, "texture": "#0"},
				"down": {"uv": [5.5, 1.5, 7, 3], "rotation": 180, "texture": "#0"}
			}
		},
		{
			"from": [7.33672, 4.5, 7.71516],
			"to": [8.73672, 5.1, 8.31516],
			"rotation": {"angle": 45, "axis": "x", "origin": [7.64286, 4.80005, 8.00898]},
			"faces": {
				"north": {"uv": [6, 6, 7, 7], "texture": "#0"},
				"east": {"uv": [6, 6, 7, 7], "texture": "#0"},
				"south": {"uv": [6, 6, 7, 7], "texture": "#0"},
				"west": {"uv": [6, 6, 7, 7], "texture": "#0"},
				"up": {"uv": [6, 6, 7, 7], "texture": "#0"},
				"down": {"uv": [6, 6, 7, 7], "texture": "#0"}
			}
		},
		{
			"from": [7.33672, -7.18645, 7.24854],
			"to": [8.73672, -6.58645, 7.84854],
			"rotation": {"angle": 45, "axis": "x", "origin": [8.03791, -7.32415, 8.0021]},
			"faces": {
				"north": {"uv": [6, 6, 7, 7], "rotation": 180, "texture": "#0"},
				"east": {"uv": [6, 6, 7, 7], "rotation": 180, "texture": "#0"},
				"south": {"uv": [6, 6, 7, 7], "rotation": 180, "texture": "#0"},
				"west": {"uv": [6, 6, 7, 7], "rotation": 180, "texture": "#0"},
				"up": {"uv": [6, 6, 7, 7], "rotation": 180, "texture": "#0"},
				"down": {"uv": [6, 6, 7, 7], "rotation": 180, "texture": "#0"}
			}
		},
		{
			"from": [7.73009, 3.67885, 10.41212],
			"to": [8.33009, 7.27885, 11.01212],
			"rotation": {"angle": 45, "axis": "x", "origin": [8.04234, 7.47891, 10.69981]},
			"faces": {
				"north": {"uv": [3, 0.5, 2, 4.5], "texture": "#0"},
				"east": {"uv": [4, 0, 5, 4], "texture": "#0"},
				"south": {"uv": [2.5, 0.5, 1.5, 4.5], "texture": "#0"},
				"west": {"uv": [6, 0.5, 7, 4.5], "texture": "#0"},
				"up": {"uv": [0, 0, 1, 1], "rotation": 270, "texture": "#0"},
				"down": {"uv": [0, 0, 1, 1], "rotation": 90, "texture": "#0"}
			}
		},
		{
			"from": [7.72932, -9.48364, 7.27791],
			"to": [8.32932, -6.88364, 7.87791],
			"rotation": {"angle": 45, "axis": "x", "origin": [8.03714, -7.3244, 8.04605]},
			"faces": {
				"north": {"uv": [0, 0, 1, 3], "rotation": 180, "texture": "#0"},
				"east": {"uv": [5, 0, 6, 3], "rotation": 180, "texture": "#0"},
				"south": {"uv": [0, 0, 1, 3], "rotation": 180, "texture": "#0"},
				"west": {"uv": [5.5, 0, 6.5, 3], "rotation": 180, "texture": "#0"},
				"up": {"uv": [0, 0, 1, 1], "rotation": 90, "texture": "#0"},
				"down": {"uv": [0, 0, 1, 1], "rotation": 270, "texture": "#0"}
			}
		},
		{
			"from": [7.72917, -9.96918, 8.37834],
			"to": [8.32917, -7.06918, 8.97834],
			"rotation": {"angle": 45, "axis": "x", "origin": [8.0564, -9.0151, 8.03255]},
			"faces": {
				"north": {"uv": [0, 0, 1, 3.3], "texture": "#0"},
				"east": {"uv": [5, 0, 6, 3], "texture": "#0"},
				"south": {"uv": [0, 0, 1, 3.3], "texture": "#0"},
				"west": {"uv": [5.5, 0, 6.5, 3], "texture": "#0"},
				"up": {"uv": [0, 0, 1, 1], "rotation": 270, "texture": "#0"},
				"down": {"uv": [0, 0, 1, 1], "rotation": 90, "texture": "#0"}
			}
		},
		{
			"from": [7.73074, 5.4646, 6.78309],
			"to": [8.33074, 7.0646, 7.38309],
			"rotation": {"angle": 45, "axis": "x", "origin": [8.02715, 8.17724, 7.9958]},
			"faces": {
				"north": {"uv": [5, 1, 6, 3], "rotation": 180, "texture": "#0"},
				"east": {"uv": [4.5, 1, 5.5, 3], "rotation": 180, "texture": "#0"},
				"south": {"uv": [4.5, 1, 5.5, 3], "rotation": 180, "texture": "#0"},
				"west": {"uv": [12.5, 0.5, 13.5, 2.5], "rotation": 180, "texture": "#0"},
				"up": {"uv": [0, 0, 1, 1], "rotation": 180, "texture": "#0"},
				"down": {"uv": [8, 3, 9, 4], "rotation": 180, "texture": "#0"}
			}
		},
		{
			"from": [7.73009, 4.25775, 6.40831],
			"to": [8.33009, 7.85775, 7.00831],
			"rotation": {"angle": -45, "axis": "x", "origin": [8.03575, 6.05375, 6.7092]},
			"faces": {
				"north": {"uv": [3, 0.5, 2, 4.5], "texture": "#0"},
				"east": {"uv": [4, 0, 5, 4], "texture": "#0"},
				"south": {"uv": [2.5, 0.5, 1.5, 4.5], "texture": "#0"},
				"west": {"uv": [6, 0.5, 7, 4.5], "texture": "#0"},
				"up": {"uv": [1, 0, 0, 1], "rotation": 270, "texture": "#0"},
				"down": {"uv": [1, 0, 0, 1], "rotation": 90, "texture": "#0"}
			}
		},
		{
			"from": [7.73109, -7.15203, 7.56531],
			"to": [8.32909, -6.55403, 10.16331],
			"rotation": {"angle": 45, "axis": "x", "origin": [8.03791, -7.32415, 8.0021]},
			"faces": {
				"north": {"uv": [1, 0, 2, 1], "rotation": 270, "texture": "#0"},
				"east": {"uv": [5, 0, 6, 3], "rotation": 270, "texture": "#0"},
				"south": {"uv": [1, 0, 2, 1], "rotation": 270, "texture": "#0"},
				"west": {"uv": [5.5, 0, 6.5, 3], "rotation": 90, "texture": "#0"},
				"up": {"uv": [1, 0, 2, 3], "rotation": 180, "texture": "#0"},
				"down": {"uv": [1, 0, 2, 3], "texture": "#0"}
			}
		},
		{
			"from": [7.73024, -9.99861, 6.09191],
			"to": [8.32824, -9.40061, 8.98991],
			"rotation": {"angle": 45, "axis": "x", "origin": [8.05648, -9.01517, 8.07548]},
			"faces": {
				"north": {"uv": [1, 0, 2, 1], "rotation": 90, "texture": "#0"},
				"east": {"uv": [5, 0, 6, 3], "rotation": 90, "texture": "#0"},
				"south": {"uv": [1, 0, 2, 1], "rotation": 90, "texture": "#0"},
				"west": {"uv": [5.5, 0, 6.5, 3], "rotation": 270, "texture": "#0"},
				"up": {"uv": [1, 0, 2, 3.3], "texture": "#0"},
				"down": {"uv": [1, 0, 2, 3.3], "rotation": 180, "texture": "#0"}
			}
		},
		{
			"from": [7.73174, 8.79596, 9.11445],
			"to": [8.32974, 9.39396, 10.71245],
			"rotation": {"angle": 45, "axis": "x", "origin": [8.02715, 8.17724, 7.9958]},
			"faces": {
				"north": {"uv": [1, 0, 2, 1], "rotation": 270, "texture": "#0"},
				"east": {"uv": [4.5, 1, 5.5, 3], "rotation": 270, "texture": "#0"},
				"south": {"uv": [1, 0, 2, 1], "rotation": 270, "texture": "#0"},
				"west": {"uv": [5, 1, 6, 3], "rotation": 90, "texture": "#0"},
				"up": {"uv": [3, 0.5, 4, 2.5], "rotation": 180, "texture": "#0"},
				"down": {"uv": [3, 0.5, 4, 2.5], "texture": "#0"}
			}
		},
		{
			"from": [9.8, 7.3, 9.8],
			"to": [10.2, 11.7, 10.2],
			"rotation": {"angle": 45, "axis": "x", "origin": [7.99563, 9.50173, 8.00438]},
			"faces": {
				"north": {"uv": [5.5, 9, 6.5, 14], "texture": "#0"},
				"east": {"uv": [5.5, 9, 10.5, 10], "rotation": 90, "texture": "#0"},
				"south": {"uv": [4.5, 9.5, 9.5, 10.5], "rotation": 90, "texture": "#0"},
				"west": {"uv": [4.5, 9, 5.5, 14], "texture": "#0"},
				"up": {"uv": [4.5, 9, 5.5, 10], "texture": "#0"},
				"down": {"uv": [6, 9, 7, 10], "texture": "#0"}
			}
		},
		{
			"from": [9.801, 7.30362, 5.80363],
			"to": [10.199, 7.70162, 10.20163],
			"rotation": {"angle": 45, "axis": "x", "origin": [7.99563, 9.50173, 8.00438]},
			"faces": {
				"north": {"uv": [5.5, 9, 6.5, 10], "texture": "#0"},
				"east": {"uv": [4.5, 9, 9.5, 10], "texture": "#0"},
				"south": {"uv": [4, 10.5, 5, 11.5], "rotation": 180, "texture": "#0"},
				"west": {"uv": [4.5, 9, 9.5, 10], "texture": "#0"},
				"up": {"uv": [4.5, 9, 5.5, 14], "texture": "#0"},
				"down": {"uv": [6, 9, 7, 14], "texture": "#0"}
			}
		},
		{
			"from": [9.05, -11.68742, 6.4819],
			"to": [9.45, -8.78742, 6.8819],
			"rotation": {"angle": 45, "axis": "x", "origin": [8.28544, -10.23757, 8.14703]},
			"faces": {
				"north": {"uv": [6, 9.5, 7, 13], "rotation": 180, "texture": "#0"},
				"east": {"uv": [6, 9.5, 7, 13], "rotation": 180, "texture": "#0"},
				"south": {"uv": [6, 9.5, 7, 13], "rotation": 180, "texture": "#0"},
				"west": {"uv": [6, 9.5, 7, 13], "rotation": 180, "texture": "#0"},
				"up": {"uv": [6, 9.5, 7, 10.5], "rotation": 180, "texture": "#0"},
				"down": {"uv": [6, 9.5, 7, 10.5], "rotation": 180, "texture": "#0"}
			}
		},
		{
			"from": [9.05437, -11.68967, 6.47976],
			"to": [9.45437, -11.28967, 9.37976],
			"rotation": {"angle": 45, "axis": "x", "origin": [8.28544, -10.23757, 8.14703]},
			"faces": {
				"north": {"uv": [6, 9.5, 7, 10.5], "rotation": 270, "texture": "#0"},
				"east": {"uv": [6, 9.5, 7, 13], "rotation": 270, "texture": "#0"},
				"south": {"uv": [6, 9.5, 7, 10.5], "rotation": 270, "texture": "#0"},
				"west": {"uv": [6, 9.5, 7, 13], "rotation": 270, "texture": "#0"},
				"up": {"uv": [6, 9.5, 9.5, 10.5], "rotation": 270, "texture": "#0"},
				"down": {"uv": [6, 9.5, 9.5, 10.5], "rotation": 270, "texture": "#0"}
			}
		},
		{
			"from": [9.05437, -9.18967, 6.47976],
			"to": [9.45437, -8.78967, 9.37976],
			"rotation": {"angle": 45, "axis": "x", "origin": [8.28544, -10.23757, 8.14703]},
			"faces": {
				"north": {"uv": [6, 9.5, 7, 10.5], "rotation": 270, "texture": "#0"},
				"east": {"uv": [6, 9.5, 7, 13], "rotation": 270, "texture": "#0"},
				"south": {"uv": [6, 9.5, 7, 10.5], "rotation": 270, "texture": "#0"},
				"west": {"uv": [6, 9.5, 7, 13], "rotation": 270, "texture": "#0"},
				"up": {"uv": [6, 9.5, 9.5, 10.5], "rotation": 270, "texture": "#0"},
				"down": {"uv": [6, 9.5, 9.5, 10.5], "rotation": 270, "texture": "#0"}
			}
		},
		{
			"from": [9.05, -11.68742, 8.9819],
			"to": [9.45, -8.78742, 9.3819],
			"rotation": {"angle": 45, "axis": "x", "origin": [8.28544, -10.23757, 8.14703]},
			"faces": {
				"north": {"uv": [6, 9.5, 7, 13], "rotation": 180, "texture": "#0"},
				"east": {"uv": [6, 9.5, 7, 13], "rotation": 180, "texture": "#0"},
				"south": {"uv": [6, 9.5, 7, 13], "rotation": 180, "texture": "#0"},
				"west": {"uv": [6, 9.5, 7, 13], "rotation": 180, "texture": "#0"},
				"up": {"uv": [6, 9.5, 7, 10.5], "rotation": 180, "texture": "#0"},
				"down": {"uv": [6, 9.5, 7, 10.5], "rotation": 180, "texture": "#0"}
			}
		},
		{
			"from": [6.551, -9.18604, 6.48213],
			"to": [9.449, -8.78804, 6.88013],
			"rotation": {"angle": 45, "axis": "x", "origin": [8.28544, -10.23757, 8.14703]},
			"faces": {
				"north": {"uv": [6, 9.5, 7, 13], "rotation": 270, "texture": "#0"},
				"east": {"uv": [6, 9.5, 7, 10.5], "rotation": 270, "texture": "#0"},
				"south": {"uv": [6, 9.5, 7, 13], "rotation": 270, "texture": "#0"},
				"west": {"uv": [6, 9.5, 7, 10.5], "rotation": 270, "texture": "#0"},
				"up": {"uv": [6, 9.5, 7, 13], "rotation": 270, "texture": "#0"},
				"down": {"uv": [6, 9.5, 7, 13], "rotation": 270, "texture": "#0"}
			}
		},
		{
			"from": [6.551, -9.18604, 8.98213],
			"to": [9.449, -8.78804, 9.38013],
			"rotation": {"angle": 45, "axis": "x", "origin": [8.28544, -10.23757, 8.14703]},
			"faces": {
				"north": {"uv": [6, 9.5, 7, 13], "rotation": 270, "texture": "#0"},
				"east": {"uv": [6, 9.5, 7, 10.5], "rotation": 270, "texture": "#0"},
				"south": {"uv": [6, 9.5, 7, 13], "rotation": 270, "texture": "#0"},
				"west": {"uv": [6, 9.5, 7, 10.5], "rotation": 270, "texture": "#0"},
				"up": {"uv": [6, 9.5, 7, 13], "rotation": 270, "texture": "#0"},
				"down": {"uv": [6, 9.5, 7, 13], "rotation": 270, "texture": "#0"}
			}
		},
		{
			"from": [6.55, -11.68655, 6.48102],
			"to": [6.95, -8.78655, 6.88102],
			"rotation": {"angle": 45, "axis": "x", "origin": [8.28544, -10.23757, 8.14703]},
			"faces": {
				"north": {"uv": [6, 9.5, 7, 13], "rotation": 180, "texture": "#0"},
				"east": {"uv": [6, 9.5, 7, 13], "rotation": 180, "texture": "#0"},
				"south": {"uv": [6, 9.5, 7, 13], "rotation": 180, "texture": "#0"},
				"west": {"uv": [6, 9.5, 7, 13], "rotation": 180, "texture": "#0"},
				"up": {"uv": [6, 9.5, 7, 10.5], "rotation": 180, "texture": "#0"},
				"down": {"uv": [6, 9.5, 7, 10.5], "rotation": 180, "texture": "#0"}
			}
		},
		{
			"from": [6.55437, -11.68879, 6.48064],
			"to": [6.95437, -11.28879, 9.38064],
			"rotation": {"angle": 45, "axis": "x", "origin": [8.28544, -10.23757, 8.14703]},
			"faces": {
				"north": {"uv": [6, 9.5, 7, 10.5], "rotation": 270, "texture": "#0"},
				"east": {"uv": [6, 9.5, 7, 13], "rotation": 270, "texture": "#0"},
				"south": {"uv": [6, 9.5, 7, 10.5], "rotation": 270, "texture": "#0"},
				"west": {"uv": [6, 9.5, 7, 13], "rotation": 270, "texture": "#0"},
				"up": {"uv": [6, 9.5, 9.5, 10.5], "rotation": 270, "texture": "#0"},
				"down": {"uv": [6, 9.5, 9.5, 10.5], "rotation": 270, "texture": "#0"}
			}
		},
		{
			"from": [6.55437, -9.18879, 6.48064],
			"to": [6.95437, -8.78879, 9.38064],
			"rotation": {"angle": 45, "axis": "x", "origin": [8.28544, -10.23757, 8.14703]},
			"faces": {
				"north": {"uv": [6, 9.5, 7, 10.5], "rotation": 270, "texture": "#0"},
				"east": {"uv": [6, 9.5, 7, 13], "rotation": 270, "texture": "#0"},
				"south": {"uv": [6, 9.5, 7, 10.5], "rotation": 270, "texture": "#0"},
				"west": {"uv": [6, 9.5, 7, 13], "rotation": 270, "texture": "#0"},
				"up": {"uv": [6, 9.5, 9.5, 10.5], "rotation": 270, "texture": "#0"},
				"down": {"uv": [6, 9.5, 9.5, 10.5], "rotation": 270, "texture": "#0"}
			}
		},
		{
			"from": [6.55, -11.68655, 8.98102],
			"to": [6.95, -8.78655, 9.38102],
			"rotation": {"angle": 45, "axis": "x", "origin": [8.28544, -10.23757, 8.14703]},
			"faces": {
				"north": {"uv": [6, 9.5, 7, 13], "rotation": 180, "texture": "#0"},
				"east": {"uv": [6, 9.5, 7, 13], "rotation": 180, "texture": "#0"},
				"south": {"uv": [6, 9.5, 7, 13], "rotation": 180, "texture": "#0"},
				"west": {"uv": [6, 9.5, 7, 13], "rotation": 180, "texture": "#0"},
				"up": {"uv": [6, 9.5, 7, 10.5], "rotation": 180, "texture": "#0"},
				"down": {"uv": [6, 9.5, 7, 10.5], "rotation": 180, "texture": "#0"}
			}
		},
		{
			"from": [6.551, -11.68605, 6.48371],
			"to": [9.449, -11.28805, 6.88171],
			"rotation": {"angle": 45, "axis": "x", "origin": [8.28544, -10.23757, 8.14703]},
			"faces": {
				"north": {"uv": [6, 9.5, 7, 13], "rotation": 270, "texture": "#0"},
				"east": {"uv": [6, 9.5, 7, 10.5], "rotation": 270, "texture": "#0"},
				"south": {"uv": [6, 9.5, 7, 13], "rotation": 270, "texture": "#0"},
				"west": {"uv": [6, 9.5, 7, 10.5], "rotation": 270, "texture": "#0"},
				"up": {"uv": [6, 9.5, 7, 13], "rotation": 270, "texture": "#0"},
				"down": {"uv": [6, 9.5, 7, 13], "rotation": 270, "texture": "#0"}
			}
		},
		{
			"from": [6.551, -11.68605, 8.98371],
			"to": [9.449, -11.28805, 9.38171],
			"rotation": {"angle": 45, "axis": "x", "origin": [8.28544, -10.23757, 8.14703]},
			"faces": {
				"north": {"uv": [6, 9.5, 7, 13], "rotation": 270, "texture": "#0"},
				"east": {"uv": [6, 9.5, 7, 10.5], "rotation": 270, "texture": "#0"},
				"south": {"uv": [6, 9.5, 7, 13], "rotation": 270, "texture": "#0"},
				"west": {"uv": [6, 9.5, 7, 10.5], "rotation": 270, "texture": "#0"},
				"up": {"uv": [6, 9.5, 7, 13], "rotation": 270, "texture": "#0"},
				"down": {"uv": [6, 9.5, 7, 13], "rotation": 270, "texture": "#0"}
			}
		},
		{
			"from": [5.79475, 7.30262, 5.80264],
			"to": [10.19475, 7.70262, 6.20264],
			"rotation": {"angle": 45, "axis": "x", "origin": [7.99563, 9.50173, 8.00438]},
			"faces": {
				"north": {"uv": [5, 9, 10, 10], "rotation": 180, "texture": "#0"},
				"east": {"uv": [4.5, 9, 5.5, 10], "rotation": 270, "texture": "#0"},
				"south": {"uv": [4, 10.5, 9, 11.5], "rotation": 180, "texture": "#0"},
				"west": {"uv": [4.5, 9, 5.5, 10], "rotation": 270, "texture": "#0"},
				"up": {"uv": [6, 9.5, 11, 10.5], "texture": "#0"},
				"down": {"uv": [6, 9, 7, 14], "rotation": 270, "texture": "#0"}
			}
		},
		{
			"from": [5.79475, 11.30262, 9.80264],
			"to": [10.19475, 11.70262, 10.20264],
			"rotation": {"angle": 45, "axis": "x", "origin": [7.99563, 9.50173, 8.00438]},
			"faces": {
				"north": {"uv": [5.5, 9, 10.5, 10], "rotation": 180, "texture": "#0"},
				"east": {"uv": [5.5, 9, 10.5, 10], "rotation": 180, "texture": "#0"},
				"south": {"uv": [5.5, 11.5, 10.5, 12.5], "rotation": 180, "texture": "#0"},
				"west": {"uv": [5.5, 9, 10.5, 10], "rotation": 180, "texture": "#0"},
				"up": {"uv": [5.5, 9, 10.5, 10], "rotation": 180, "texture": "#0"},
				"down": {"uv": [6, 12.5, 11, 13.5], "rotation": 180, "texture": "#0"}
			}
		},
		{
			"from": [5.8, 7.3, 9.8],
			"to": [6.2, 11.7, 10.2],
			"rotation": {"angle": 45, "axis": "x", "origin": [7.99563, 9.50173, 8.00438]},
			"faces": {
				"north": {"uv": [5.5, 9, 6.5, 14], "texture": "#0"},
				"east": {"uv": [4.5, 9, 5.5, 14], "texture": "#0"},
				"south": {"uv": [4, 10.5, 9, 11.5], "rotation": 90, "texture": "#0"},
				"west": {"uv": [9, 9, 14, 10], "rotation": 270, "texture": "#0"},
				"up": {"uv": [4.5, 9, 5.5, 10], "texture": "#0"},
				"down": {"uv": [6, 9, 7, 10], "texture": "#0"}
			}
		},
		{
			"from": [5.801, 7.30362, 5.80363],
			"to": [6.199, 7.70162, 10.20163],
			"rotation": {"angle": 45, "axis": "x", "origin": [7.99563, 9.50173, 8.00438]},
			"faces": {
				"north": {"uv": [5.5, 9, 6.5, 10], "texture": "#0"},
				"east": {"uv": [4.5, 9, 9.5, 10], "texture": "#0"},
				"south": {"uv": [4, 10.5, 5, 11.5], "rotation": 180, "texture": "#0"},
				"west": {"uv": [8.5, 9, 13.5, 10], "texture": "#0"},
				"up": {"uv": [4.5, 9, 5.5, 14], "texture": "#0"},
				"down": {"uv": [6, 9, 7, 14], "texture": "#0"}
			}
		},
		{
			"from": [5.79475, 7.30262, 9.80264],
			"to": [10.19475, 7.70262, 10.20264],
			"rotation": {"angle": 45, "axis": "x", "origin": [7.99563, 9.50173, 8.00438]},
			"faces": {
				"north": {"uv": [5.5, 9, 6.5, 14], "rotation": 90, "texture": "#0"},
				"east": {"uv": [4.5, 9, 5.5, 10], "rotation": 90, "texture": "#0"},
				"south": {"uv": [4, 10.5, 9, 11.5], "rotation": 180, "texture": "#0"},
				"west": {"uv": [4.5, 9, 5.5, 10], "rotation": 90, "texture": "#0"},
				"up": {"uv": [4.5, 9, 5.5, 14], "rotation": 90, "texture": "#0"},
				"down": {"uv": [6, 9, 7, 14], "rotation": 90, "texture": "#0"}
			}
		}
	],
	"display": {
		"thirdperson": {
			"rotation": [-45, 90, -90],
			"translation": [0, 1, -7],
			"scale": [1.7, 1.7, 1.7]
		},
		"firstperson": {
			"rotation": [-5, -35, 10],
			"translation": [3, 7, 2],
			"scale": [2, 2, 2]
		},
		"ground": {
			"translation": [0, 5, 0],
			"scale": [2, 2, 2]
		},
		"gui": {
			"rotation": [0, 0, 65],
			"translation": [-4, 3, 0],
			"scale": [1.8, 1.6, 1.8]
		},
		"fixed": {
			"scale": [2, 2, 2]
		}
	}
}