{
	"credit": "Made with Blockbench",
	"texture_size": [32, 32],
	"textures": {
		"0": "skins/dreadlord",
		"particle": "skins/dreadlord"
	},
	"elements": [
		{
			"from": [7.2, -14.15, 7.3],
			"to": [8.8, -5.15, 8.9],
			"rotation": {"angle": 0, "axis": "y", "origin": [15, -4.75, 15.1]},
			"faces": {
				"north": {"uv": [11.5, 7.5, 12.5, 13], "rotation": 180, "texture": "#0"},
				"east": {"uv": [10.5, 7.5, 11.5, 13], "rotation": 180, "texture": "#0"},
				"south": {"uv": [11.5, 7.5, 12.5, 13], "rotation": 180, "texture": "#0"},
				"west": {"uv": [10.5, 7.5, 11.5, 13], "rotation": 180, "texture": "#0"},
				"up": {"uv": [9.5, 6.5, 10.3, 7.3], "rotation": 180, "texture": "#0"},
				"down": {"uv": [9.5, 6.5, 10.3, 7.3], "rotation": 180, "texture": "#0"}
			}
		},
		{
			"from": [7, -13.5, 7.1],
			"to": [9, -12.5, 9.1],
			"rotation": {"angle": 0, "axis": "y", "origin": [15, -3.9, 15.1]},
			"faces": {
				"north": {"uv": [11, 2.5, 12, 2.8], "rotation": 180, "texture": "#0"},
				"east": {"uv": [11, 3, 12, 3.3], "rotation": 180, "texture": "#0"},
				"south": {"uv": [11, 2.5, 12, 2.8], "rotation": 180, "texture": "#0"},
				"west": {"uv": [11, 2.5, 12, 2.8], "rotation": 180, "texture": "#0"},
				"up": {"uv": [11, 2.5, 12, 2.8], "rotation": 180, "texture": "#0"},
				"down": {"uv": [11, 2.5, 12, 2.8], "rotation": 180, "texture": "#0"}
			}
		},
		{
			"from": [7, -15.6, 7.25],
			"to": [9.5, -13.1, 8.95],
			"rotation": {"angle": 45, "axis": "z", "origin": [8.04032, -14.6001, 8.20979]},
			"faces": {
				"north": {"uv": [4.5, 14.5, 6, 16], "rotation": 180, "texture": "#0"},
				"east": {"uv": [4, 14, 5, 15.5], "rotation": 180, "texture": "#0"},
				"south": {"uv": [3, 14, 4.5, 15.5], "rotation": 180, "texture": "#0"},
				"west": {"uv": [4.5, 14, 5.5, 15.5], "rotation": 180, "texture": "#0"},
				"up": {"uv": [2, 14.5, 3, 16], "rotation": 270, "texture": "#0"},
				"down": {"uv": [5.5, 14.5, 6.5, 16], "rotation": 270, "texture": "#0"}
			}
		},
		{
			"from": [7.02, -6.23, 7.27],
			"to": [11.98, -1.27, 8.93],
			"rotation": {"angle": 45, "axis": "z", "origin": [8.04032, -5.2501, 8.20979]},
			"faces": {
				"north": {"uv": [5.5, 13.5, 3, 16], "rotation": 270, "texture": "#0"},
				"east": {"uv": [1.5, 15, 4, 15.95], "rotation": 90, "texture": "#0"},
				"south": {"uv": [3, 13.5, 5.5, 16], "rotation": 90, "texture": "#0"},
				"west": {"uv": [4.5, 14, 5.5, 15.5], "rotation": 180, "texture": "#0"},
				"up": {"uv": [2, 14, 4.5, 14.95], "rotation": 180, "texture": "#0"},
				"down": {"uv": [5.5, 14.5, 6.5, 16], "rotation": 270, "texture": "#0"}
			}
		},
		{
			"from": [7.6, -0.28077, 7.7],
			"to": [8.36, 21.47923, 8.5],
			"rotation": {"angle": 0, "axis": "z", "origin": [10.52091, 2.09264, 8.44096]},
			"faces": {
				"north": {"uv": [0, 15, 9.4795, 15.4795], "rotation": 90, "texture": "#0"},
				"east": {"uv": [0, 15, 9.4795, 15.4795], "rotation": 90, "texture": "#0"},
				"south": {"uv": [0, 15, 9.4795, 15.4795], "rotation": 90, "texture": "#0"},
				"west": {"uv": [0, 15, 9.4795, 15.4795], "rotation": 90, "texture": "#0"},
				"up": {"uv": [0, 15, 9.4795, 15.4795], "rotation": 90, "texture": "#0"},
				"down": {"uv": [0, 15, 9.4795, 15.4795], "rotation": 90, "texture": "#0"}
			}
		},
		{
			"from": [5.53432, -2.64375, 7.87],
			"to": [10.49432, 6.31625, 8.33],
			"rotation": {"angle": 0, "axis": "z", "origin": [8.02351, -0.16388, 8.09095]},
			"faces": {
				"north": {"uv": [4.5, 10.5, 0, 13], "rotation": 90, "texture": "#0"},
				"east": {"uv": [4.5, 10.5, 0, 10.75], "rotation": 90, "texture": "#0"},
				"south": {"uv": [4.5, 10.5, 0, 13], "rotation": 90, "texture": "#0"},
				"west": {"uv": [4.5, 10.5, 0, 10.75], "rotation": 90, "texture": "#0"},
				"up": {"uv": [4.5, 10.5, 0, 13], "rotation": 90, "texture": "#0"},
				"down": {"uv": [4.5, 10.5, 0, 13], "rotation": 90, "texture": "#0"}
			}
		},
		{
			"from": [7.53439, 6.31625, 7.86993],
			"to": [10.49439, 10.27625, 8.32993],
			"rotation": {"angle": 0, "axis": "z", "origin": [10.02358, 8.79612, 8.09088]},
			"faces": {
				"north": {"uv": [2, 10.5, 0, 12], "rotation": 90, "texture": "#0"},
				"east": {"uv": [2, 10.5, 0, 10.75], "rotation": 90, "texture": "#0"},
				"south": {"uv": [4, 11.5, 2, 13], "rotation": 270, "texture": "#0"},
				"west": {"uv": [4.5, 10.5, 0, 10.75], "rotation": 90, "texture": "#0"},
				"up": {"uv": [4.5, 10.5, 0, 13], "rotation": 90, "texture": "#0"},
				"down": {"uv": [4.5, 10.5, 0, 13], "rotation": 90, "texture": "#0"}
			}
		},
		{
			"from": [5.54205, 8.26702, 7.85852],
			"to": [8.50405, 21.22902, 8.32052],
			"rotation": {"angle": 0, "axis": "z", "origin": [7.0227, 10.24961, 8.08827]},
			"faces": {
				"north": {"uv": [9.4805, 10.5, 3, 11.9805], "rotation": 90, "texture": "#0"},
				"east": {"uv": [2, 10.5, 0, 10.75], "rotation": 90, "texture": "#0"},
				"south": {"uv": [9.4805, 10.55, 3, 12.0305], "rotation": 90, "texture": "#0"},
				"west": {"uv": [4.5, 10.5, 0, 10.75], "rotation": 90, "texture": "#0"},
				"up": {"uv": [4.5, 10.5, 0, 13], "rotation": 90, "texture": "#0"},
				"down": {"uv": [4.5, 10.5, 0, 13], "rotation": 90, "texture": "#0"}
			}
		},
		{
			"from": [8.504, 12.26299, 7.85859],
			"to": [10.47, 21.22899, 8.32459],
			"rotation": {"angle": 0, "axis": "z", "origin": [9.98666, 14.24759, 8.09034]},
			"faces": {
				"north": {"uv": [9, 11.5, 4.5, 12.5], "rotation": 90, "texture": "#0"},
				"east": {"uv": [2, 10.5, 0, 10.75], "rotation": 90, "texture": "#0"},
				"south": {"uv": [8.4825, 10.51, 4, 11.4925], "rotation": 90, "texture": "#0"},
				"west": {"uv": [4.5, 10.5, 0, 10.75], "rotation": 90, "texture": "#0"},
				"up": {"uv": [4.5, 10.5, 0, 13], "rotation": 90, "texture": "#0"},
				"down": {"uv": [4.5, 10.5, 0, 13], "rotation": 90, "texture": "#0"}
			}
		},
		{
			"from": [7.62962, 20.66481, 7.85959],
			"to": [9.59362, 24.62881, 8.32359],
			"rotation": {"angle": 22.5, "axis": "z", "origin": [8.61162, 23.14681, 8.09159]},
			"faces": {
				"north": {"uv": [8.483, 11, 6.5, 11.983], "rotation": 270, "texture": "#0"},
				"east": {"uv": [2, 10.5, 0, 10.75], "rotation": 90, "texture": "#0"},
				"south": {"uv": [8.4825, 11, 6.5, 11.9825], "rotation": 270, "texture": "#0"},
				"west": {"uv": [4.5, 10.5, 0, 10.75], "rotation": 90, "texture": "#0"},
				"up": {"uv": [4.5, 10.5, 0, 13], "rotation": 90, "texture": "#0"},
				"down": {"uv": [4.5, 10.5, 0, 13], "rotation": 90, "texture": "#0"}
			}
		},
		{
			"from": [6.41762, 20.66479, 7.85902],
			"to": [8.38062, 24.62779, 8.32202],
			"rotation": {"angle": -22.5, "axis": "z", "origin": [7.39912, 23.14629, 8.09052]},
			"faces": {
				"north": {"uv": [8.483, 11.5, 6.5, 12.483], "rotation": 270, "texture": "#0"},
				"east": {"uv": [2, 10.5, 0, 10.75], "rotation": 90, "texture": "#0"},
				"south": {"uv": [8.9825, 11, 7, 11.9825], "rotation": 270, "texture": "#0"},
				"west": {"uv": [4.5, 10.5, 0, 10.75], "rotation": 90, "texture": "#0"},
				"up": {"uv": [4.5, 10.5, 0, 13], "rotation": 90, "texture": "#0"},
				"down": {"uv": [4.5, 10.5, 0, 13], "rotation": 90, "texture": "#0"}
			}
		},
		{
			"from": [7.1002, 21.20155, 7.85772],
			"to": [8.8998, 24.90115, 8.32332],
			"rotation": {"angle": 0, "axis": "z", "origin": [8.30778, 23.18435, 8.09052]},
			"faces": {
				"north": {"uv": [7.983, 10.5, 6, 11.5], "rotation": 270, "texture": "#0"},
				"east": {"uv": [2, 10.5, 0, 10.75], "rotation": 90, "texture": "#0"},
				"south": {"uv": [8.9825, 11.5, 7, 12.4], "rotation": 270, "texture": "#0"},
				"west": {"uv": [4.5, 10.5, 0, 10.75], "rotation": 90, "texture": "#0"},
				"up": {"uv": [4.5, 10.5, 0, 13], "rotation": 90, "texture": "#0"},
				"down": {"uv": [4.5, 10.5, 0, 13], "rotation": 90, "texture": "#0"}
			}
		},
		{
			"from": [7.07778, 24.25666, 7.85973],
			"to": [8.47178, 25.59066, 8.31973],
			"rotation": {"angle": 45, "axis": "z", "origin": [7.94509, 25.15345, 8.11962]},
			"faces": {
				"north": {"uv": [8.2, 11, 7.5, 11.7], "rotation": 270, "texture": "#0"},
				"east": {"uv": [2, 10.5, 0, 10.75], "rotation": 90, "texture": "#0"},
				"south": {"uv": [6.67, 11, 6, 11.7], "rotation": 270, "texture": "#0"},
				"west": {"uv": [4.5, 10.5, 0, 10.75], "rotation": 90, "texture": "#0"},
				"up": {"uv": [4.5, 10.5, 0, 13], "rotation": 90, "texture": "#0"},
				"down": {"uv": [4.5, 10.5, 0, 13], "rotation": 90, "texture": "#0"}
			}
		},
		{
			"from": [5.54291, 5.35136, 7.87649],
			"to": [9.18291, 7.29136, 8.31649],
			"rotation": {"angle": 22.5, "axis": "z", "origin": [8.01162, 6.82121, 8.09792]},
			"faces": {
				"north": {"uv": [4.95, 11, 4.5, 13], "rotation": 90, "texture": "#0"},
				"east": {"uv": [4.5, 10.5, 4, 12.5], "rotation": 90, "texture": "#0"},
				"south": {"uv": [4, 13, 4.5, 11], "rotation": 90, "texture": "#0"},
				"west": {"uv": [4.5, 10.5, 4, 12.5], "rotation": 90, "texture": "#0"},
				"up": {"uv": [4.5, 10.5, 4, 12.5], "rotation": 90, "texture": "#0"},
				"down": {"uv": [4.5, 10.5, 4, 12.5], "rotation": 90, "texture": "#0"}
			}
		},
		{
			"from": [5.69519, 6.70336, 7.88649],
			"to": [9.31519, 8.62336, 8.30649],
			"rotation": {"angle": -45, "axis": "z", "origin": [7.50519, 7.66336, 8.09649]},
			"faces": {
				"north": {"uv": [3.5, 10.5, 3, 12.5], "rotation": 90, "texture": "#0"},
				"east": {"uv": [4.5, 10.5, 4, 12.5], "rotation": 90, "texture": "#0"},
				"south": {"uv": [4, 13, 5, 11], "rotation": 90, "texture": "#0"},
				"west": {"uv": [5, 10.5, 4, 10.75], "rotation": 90, "texture": "#0"},
				"up": {"uv": [4.5, 10.5, 4, 12.5], "rotation": 90, "texture": "#0"},
				"down": {"uv": [4.5, 10.5, 4, 12.5], "rotation": 90, "texture": "#0"}
			}
		},
		{
			"from": [7.35861, 9.90147, 7.87995],
			"to": [10.99861, 11.84147, 8.31995],
			"rotation": {"angle": -45, "axis": "z", "origin": [8.85003, 11.68459, 8.10762]},
			"faces": {
				"north": {"uv": [3.5, 10.5, 3, 12.5], "rotation": 270, "texture": "#0"},
				"east": {"uv": [5, 10.5, 4, 10.75], "rotation": 270, "texture": "#0"},
				"south": {"uv": [4, 13, 5, 11], "rotation": 270, "texture": "#0"},
				"west": {"uv": [4.5, 10.5, 4, 12.5], "rotation": 270, "texture": "#0"},
				"up": {"uv": [4.5, 10.5, 4, 12.5], "rotation": 270, "texture": "#0"},
				"down": {"uv": [4.5, 10.5, 4, 12.5], "rotation": 270, "texture": "#0"}
			}
		},
		{
			"from": [4.31761, -4.54907, 7.2519],
			"to": [7.31761, -2.54907, 8.9519],
			"rotation": {"angle": -22.5, "axis": "z", "origin": [5.58686, -3.2874, 8.08538]},
			"faces": {
				"north": {"uv": [7.5, 13.5, 8.5, 15], "rotation": 270, "texture": "#0"},
				"east": {"uv": [5.5, 14.5, 6.5, 16], "rotation": 180, "texture": "#0"},
				"south": {"uv": [8, 14.5, 9.5, 15.5], "texture": "#0"},
				"west": {"uv": [0.5, 14, 1.5, 15], "texture": "#0"},
				"up": {"uv": [0.5, 13, 1.5, 14.5], "rotation": 90, "texture": "#0"},
				"down": {"uv": [3, 13, 4, 14.5], "rotation": 90, "texture": "#0"}
			}
		},
		{
			"from": [8.68239, -4.54907, 7.2519],
			"to": [11.68239, -2.54907, 8.9519],
			"rotation": {"angle": 22.5, "axis": "z", "origin": [10.41314, -3.2874, 8.08538]},
			"faces": {
				"north": {"uv": [7.5, 15, 8.5, 13.5], "rotation": 270, "texture": "#0"},
				"east": {"uv": [1.5, 14, 0.5, 15], "texture": "#0"},
				"south": {"uv": [9.5, 14.5, 8, 15.5], "texture": "#0"},
				"west": {"uv": [6.5, 14.5, 5.5, 16], "rotation": 180, "texture": "#0"},
				"up": {"uv": [0.5, 14.5, 1.5, 13], "rotation": 90, "texture": "#0"},
				"down": {"uv": [3, 14.5, 4, 13], "rotation": 90, "texture": "#0"}
			}
		},
		{
			"from": [11.31313, -3.95989, 7.26234],
			"to": [14.29313, -2.12989, 8.94234],
			"rotation": {"angle": 0, "axis": "z", "origin": [12.82617, -2.96767, 8.07105]},
			"faces": {
				"north": {"uv": [1, 15, 2, 13.5], "rotation": 90, "texture": "#0"},
				"east": {"uv": [1.5, 14, 0.5, 15], "texture": "#0"},
				"south": {"uv": [5, 13, 3.5, 14], "texture": "#0"},
				"west": {"uv": [6.5, 14.5, 5.5, 16], "rotation": 180, "texture": "#0"},
				"up": {"uv": [0.5, 15, 1.5, 13.5], "rotation": 90, "texture": "#0"},
				"down": {"uv": [3, 14.5, 4, 13], "rotation": 90, "texture": "#0"}
			}
		},
		{
			"from": [1.70687, -3.95989, 7.26234],
			"to": [4.68687, -2.12989, 8.94234],
			"rotation": {"angle": 0, "axis": "z", "origin": [3.17383, -2.96767, 8.07105]},
			"faces": {
				"north": {"uv": [1, 13.5, 2, 15], "rotation": 90, "texture": "#0"},
				"east": {"uv": [5.5, 14.5, 6.5, 16], "rotation": 180, "texture": "#0"},
				"south": {"uv": [3.5, 13.05, 5, 14], "texture": "#0"},
				"west": {"uv": [0.5, 14, 1.5, 15], "texture": "#0"},
				"up": {"uv": [0.5, 13.5, 1.5, 15], "rotation": 90, "texture": "#0"},
				"down": {"uv": [3, 13, 4, 14.5], "rotation": 90, "texture": "#0"}
			}
		},
		{
			"from": [2.21403, -2.59795, 7.26065],
			"to": [3.19403, 0.38205, 8.94065],
			"rotation": {"angle": -22.5, "axis": "z", "origin": [3.13758, -1.09372, 8.09496]},
			"faces": {
				"north": {"uv": [1, 13.5, 1.5, 15], "rotation": 180, "texture": "#0"},
				"east": {"uv": [3, 13, 4, 14.5], "texture": "#0"},
				"south": {"uv": [3.5, 13, 5, 13.5], "rotation": 270, "texture": "#0"},
				"west": {"uv": [0.5, 13.5, 1.5, 15], "texture": "#0"},
				"up": {"uv": [4.5, 14.5, 5.5, 15], "rotation": 90, "texture": "#0"},
				"down": {"uv": [0.5, 14, 1.5, 15], "rotation": 270, "texture": "#0"}
			}
		},
		{
			"from": [12.80597, -2.59795, 7.26065],
			"to": [13.78597, 0.38205, 8.94065],
			"rotation": {"angle": 22.5, "axis": "z", "origin": [12.86242, -1.09372, 8.09496]},
			"faces": {
				"north": {"uv": [1.5, 13.5, 1, 15], "rotation": 180, "texture": "#0"},
				"east": {"uv": [1.5, 13.5, 0.5, 15], "texture": "#0"},
				"south": {"uv": [3.5, 13.5, 5, 13], "rotation": 270, "texture": "#0"},
				"west": {"uv": [4, 13, 3, 14.5], "texture": "#0"},
				"up": {"uv": [4.5, 15, 5.5, 14.5], "rotation": 90, "texture": "#0"},
				"down": {"uv": [0.5, 15, 1.5, 14], "rotation": 270, "texture": "#0"}
			}
		},
		{
			"from": [5.99, -4.72247, 7.24],
			"to": [10.01, -0.20247, 8.96],
			"rotation": {"angle": 0, "axis": "z", "origin": [7.28994, -3.44058, 8.07822]},
			"faces": {
				"north": {"uv": [0, 0, 6, 6.5], "texture": "#0"},
				"south": {"uv": [0, 0, 6, 6.5], "texture": "#0"}
			}
		},
		{
			"from": [7, -14.95, 7.1],
			"to": [8.5, -13.45, 9.1],
			"rotation": {"angle": 45, "axis": "z", "origin": [8.04032, -13.9501, 8.05979]},
			"faces": {
				"north": {"uv": [11, 0, 12.5, 1.5], "rotation": 270, "texture": "#0"},
				"east": {"uv": [11, 0, 12.5, 0.5], "rotation": 270, "texture": "#0"},
				"south": {"uv": [11, 0, 12.5, 1.5], "texture": "#0"},
				"west": {"uv": [11, 1, 12.5, 1.5], "rotation": 180, "texture": "#0"},
				"up": {"uv": [11, 0, 12.5, 0.5], "texture": "#0"},
				"down": {"uv": [11, 1, 12.5, 1.5], "rotation": 180, "texture": "#0"}
			}
		},
		{
			"from": [6.8, -6.50106, 7.08574],
			"to": [9.2, -5.50106, 9.08574],
			"rotation": {"angle": 0, "axis": "x", "origin": [7.82722, -6.50053, 8.11787]},
			"faces": {
				"north": {"uv": [11, 2.5, 12, 2.8], "texture": "#0"},
				"east": {"uv": [11, 3, 12, 3.3], "texture": "#0"},
				"south": {"uv": [11, 2.5, 12, 2.8], "texture": "#0"},
				"west": {"uv": [11, 2.5, 12, 2.8], "texture": "#0"},
				"up": {"uv": [11, 2.5, 12, 2.8], "rotation": 180, "texture": "#0"},
				"down": {"uv": [11, 2.5, 12, 2.8], "rotation": 180, "texture": "#0"}
			}
		},
		{
			"from": [5.1, 3.19894, 7.63574],
			"to": [11.1, 4.19894, 8.63574],
			"rotation": {"angle": 22.5, "axis": "z", "origin": [8.00774, 3.69872, 8.12822]},
			"faces": {
				"north": {"uv": [9.5, 3.5, 12, 4], "texture": "#0"},
				"east": {"uv": [9.5, 5, 10, 5.5], "texture": "#0"},
				"south": {"uv": [9.5, 4, 12, 4.5], "texture": "#0"},
				"west": {"uv": [9.5, 5, 10, 5.5], "texture": "#0"},
				"up": {"uv": [9.5, 3, 12, 3.5], "texture": "#0"},
				"down": {"uv": [9.5, 5, 12, 5.5], "texture": "#0"}
			}
		},
		{
			"from": [5.101, 5.49994, 7.63674],
			"to": [11.099, 6.49794, 8.63474],
			"rotation": {"angle": 22.5, "axis": "z", "origin": [8, 5.99894, 8.13574]},
			"faces": {
				"north": {"uv": [9.5, 2, 12.5, 2.5], "texture": "#0"},
				"east": {"uv": [9.5, 5, 10, 5.5], "texture": "#0"},
				"south": {"uv": [9.5, 4, 12.5, 4.5], "texture": "#0"},
				"west": {"uv": [9.5, 5, 10, 5.5], "texture": "#0"},
				"up": {"uv": [9.5, 5, 12.5, 5.5], "texture": "#0"},
				"down": {"uv": [9.5, 4, 12.5, 4.5], "texture": "#0"}
			}
		},
		{
			"from": [5.09369, 3.2396, 7.61526],
			"to": [11.09169, 4.2376, 8.61326],
			"rotation": {"angle": -22.5, "axis": "z", "origin": [8.09605, 3.73714, 8.11785]},
			"faces": {
				"north": {"uv": [12.5, 4, 9.5, 4.5], "texture": "#0"},
				"east": {"uv": [10, 5, 9.5, 5.5], "texture": "#0"},
				"south": {"uv": [12.5, 4, 9.5, 4.5], "texture": "#0"},
				"west": {"uv": [10, 5, 9.5, 5.5], "texture": "#0"},
				"up": {"uv": [9.5, 5.5, 12.5, 5], "texture": "#0"},
				"down": {"uv": [9.5, 4.5, 12.5, 4], "texture": "#0"}
			}
		},
		{
			"from": [11.48483, 1.13773, 6.38252],
			"to": [11.48383, 7.13573, 9.38052],
			"rotation": {"angle": 22.5, "axis": "z", "origin": [11.46849, 5.14326, 8.36436]},
			"faces": {
				"east": {"uv": [16, 0, 13, 6.5], "texture": "#0"},
				"west": {"uv": [13, 0, 16, 6.5], "texture": "#0"}
			}
		},
		{
			"from": [7.01, -12.44, 7.01],
			"to": [8.99, -11.46, 9.19],
			"rotation": {"angle": 22.5, "axis": "x", "origin": [8.0329, -11.95012, 7.96722]},
			"faces": {
				"north": {"uv": [10, 1.5, 11, 1.8], "rotation": 180, "texture": "#0"},
				"east": {"uv": [10, 3, 11, 3.3], "rotation": 180, "texture": "#0"},
				"south": {"uv": [10, 1.5, 11, 1.8], "rotation": 180, "texture": "#0"},
				"west": {"uv": [10, 2, 11, 2.3], "rotation": 180, "texture": "#0"},
				"up": {"uv": [10, 1.5, 11, 1.8], "rotation": 180, "texture": "#0"},
				"down": {"uv": [10, 1.5, 11, 1.8], "rotation": 180, "texture": "#0"}
			}
		},
		{
			"from": [6.91, -7.3802, 7.05379],
			"to": [9.09, -6.4002, 9.03379],
			"rotation": {"angle": 22.5, "axis": "z", "origin": [8.02626, -6.90027, 8.11957]},
			"faces": {
				"north": {"uv": [10, 1.5, 11, 1.8], "texture": "#0"},
				"east": {"uv": [10, 3, 11, 3.3], "texture": "#0"},
				"south": {"uv": [10, 1.5, 11, 1.8], "texture": "#0"},
				"west": {"uv": [10, 2.5, 11, 2.8], "texture": "#0"},
				"up": {"uv": [10, 1.5, 11, 1.8], "rotation": 180, "texture": "#0"},
				"down": {"uv": [10, 1.5, 11, 1.8], "rotation": 180, "texture": "#0"}
			}
		}
	],
	"display": {
		"thirdperson": {
			"rotation": [0, 90, -90],
			"translation": [0, 0.5, -7],
			"scale": [0.8, 0.8, 0.8]
		},
		"firstperson": {
			"rotation": [0, -135, 15],
			"translation": [6, 10, 3],
			"scale": [1.2, 1.2, 1.2]
		},
		"ground": {
			"translation": [0, 5, 0],
			"scale": [2, 2, 2]
		},
		"gui": {
			"rotation": [40, -45, -40],
			"translation": [0.7, 2, 0],
			"scale": [1, 1, 1]
		},
		"fixed": {
			"scale": [2, 2, 2]
		}
	}
}