{
	"credit": "Made with Blockbench",
	"textures": {
		"0": "skins/ice_scythe",
		"particle": "skins/ice_scythe"
	},
	"elements": [
		{
			"from": [1.3, 20.7, 7.45],
			"to": [4.9, 23.3, 8.05],
			"rotation": {"angle": 22.5, "axis": "z", "origin": [10.19622, 19.86993, 7.75517]},
			"faces": {
				"north": {"uv": [3.5, 8, 6.5, 12], "rotation": 270, "texture": "#0"},
				"east": {"uv": [3.5, 8, 6.5, 12], "rotation": 90, "texture": "#0"},
				"south": {"uv": [3.5, 8, 6.5, 12], "rotation": 90, "texture": "#0"},
				"west": {"uv": [4, 11, 7, 12], "rotation": 90, "texture": "#0"},
				"up": {"uv": [5, 8, 6, 12], "rotation": 90, "texture": "#0"},
				"down": {"uv": [3.5, 8, 6.5, 12], "rotation": 90, "texture": "#0"}
			}
		},
		{
			"from": [3.99163, 18.41023, 7.45187],
			"to": [5.59163, 21.01023, 8.05187],
			"rotation": {"angle": 0, "axis": "z", "origin": [10.19622, 19.86993, 7.75517]},
			"faces": {
				"north": {"uv": [5, 8, 7, 11], "texture": "#0"},
				"east": {"uv": [5, 8, 7, 11], "texture": "#0"},
				"south": {"uv": [5, 8, 7, 11], "texture": "#0"},
				"west": {"uv": [5, 8, 7, 11], "texture": "#0"},
				"up": {"uv": [5, 8, 7, 11], "texture": "#0"},
				"down": {"uv": [5, 8, 7, 11], "texture": "#0"}
			}
		},
		{
			"from": [5.50539, 16.55964, 7.45425],
			"to": [7.10539, 19.15964, 8.05425],
			"rotation": {"angle": -22.5, "axis": "z", "origin": [10.19622, 19.86993, 7.75517]},
			"faces": {
				"north": {"uv": [6, 8, 8, 11], "texture": "#0"},
				"east": {"uv": [6, 8, 8, 11], "texture": "#0"},
				"south": {"uv": [6, 8, 8, 11], "texture": "#0"},
				"west": {"uv": [6, 8, 8, 11], "texture": "#0"},
				"up": {"uv": [6, 8, 8, 11], "texture": "#0"},
				"down": {"uv": [6, 8, 8, 11], "texture": "#0"}
			}
		},
		{
			"from": [5.50198, 18.45738, 7.4317],
			"to": [12.14198, 21.09738, 8.0717],
			"rotation": {"angle": 22.5, "axis": "z", "origin": [10.19622, 19.86993, 7.75517]},
			"faces": {
				"north": {"uv": [9, 9, 16, 12], "texture": "#0"},
				"east": {"uv": [9, 9, 16, 12], "texture": "#0"},
				"south": {"uv": [9, 9, 16, 12], "texture": "#0"},
				"west": {"uv": [9, 9, 16, 12], "texture": "#0"},
				"up": {"uv": [9, 9, 16, 12], "texture": "#0"},
				"down": {"uv": [5, 11.5, 12, 12], "texture": "#0"}
			}
		},
		{
			"from": [11.87423, 19.17693, 7.43476],
			"to": [16.51423, 21.81693, 8.07476],
			"rotation": {"angle": 0, "axis": "z", "origin": [10.19622, 19.86993, 7.75517]},
			"faces": {
				"north": {"uv": [1, 9, 6, 12], "texture": "#0"},
				"east": {"uv": [1, 9, 6, 12], "texture": "#0"},
				"south": {"uv": [1, 9, 6, 12], "texture": "#0"},
				"west": {"uv": [1, 9, 6, 12], "texture": "#0"},
				"up": {"uv": [1, 9, 6, 12], "texture": "#0"},
				"down": {"uv": [5, 11.5, 12, 12], "texture": "#0"}
			}
		},
		{
			"from": [16.02123, 21.60016, 7.42413],
			"to": [20.66123, 22.24016, 8.06413],
			"rotation": {"angle": -22.5, "axis": "z", "origin": [10.19622, 19.86993, 7.75517]},
			"faces": {
				"north": {"uv": [1, 11, 6, 12], "texture": "#0"},
				"east": {"uv": [0.5, 10, 1.5, 11], "texture": "#0"},
				"south": {"uv": [1, 11, 6, 12], "texture": "#0"},
				"west": {"uv": [1, 11, 6, 12], "texture": "#0"},
				"up": {"uv": [1, 11, 6, 12], "texture": "#0"},
				"down": {"uv": [5, 11.5, 12, 12], "texture": "#0"}
			}
		},
		{
			"from": [17.54123, 22.17016, 7.44413],
			"to": [19.14123, 22.77016, 8.04413],
			"rotation": {"angle": -22.5, "axis": "z", "origin": [10.19622, 19.86993, 7.75517]},
			"faces": {
				"north": {"uv": [0, 10, 2, 11], "texture": "#0"},
				"east": {"uv": [0, 10, 2, 11], "texture": "#0"},
				"south": {"uv": [0, 10, 2, 11], "texture": "#0"},
				"west": {"uv": [0, 10, 2, 11], "texture": "#0"},
				"up": {"uv": [0, 10, 2, 11], "texture": "#0"},
				"down": {"uv": [0, 10, 2, 11], "texture": "#0"}
			}
		},
		{
			"from": [15.76734, 11.11941, 7.44065],
			"to": [16.36734, 16.71941, 8.04065],
			"rotation": {"angle": 45, "axis": "z", "origin": [10.19622, 19.86993, 7.75517]},
			"faces": {
				"north": {"uv": [2, 8, 8, 9], "rotation": 90, "texture": "#0"},
				"east": {"uv": [2, 8, 8, 9], "rotation": 90, "texture": "#0"},
				"south": {"uv": [2, 8, 8, 9], "rotation": 90, "texture": "#0"},
				"west": {"uv": [2, 8, 8, 9], "rotation": 90, "texture": "#0"},
				"up": {"uv": [5, 8, 8, 9], "rotation": 90, "texture": "#0"},
				"down": {"uv": [2, 8, 8, 9], "rotation": 90, "texture": "#0"}
			}
		},
		{
			"from": [12.86935, 22.77302, 7.43024],
			"to": [15.46935, 24.37302, 8.03024],
			"rotation": {"angle": -22.5, "axis": "z", "origin": [10.19622, 19.86993, 7.75517]},
			"faces": {
				"north": {"uv": [2.5, 8, 5.5, 10], "texture": "#0"},
				"east": {"uv": [2.5, 8, 5.5, 10], "texture": "#0"},
				"south": {"uv": [2.5, 8, 5.5, 10], "texture": "#0"},
				"west": {"uv": [2.5, 8, 5.5, 10], "texture": "#0"},
				"up": {"uv": [5, 8, 8, 9], "texture": "#0"},
				"down": {"uv": [2.5, 8, 5.5, 10], "texture": "#0"}
			}
		},
		{
			"from": [15.66644, 20.26928, 7.44024],
			"to": [18.34644, 21.84928, 8.02024],
			"rotation": {"angle": -45, "axis": "z", "origin": [16.12937, 20.61586, 7.73632]},
			"faces": {
				"north": {"uv": [8.5, 9, 11.5, 11], "texture": "#0"},
				"east": {"uv": [8.5, 9, 11.5, 11], "texture": "#0"},
				"south": {"uv": [8.5, 9, 11.5, 11], "texture": "#0"},
				"west": {"uv": [8.5, 9, 11.5, 11], "texture": "#0"},
				"up": {"uv": [8.5, 9, 11.5, 11], "texture": "#0"},
				"down": {"uv": [8.5, 9, 11.5, 11], "texture": "#0"}
			}
		},
		{
			"from": [12.19475, 20.95636, 7.43332],
			"to": [14.79475, 22.55636, 8.03332],
			"rotation": {"angle": 22.5, "axis": "z", "origin": [13.46638, 21.76075, 7.74297]},
			"faces": {
				"north": {"uv": [0.5, 8, 3.5, 10], "texture": "#0"},
				"east": {"uv": [0.5, 8, 3.5, 10], "texture": "#0"},
				"south": {"uv": [0.5, 8, 3.5, 10], "texture": "#0"},
				"west": {"uv": [0.5, 8, 3.5, 10], "texture": "#0"},
				"up": {"uv": [5, 8, 8, 9], "texture": "#0"},
				"down": {"uv": [0.5, 8, 3.5, 10], "texture": "#0"}
			}
		},
		{
			"from": [6.94922, 19.65097, 7.44263],
			"to": [12.52922, 22.23097, 8.02263],
			"rotation": {"angle": 0, "axis": "z", "origin": [10.19622, 19.86993, 7.75517]},
			"faces": {
				"north": {"uv": [7.5, 8, 13.5, 11], "texture": "#0"},
				"east": {"uv": [7.5, 8.5, 13.5, 11.5], "texture": "#0"},
				"south": {"uv": [1, 8, 7, 11], "texture": "#0"},
				"west": {"uv": [7.5, 8.5, 13.5, 11.5], "texture": "#0"},
				"up": {"uv": [5, 8, 8, 9], "texture": "#0"},
				"down": {"uv": [7.5, 8.5, 13.5, 11.5], "texture": "#0"}
			}
		},
		{
			"from": [6.97648, 21.2568, 7.44839],
			"to": [9.55648, 23.8368, 8.02839],
			"rotation": {"angle": 45, "axis": "z", "origin": [10.19622, 19.86993, 7.75517]},
			"faces": {
				"north": {"uv": [6, 8, 9, 11], "texture": "#0"},
				"east": {"uv": [6, 8.5, 9, 11.5], "texture": "#0"},
				"south": {"uv": [10, 8, 13, 11], "texture": "#0"},
				"west": {"uv": [6, 8.5, 9, 11.5], "texture": "#0"},
				"up": {"uv": [5, 8, 8, 9], "texture": "#0"},
				"down": {"uv": [6, 8.5, 9, 11.5], "texture": "#0"}
			}
		},
		{
			"from": [7.30306, -9.69992, 7.05],
			"to": [8.70306, 5.70008, 8.45],
			"rotation": {"angle": 0, "axis": "z", "origin": [8.02179, -2.00717, 7.72944]},
			"faces": {
				"north": {"uv": [0, 1.5, 16, 3.5], "rotation": 90, "texture": "#0"},
				"east": {"uv": [0, 3, 16, 5], "rotation": 90, "texture": "#0"},
				"south": {"uv": [0, 5, 16, 7], "rotation": 90, "texture": "#0"},
				"west": {"uv": [0, 0, 16, 2], "rotation": 90, "texture": "#0"},
				"up": {"uv": [0, 14, 16, 16], "rotation": 90, "texture": "#0"},
				"down": {"uv": [0, 14, 16, 16], "rotation": 90, "texture": "#0"}
			}
		},
		{
			"from": [5.93232, 5.13781, 7.04036],
			"to": [7.35232, 9.55781, 8.46036],
			"rotation": {"angle": 22.5, "axis": "z", "origin": [6.64145, 8.84825, 7.7508]},
			"faces": {
				"north": {"uv": [2.5, 1.5, 7.5, 3.5], "rotation": 270, "texture": "#0"},
				"east": {"uv": [7, 0.5, 12, 2.5], "rotation": 90, "texture": "#0"},
				"south": {"uv": [6, 2, 11, 4], "rotation": 90, "texture": "#0"},
				"west": {"uv": [10.5, 13, 15.5, 15], "rotation": 90, "texture": "#0"},
				"up": {"uv": [3, 0.5, 8, 2.5], "rotation": 90, "texture": "#0"},
				"down": {"uv": [3, 0.5, 8, 2.5], "rotation": 90, "texture": "#0"}
			}
		},
		{
			"from": [4.27599, 8.61422, 7.04966],
			"to": [5.67599, 12.01422, 8.44966],
			"rotation": {"angle": 45, "axis": "z", "origin": [4.96924, 10.81599, 7.75751]},
			"faces": {
				"north": {"uv": [4, 3, 8, 5], "rotation": 90, "texture": "#0"},
				"east": {"uv": [5, 5, 9, 7], "rotation": 90, "texture": "#0"},
				"south": {"uv": [3, 2, 7, 4], "rotation": 90, "texture": "#0"},
				"west": {"uv": [8, 13, 12, 15], "rotation": 90, "texture": "#0"},
				"up": {"uv": [0, 0, 2, 2], "texture": "#0"},
				"down": {"uv": [0, 0, 2, 2], "texture": "#0"}
			}
		},
		{
			"from": [2.93601, 11.32688, 7.05966],
			"to": [4.31601, 13.70688, 8.43966],
			"rotation": {"angle": 22.5, "axis": "z", "origin": [3.63582, 13.01595, 7.76297]},
			"faces": {
				"north": {"uv": [6, 4.5, 8, 7.5], "rotation": 180, "texture": "#0"},
				"east": {"uv": [6, 4.5, 8, 7.5], "rotation": 180, "texture": "#0"},
				"south": {"uv": [6, 4.5, 8, 7.5], "rotation": 180, "texture": "#0"},
				"west": {"uv": [6, 4.5, 8, 7.5], "rotation": 180, "texture": "#0"},
				"up": {"uv": [6, 4.5, 8, 7.5], "rotation": 180, "texture": "#0"},
				"down": {"uv": [6, 4.5, 8, 7.5], "rotation": 180, "texture": "#0"}
			}
		},
		{
			"from": [2.70824, 13.39117, 7.05394],
			"to": [4.10824, 15.79117, 8.45394],
			"rotation": {"angle": 0, "axis": "z", "origin": [3.4007, 14.58685, 7.76613]},
			"faces": {
				"north": {"uv": [7.5, 4.5, 9.5, 7.5], "rotation": 180, "texture": "#0"},
				"east": {"uv": [7.5, 4.5, 9.5, 7.5], "rotation": 180, "texture": "#0"},
				"south": {"uv": [7.5, 4.5, 9.5, 7.5], "rotation": 180, "texture": "#0"},
				"west": {"uv": [7.5, 4.5, 9.5, 7.5], "rotation": 180, "texture": "#0"},
				"up": {"uv": [7.5, 4.5, 9.5, 7.5], "rotation": 180, "texture": "#0"},
				"down": {"uv": [7.5, 4.5, 9.5, 7.5], "rotation": 180, "texture": "#0"}
			}
		},
		{
			"from": [3.10837, 15.43662, 7.05682],
			"to": [4.50837, 18.83662, 8.45682],
			"rotation": {"angle": -22.5, "axis": "z", "origin": [3.7995, 16.62901, 7.77328]},
			"faces": {
				"north": {"uv": [4, 2.5, 6, 6.5], "texture": "#0"},
				"east": {"uv": [4, 2.5, 6, 6.5], "texture": "#0"},
				"south": {"uv": [4, 2.5, 6, 6.5], "texture": "#0"},
				"west": {"uv": [4, 2.5, 6, 6.5], "texture": "#0"},
				"up": {"uv": [4, 2.5, 6, 6.5], "texture": "#0"},
				"down": {"uv": [4, 2.5, 6, 6.5], "texture": "#0"}
			}
		},
		{
			"from": [3.8894, 18.38712, 7.04683],
			"to": [5.3094, 21.80712, 8.46683],
			"rotation": {"angle": 0, "axis": "z", "origin": [4.58326, 20.08329, 7.78363]},
			"faces": {
				"north": {"uv": [0, 0, 2, 4], "rotation": 180, "texture": "#0"},
				"east": {"uv": [0, 0, 2, 4], "rotation": 180, "texture": "#0"},
				"south": {"uv": [0, 0, 2, 4], "rotation": 180, "texture": "#0"},
				"west": {"uv": [0, 0, 2, 4], "rotation": 180, "texture": "#0"},
				"up": {"uv": [0, 0, 2, 2], "rotation": 180, "texture": "#0"},
				"down": {"uv": [0, 0, 2, 2], "rotation": 180, "texture": "#0"}
			}
		},
		{
			"from": [7.50306, -11.24992, 7.25],
			"to": [8.50306, -8.24992, 8.25],
			"rotation": {"angle": 0, "axis": "z", "origin": [8.02179, -3.75717, 7.72944]},
			"faces": {
				"north": {"uv": [0, 0, 2, 4], "texture": "#0"},
				"east": {"uv": [0, 0, 2, 4], "texture": "#0"},
				"south": {"uv": [0, 0, 2, 4], "texture": "#0"},
				"west": {"uv": [0, 0, 2, 4], "texture": "#0"},
				"up": {"uv": [0, 0, 2, 2], "texture": "#0"},
				"down": {"uv": [0, 0, 2, 2], "texture": "#0"}
			}
		},
		{
			"from": [7.70306, -13.04992, 7.45],
			"to": [8.30306, -10.44992, 8.05],
			"rotation": {"angle": 0, "axis": "z", "origin": [8.02179, -5.75717, 7.72944]},
			"faces": {
				"north": {"uv": [0, 0, 2, 4], "texture": "#0"},
				"east": {"uv": [0, 0, 2, 4], "texture": "#0"},
				"south": {"uv": [0, 0, 2, 4], "texture": "#0"},
				"west": {"uv": [0, 0, 2, 4], "texture": "#0"},
				"up": {"uv": [0, 0, 2, 2], "texture": "#0"},
				"down": {"uv": [0, 0, 2, 2], "texture": "#0"}
			}
		},
		{
			"from": [3.50306, 7.50008, 7.25],
			"to": [4.50306, 10.50008, 8.25],
			"rotation": {"angle": -22.5, "axis": "z", "origin": [4.01004, 7.99704, 7.74605]},
			"faces": {
				"north": {"uv": [4, 8, 6, 12], "rotation": 180, "texture": "#0"},
				"east": {"uv": [4, 8, 6, 12], "rotation": 180, "texture": "#0"},
				"south": {"uv": [4, 8, 6, 12], "rotation": 180, "texture": "#0"},
				"west": {"uv": [4, 8, 6, 12], "rotation": 180, "texture": "#0"},
				"up": {"uv": [4, 8, 6, 12], "rotation": 180, "texture": "#0"},
				"down": {"uv": [4, 8, 6, 10], "rotation": 180, "texture": "#0"}
			}
		},
		{
			"from": [3.70306, 5.70008, 7.45],
			"to": [4.30306, 8.30008, 8.05],
			"rotation": {"angle": -22.5, "axis": "z", "origin": [4.01004, 7.99704, 7.74605]},
			"faces": {
				"north": {"uv": [4, 8, 5, 11.5], "rotation": 180, "texture": "#0"},
				"east": {"uv": [4, 8, 5, 11.5], "rotation": 180, "texture": "#0"},
				"south": {"uv": [4, 8, 5, 11.5], "rotation": 180, "texture": "#0"},
				"west": {"uv": [4, 8, 5, 11.5], "rotation": 180, "texture": "#0"},
				"up": {"uv": [4, 8, 5, 11.5], "rotation": 180, "texture": "#0"},
				"down": {"uv": [4, 8, 6, 10], "rotation": 180, "texture": "#0"}
			}
		},
		{
			"from": [4.65221, 7.10219, 7.15],
			"to": [5.85221, 10.30219, 8.35],
			"rotation": {"angle": 0, "axis": "z", "origin": [5.25432, 7.69597, 7.75697]},
			"faces": {
				"north": {"uv": [9.5, 8, 11.5, 12], "rotation": 180, "texture": "#0"},
				"east": {"uv": [7.5, 8, 9.5, 12], "rotation": 180, "texture": "#0"},
				"south": {"uv": [7.5, 8, 9.5, 12], "rotation": 180, "texture": "#0"},
				"west": {"uv": [7.5, 8, 9.5, 12], "rotation": 180, "texture": "#0"},
				"up": {"uv": [7.5, 8, 9.5, 12], "rotation": 180, "texture": "#0"},
				"down": {"uv": [7.5, 8, 9.5, 12], "rotation": 180, "texture": "#0"}
			}
		},
		{
			"from": [4.85221, 5.30219, 7.35],
			"to": [5.65221, 8.10219, 8.15],
			"rotation": {"angle": 0, "axis": "z", "origin": [5.25432, 7.69597, 7.75697]},
			"faces": {
				"north": {"uv": [2, 8, 3.5, 11], "rotation": 180, "texture": "#0"},
				"east": {"uv": [2, 8, 3.5, 11], "rotation": 180, "texture": "#0"},
				"south": {"uv": [2, 8, 3.5, 11], "rotation": 180, "texture": "#0"},
				"west": {"uv": [2, 8, 3.5, 11], "rotation": 180, "texture": "#0"},
				"up": {"uv": [2, 8, 3.5, 11], "rotation": 180, "texture": "#0"},
				"down": {"uv": [2, 8, 3.5, 11], "rotation": 180, "texture": "#0"}
			}
		},
		{
			"from": [5.05221, 3.50219, 7.55],
			"to": [5.45221, 5.90219, 7.95],
			"rotation": {"angle": 0, "axis": "z", "origin": [5.25432, 5.69597, 7.75697]},
			"faces": {
				"north": {"uv": [1.5, 8, 2, 11.5], "rotation": 180, "texture": "#0"},
				"east": {"uv": [1.5, 8, 2, 11.5], "rotation": 180, "texture": "#0"},
				"south": {"uv": [1.5, 8, 2, 11.5], "rotation": 180, "texture": "#0"},
				"west": {"uv": [1.5, 8, 2, 11.5], "rotation": 180, "texture": "#0"},
				"up": {"uv": [1.5, 8, 2, 11.5], "rotation": 180, "texture": "#0"},
				"down": {"uv": [1.5, 8, 3.5, 10], "rotation": 180, "texture": "#0"}
			}
		},
		{
			"from": [2.15809, 22.24745, 7.15613],
			"to": [4.35809, 23.44745, 8.35613],
			"rotation": {"angle": -22.5, "axis": "z", "origin": [0.34792, 20.66231, 7.8059]},
			"faces": {
				"north": {"uv": [7, 12.5, 9, 15.5], "rotation": 90, "texture": "#0"},
				"east": {"uv": [4, 1.5, 6, 4.5], "rotation": 90, "texture": "#0"},
				"south": {"uv": [4, 1.5, 6, 4.5], "rotation": 90, "texture": "#0"},
				"west": {"uv": [1.5, 0, 3.5, 2], "rotation": 90, "texture": "#0"},
				"up": {"uv": [8, 3.5, 10, 6.5], "rotation": 90, "texture": "#0"},
				"down": {"uv": [4, 1.5, 6, 4.5], "rotation": 90, "texture": "#0"}
			}
		},
		{
			"from": [1.08549, 21.43945, 7.26076],
			"to": [3.08549, 22.43945, 8.26076],
			"rotation": {"angle": 0, "axis": "z", "origin": [0.34792, 20.66231, 7.8059]},
			"faces": {
				"north": {"uv": [8, 3.5, 10, 6.5], "rotation": 270, "texture": "#0"},
				"east": {"uv": [0, 0, 2, 2], "rotation": 90, "texture": "#0"},
				"south": {"uv": [7.5, 4.5, 9.5, 7.5], "rotation": 90, "texture": "#0"},
				"west": {"uv": [0, 0, 2, 2], "rotation": 90, "texture": "#0"},
				"up": {"uv": [1.5, 0, 3.5, 3], "rotation": 90, "texture": "#0"},
				"down": {"uv": [0, 0, 2, 3], "rotation": 90, "texture": "#0"}
			}
		},
		{
			"from": [-0.09116, 21.1189, 7.36501],
			"to": [1.70884, 21.9189, 8.16501],
			"rotation": {"angle": 22.5, "axis": "z", "origin": [0.34792, 20.66231, 7.8059]},
			"faces": {
				"north": {"uv": [6, 0, 8, 3], "rotation": 90, "texture": "#0"},
				"east": {"uv": [12, 4, 14, 7], "rotation": 90, "texture": "#0"},
				"south": {"uv": [6.5, 4.5, 8.5, 7.5], "rotation": 90, "texture": "#0"},
				"west": {"uv": [12, 4, 14, 7], "rotation": 90, "texture": "#0"},
				"up": {"uv": [12, 4, 14, 7], "rotation": 90, "texture": "#0"},
				"down": {"uv": [7, 4.5, 9, 7.5], "rotation": 90, "texture": "#0"}
			}
		},
		{
			"from": [-1.17738, 21.28853, 7.46828],
			"to": [0.42262, 21.88853, 8.06828],
			"rotation": {"angle": 45, "axis": "z", "origin": [0.34792, 20.66231, 7.8059]},
			"faces": {
				"north": {"uv": [7, 4.5, 9, 7.5], "rotation": 90, "texture": "#0"},
				"east": {"uv": [7, 4.5, 9, 7.5], "rotation": 90, "texture": "#0"},
				"south": {"uv": [7, 4.5, 9, 7.5], "rotation": 90, "texture": "#0"},
				"west": {"uv": [7, 4.5, 9, 7.5], "rotation": 90, "texture": "#0"},
				"up": {"uv": [7, 4.5, 9, 7.5], "rotation": 90, "texture": "#0"},
				"down": {"uv": [7, 4.5, 9, 7.5], "rotation": 90, "texture": "#0"}
			}
		},
		{
			"from": [-1.26618, 18.3219, 7.57023],
			"to": [-0.86618, 19.7219, 7.97023],
			"rotation": {"angle": -22.5, "axis": "z", "origin": [0.34792, 20.66231, 7.8059]},
			"faces": {
				"north": {"uv": [7, 4.5, 9, 7.5], "texture": "#0"},
				"east": {"uv": [7, 4.5, 9, 7.5], "texture": "#0"},
				"south": {"uv": [7, 4.5, 9, 7.5], "texture": "#0"},
				"west": {"uv": [7, 4.5, 9, 7.5], "texture": "#0"},
				"up": {"uv": [7, 4.5, 9, 7.5], "texture": "#0"},
				"down": {"uv": [7, 4.5, 9, 7.5], "texture": "#0"}
			}
		},
		{
			"from": [-1.93673, 17.91732, 7.67082],
			"to": [-1.73673, 19.11732, 7.87082],
			"rotation": {"angle": 0, "axis": "z", "origin": [0.34792, 20.66231, 7.8059]},
			"faces": {
				"north": {"uv": [7, 4.5, 8, 7.5], "texture": "#0"},
				"east": {"uv": [7, 4.5, 8, 7.5], "texture": "#0"},
				"south": {"uv": [7, 4.5, 8, 7.5], "texture": "#0"},
				"west": {"uv": [7, 4.5, 8, 7.5], "texture": "#0"},
				"up": {"uv": [7, 4.5, 8, 7.5], "texture": "#0"},
				"down": {"uv": [7, 4.5, 8, 5.5], "texture": "#0"}
			}
		},
		{
			"from": [4.00221, 16.55219, 5.65],
			"to": [5.20221, 19.75219, 6.85],
			"rotation": {"angle": 22.5, "axis": "x", "origin": [5.23878, 16.14779, 7.76782]},
			"faces": {
				"north": {"uv": [3, 8, 5, 12], "rotation": 180, "texture": "#0"},
				"east": {"uv": [3, 8, 5, 12], "rotation": 180, "texture": "#0"},
				"south": {"uv": [3, 8, 5, 12], "rotation": 180, "texture": "#0"},
				"west": {"uv": [3, 8, 5, 12], "rotation": 180, "texture": "#0"},
				"up": {"uv": [3, 8, 5, 12], "rotation": 180, "texture": "#0"},
				"down": {"uv": [3, 8, 5, 10], "rotation": 180, "texture": "#0"}
			}
		},
		{
			"from": [4.20221, 14.75219, 5.85],
			"to": [5.00221, 17.55219, 6.65],
			"rotation": {"angle": 22.5, "axis": "x", "origin": [5.23878, 16.14779, 7.76782]},
			"faces": {
				"north": {"uv": [3, 8, 4, 11.5], "rotation": 180, "texture": "#0"},
				"east": {"uv": [3, 8, 4, 11.5], "rotation": 180, "texture": "#0"},
				"south": {"uv": [3, 8, 4, 11.5], "rotation": 180, "texture": "#0"},
				"west": {"uv": [3, 8, 4, 11.5], "rotation": 180, "texture": "#0"},
				"up": {"uv": [3, 8, 4, 11.5], "rotation": 180, "texture": "#0"},
				"down": {"uv": [3, 8, 5, 10], "rotation": 180, "texture": "#0"}
			}
		},
		{
			"from": [4.40221, 12.95219, 6.05],
			"to": [4.80221, 15.35219, 6.45],
			"rotation": {"angle": 22.5, "axis": "x", "origin": [5.23878, 16.14779, 7.76782]},
			"faces": {
				"north": {"uv": [3, 8, 4, 10], "rotation": 180, "texture": "#0"},
				"east": {"uv": [3, 8, 4, 10], "rotation": 180, "texture": "#0"},
				"south": {"uv": [3, 8, 4, 10], "rotation": 180, "texture": "#0"},
				"west": {"uv": [3, 8, 4, 10], "rotation": 180, "texture": "#0"},
				"up": {"uv": [3, 8, 4, 10], "rotation": 180, "texture": "#0"},
				"down": {"uv": [3, 8, 5, 10], "rotation": 180, "texture": "#0"}
			}
		},
		{
			"from": [4.00221, 18.37435, 8.51764],
			"to": [5.20221, 21.57435, 9.71764],
			"rotation": {"angle": -22.5, "axis": "x", "origin": [4.58413, 17.97958, 9.13841]},
			"faces": {
				"north": {"uv": [2.5, 8, 4.5, 12], "rotation": 180, "texture": "#0"},
				"east": {"uv": [2.5, 8, 4.5, 12], "rotation": 180, "texture": "#0"},
				"south": {"uv": [6.5, 8, 8.5, 12], "rotation": 180, "texture": "#0"},
				"west": {"uv": [2.5, 8, 4.5, 12], "rotation": 180, "texture": "#0"},
				"up": {"uv": [2.5, 8, 4.5, 12], "rotation": 180, "texture": "#0"},
				"down": {"uv": [2.5, 8, 4.5, 10], "rotation": 180, "texture": "#0"}
			}
		},
		{
			"from": [4.20221, 16.57435, 8.71764],
			"to": [5.00221, 19.37435, 9.51764],
			"rotation": {"angle": -22.5, "axis": "x", "origin": [4.58413, 17.97958, 9.13841]},
			"faces": {
				"north": {"uv": [2.5, 8, 3.5, 10.5], "rotation": 180, "texture": "#0"},
				"east": {"uv": [2.5, 8, 3.5, 10.5], "rotation": 180, "texture": "#0"},
				"south": {"uv": [2.5, 8, 3.5, 10.5], "rotation": 180, "texture": "#0"},
				"west": {"uv": [2.5, 8, 3.5, 10.5], "rotation": 180, "texture": "#0"},
				"up": {"uv": [2.5, 8, 3.5, 10.5], "rotation": 180, "texture": "#0"},
				"down": {"uv": [2.5, 8, 4.5, 10], "rotation": 180, "texture": "#0"}
			}
		},
		{
			"from": [4.40221, 14.77435, 8.91764],
			"to": [4.80221, 17.17435, 9.31764],
			"rotation": {"angle": -22.5, "axis": "x", "origin": [4.58413, 17.97958, 9.13841]},
			"faces": {
				"north": {"uv": [2.5, 8, 3.5, 9.5], "rotation": 180, "texture": "#0"},
				"east": {"uv": [2.5, 8, 3.5, 9.5], "rotation": 180, "texture": "#0"},
				"south": {"uv": [2.5, 8, 3.5, 9.5], "rotation": 180, "texture": "#0"},
				"west": {"uv": [2.5, 8, 3.5, 9.5], "rotation": 180, "texture": "#0"},
				"up": {"uv": [2.5, 8, 3.5, 9.5], "rotation": 180, "texture": "#0"},
				"down": {"uv": [2.5, 8, 4.5, 10], "rotation": 180, "texture": "#0"}
			}
		},
		{
			"from": [4.80221, 14.72435, 7.16764],
			"to": [6.00221, 17.92435, 8.36764],
			"rotation": {"angle": 22.5, "axis": "z", "origin": [5.38413, 14.32958, 7.78841]},
			"faces": {
				"north": {"uv": [3.5, 8, 5.5, 12], "rotation": 180, "texture": "#0"},
				"east": {"uv": [3.5, 8, 5.5, 12], "rotation": 180, "texture": "#0"},
				"south": {"uv": [3.5, 8, 5.5, 12], "rotation": 180, "texture": "#0"},
				"west": {"uv": [3.5, 8, 5.5, 12], "rotation": 180, "texture": "#0"},
				"up": {"uv": [3.5, 8, 5.5, 12], "rotation": 180, "texture": "#0"},
				"down": {"uv": [3.5, 8, 5.5, 10], "rotation": 180, "texture": "#0"}
			}
		},
		{
			"from": [5.00221, 12.92435, 7.36764],
			"to": [5.80221, 15.72435, 8.16764],
			"rotation": {"angle": 22.5, "axis": "z", "origin": [5.38413, 14.32958, 7.78841]},
			"faces": {
				"north": {"uv": [3.5, 8, 4.5, 11], "rotation": 180, "texture": "#0"},
				"east": {"uv": [3.5, 8, 4.5, 11], "rotation": 180, "texture": "#0"},
				"south": {"uv": [3.5, 8, 4.5, 11], "rotation": 180, "texture": "#0"},
				"west": {"uv": [3.5, 8, 4.5, 11], "rotation": 180, "texture": "#0"},
				"up": {"uv": [3.5, 8, 4.5, 11], "rotation": 180, "texture": "#0"},
				"down": {"uv": [3.5, 8, 5.5, 10], "rotation": 180, "texture": "#0"}
			}
		},
		{
			"from": [5.20221, 11.12435, 7.56764],
			"to": [5.60221, 13.52435, 7.96764],
			"rotation": {"angle": 22.5, "axis": "z", "origin": [5.38413, 14.32958, 7.78841]},
			"faces": {
				"north": {"uv": [3.5, 8, 4.5, 10], "rotation": 180, "texture": "#0"},
				"east": {"uv": [3.5, 8, 4.5, 10], "rotation": 180, "texture": "#0"},
				"south": {"uv": [3.5, 8, 4.5, 10], "rotation": 180, "texture": "#0"},
				"west": {"uv": [3.5, 8, 4.5, 10], "rotation": 180, "texture": "#0"},
				"up": {"uv": [3.5, 8, 4.5, 10], "rotation": 180, "texture": "#0"},
				"down": {"uv": [3.5, 8, 4.5, 10], "rotation": 180, "texture": "#0"}
			}
		},
		{
			"from": [8.65221, 3.10219, 7.15],
			"to": [9.85221, 6.30219, 8.35],
			"rotation": {"angle": 22.5, "axis": "z", "origin": [9.25405, 2.69782, 7.75252]},
			"faces": {
				"north": {"uv": [1.5, 8, 3.5, 12], "rotation": 180, "texture": "#0"},
				"east": {"uv": [1.5, 8, 3.5, 12], "rotation": 180, "texture": "#0"},
				"south": {"uv": [1.5, 8, 3.5, 12], "rotation": 180, "texture": "#0"},
				"west": {"uv": [1.5, 8, 3.5, 12], "rotation": 180, "texture": "#0"},
				"up": {"uv": [1.5, 8, 3.5, 12], "rotation": 180, "texture": "#0"},
				"down": {"uv": [1.5, 8, 3.5, 10], "rotation": 180, "texture": "#0"}
			}
		},
		{
			"from": [8.85221, 1.30219, 7.35],
			"to": [9.65221, 4.10219, 8.15],
			"rotation": {"angle": 22.5, "axis": "z", "origin": [9.25405, 2.69782, 7.75252]},
			"faces": {
				"north": {"uv": [1.5, 8, 2.5, 11], "rotation": 180, "texture": "#0"},
				"east": {"uv": [1.5, 8, 2.5, 11], "rotation": 180, "texture": "#0"},
				"south": {"uv": [1.5, 8, 2.5, 11], "rotation": 180, "texture": "#0"},
				"west": {"uv": [1.5, 8, 2.5, 11], "rotation": 180, "texture": "#0"},
				"up": {"uv": [1.5, 8, 2.5, 11], "rotation": 180, "texture": "#0"},
				"down": {"uv": [1.5, 8, 3.5, 10], "rotation": 180, "texture": "#0"}
			}
		},
		{
			"from": [9.05221, -0.49781, 7.55],
			"to": [9.45221, 1.90219, 7.95],
			"rotation": {"angle": 22.5, "axis": "z", "origin": [9.25405, 2.69782, 7.75252]},
			"faces": {
				"north": {"uv": [1.5, 8, 2, 12], "rotation": 180, "texture": "#0"},
				"east": {"uv": [1.5, 8, 2, 12], "rotation": 180, "texture": "#0"},
				"south": {"uv": [1.5, 8, 2, 12], "rotation": 180, "texture": "#0"},
				"west": {"uv": [1.5, 8, 2, 12], "rotation": 180, "texture": "#0"},
				"up": {"uv": [1.5, 8, 2, 12], "rotation": 180, "texture": "#0"},
				"down": {"uv": [1.5, 8, 3.5, 10], "rotation": 180, "texture": "#0"}
			}
		},
		{
			"from": [1.00356, 15.97697, 7.16764],
			"to": [2.20356, 22.17697, 8.36764],
			"rotation": {"angle": -22.5, "axis": "z", "origin": [0.64038, 15.31625, 7.79151]},
			"faces": {
				"north": {"uv": [2, 8, 9, 10], "rotation": 90, "texture": "#0"},
				"east": {"uv": [2, 8, 9, 10], "rotation": 90, "texture": "#0"},
				"south": {"uv": [2, 8, 9, 10], "rotation": 90, "texture": "#0"},
				"west": {"uv": [2, 8, 9, 10], "rotation": 90, "texture": "#0"},
				"up": {"uv": [2, 8, 9, 10], "rotation": 90, "texture": "#0"},
				"down": {"uv": [2, 8, 9, 10], "rotation": 90, "texture": "#0"}
			}
		},
		{
			"from": [1.20356, 14.17697, 7.36764],
			"to": [2.00356, 16.97697, 8.16764],
			"rotation": {"angle": -22.5, "axis": "z", "origin": [0.64038, 15.31625, 7.79151]},
			"faces": {
				"north": {"uv": [2, 8, 9, 10], "rotation": 90, "texture": "#0"},
				"east": {"uv": [2, 8, 9, 10], "rotation": 90, "texture": "#0"},
				"south": {"uv": [2, 8, 9, 10], "rotation": 90, "texture": "#0"},
				"west": {"uv": [2, 8, 9, 10], "rotation": 90, "texture": "#0"},
				"up": {"uv": [2, 8, 9, 10], "rotation": 90, "texture": "#0"},
				"down": {"uv": [2, 8, 9, 10], "rotation": 90, "texture": "#0"}
			}
		},
		{
			"from": [1.40356, 12.37697, 7.56764],
			"to": [1.80356, 14.77697, 7.96764],
			"rotation": {"angle": -22.5, "axis": "z", "origin": [0.64038, 15.31625, 7.79151]},
			"faces": {
				"north": {"uv": [2, 8, 9, 10], "rotation": 90, "texture": "#0"},
				"east": {"uv": [2, 8, 9, 10], "rotation": 90, "texture": "#0"},
				"south": {"uv": [2, 8, 9, 10], "rotation": 90, "texture": "#0"},
				"west": {"uv": [2, 8, 9, 10], "rotation": 90, "texture": "#0"},
				"up": {"uv": [2, 8, 9, 10], "rotation": 90, "texture": "#0"},
				"down": {"uv": [2, 8, 9, 10], "rotation": 90, "texture": "#0"}
			}
		}
	],
		"display": {
		"thirdperson": {
			"rotation": [180, 90, -90],
			"translation": [0, 0.5, -7],
			"scale": [1.1, 1.1, 1.1]
		},
		"firstperson": {
			"rotation": [180, -135, 180],
			"translation": [6, 7.8, 2],
			"scale": [1.5, 1.5, 1.5]
		},
		"ground": {
			"rotation": [0, 0, 0],
			"translation": [0, 5, 0],
			"scale": [2, 2, 2]
		},
		"gui": {
			"rotation": [70, -135, -55],
			"translation": [-1, 1, 0],
			"scale": [1.2, 1, 1.2]
		},
		"head": {
			"rotation": [0, 0, 0],
			"translation": [0, 0, 0],
			"scale": [1, 1, 1]
		},
		"fixed": {
			"rotation": [0, 0, 0],
			"translation": [0, 0, 0],
			"scale": [2, 2, 2]
		}
	}
}