{
	"credit": "Made with Blockbench",
	"textures": {
		"0": "skins/livid",
		"particle": "skins/livid"
	},
	"elements": [
		{
			"from": [7.581, 0, 7.55367],
			"to": [8.581, 0.5, 8.55367],
			"rotation": {"angle": 0, "axis": "y", "origin": [8.06733, 1.33594, 7.98634]},
			"faces": {
				"north": {"uv": [9, 14, 11, 16], "texture": "#0"},
				"east": {"uv": [8, 15, 10, 16], "texture": "#0"},
				"south": {"uv": [6, 14, 8, 16], "texture": "#0"},
				"west": {"uv": [8, 15, 10, 16], "texture": "#0"},
				"up": {"uv": [6, 14, 8, 16], "rotation": 270, "texture": "#0"},
				"down": {"uv": [8, 14, 10, 16], "rotation": 90, "texture": "#0"}
			}
		},
		{
			"from": [7.58029, 1.91539, 7.55649],
			"to": [8.58029, 2.41539, 8.55649],
			"rotation": {"angle": 0, "axis": "z", "origin": [8.06733, 1.33594, 7.98634]},
			"faces": {
				"north": {"uv": [9, 14, 11, 16], "rotation": 180, "texture": "#0"},
				"east": {"uv": [5, 14, 7, 15], "rotation": 180, "texture": "#0"},
				"south": {"uv": [6, 14, 8, 16], "rotation": 180, "texture": "#0"},
				"west": {"uv": [7, 13, 9, 14], "rotation": 180, "texture": "#0"},
				"up": {"uv": [6, 14, 8, 16], "rotation": 90, "texture": "#0"},
				"down": {"uv": [8, 14, 10, 16], "rotation": 270, "texture": "#0"}
			}
		},
		{
			"from": [7.57981, 0.7091, 6.84737],
			"to": [8.57981, 1.7091, 7.34737],
			"rotation": {"angle": 0, "axis": "z", "origin": [8.06733, 1.33594, 7.98634]},
			"faces": {
				"north": {"uv": [12, 13, 14, 15], "rotation": 90, "texture": "#0"},
				"east": {"uv": [6, 15, 8, 16], "rotation": 90, "texture": "#0"},
				"south": {"uv": [6, 14, 8, 16], "rotation": 90, "texture": "#0"},
				"west": {"uv": [6, 13, 8, 14], "rotation": 270, "texture": "#0"},
				"up": {"uv": [6, 14, 8, 16], "texture": "#0"},
				"down": {"uv": [8, 14, 10, 16], "rotation": 180, "texture": "#0"}
			}
		},
		{
			"from": [7.57911, 0.70629, 8.76279],
			"to": [8.57911, 1.70629, 9.26279],
			"rotation": {"angle": 0, "axis": "z", "origin": [8.06733, 1.33594, 7.98634]},
			"faces": {
				"north": {"uv": [9, 14, 11, 16], "rotation": 270, "texture": "#0"},
				"east": {"uv": [5, 14, 7, 15], "rotation": 270, "texture": "#0"},
				"south": {"uv": [6, 14, 8, 16], "rotation": 270, "texture": "#0"},
				"west": {"uv": [9, 13, 11, 14], "rotation": 90, "texture": "#0"},
				"up": {"uv": [6, 14, 8, 16], "rotation": 180, "texture": "#0"},
				"down": {"uv": [8, 14, 10, 16], "texture": "#0"}
			}
		},
		{
			"from": [7.57858, 0.0853, 7.62334],
			"to": [8.57858, 0.5853, 8.62334],
			"rotation": {"angle": 45, "axis": "x", "origin": [8.06733, 1.33594, 7.98634]},
			"faces": {
				"north": {"uv": [9, 14, 11, 16], "texture": "#0"},
				"east": {"uv": [8, 15, 10, 16], "texture": "#0"},
				"south": {"uv": [6, 14, 8, 16], "texture": "#0"},
				"west": {"uv": [8, 15, 10, 16], "texture": "#0"},
				"up": {"uv": [6, 14, 8, 16], "rotation": 270, "texture": "#0"},
				"down": {"uv": [8, 14, 10, 16], "rotation": 90, "texture": "#0"}
			}
		},
		{
			"from": [7.57787, 2.00242, 7.62792],
			"to": [8.57787, 2.50242, 8.62792],
			"rotation": {"angle": 45, "axis": "x", "origin": [8.06733, 1.33594, 7.98634]},
			"faces": {
				"north": {"uv": [9, 14, 11, 16], "rotation": 180, "texture": "#0"},
				"east": {"uv": [6, 14, 8, 15], "rotation": 180, "texture": "#0"},
				"south": {"uv": [6, 14, 8, 16], "rotation": 180, "texture": "#0"},
				"west": {"uv": [8, 13, 10, 14], "texture": "#0"},
				"up": {"uv": [6, 14, 8, 16], "rotation": 90, "texture": "#0"},
				"down": {"uv": [8, 14, 10, 16], "rotation": 270, "texture": "#0"}
			}
		},
		{
			"from": [7.5774, 0.79614, 6.91706],
			"to": [8.5774, 1.79614, 7.41706],
			"rotation": {"angle": 45, "axis": "x", "origin": [8.06733, 1.33594, 7.98634]},
			"faces": {
				"north": {"uv": [9, 13, 11, 15], "rotation": 90, "texture": "#0"},
				"east": {"uv": [6, 14, 8, 15], "rotation": 90, "texture": "#0"},
				"south": {"uv": [6, 14, 8, 16], "rotation": 90, "texture": "#0"},
				"west": {"uv": [7, 13, 9, 14], "rotation": 90, "texture": "#0"},
				"up": {"uv": [6, 14, 8, 16], "texture": "#0"},
				"down": {"uv": [8, 14, 10, 16], "rotation": 180, "texture": "#0"}
			}
		},
		{
			"from": [7.57669, 0.79159, 8.8342],
			"to": [8.57669, 1.79159, 9.3342],
			"rotation": {"angle": 45, "axis": "x", "origin": [8.06733, 1.33594, 7.98634]},
			"faces": {
				"north": {"uv": [9, 14, 11, 16], "rotation": 270, "texture": "#0"},
				"east": {"uv": [9, 15, 11, 16], "rotation": 270, "texture": "#0"},
				"south": {"uv": [6, 14, 8, 16], "rotation": 270, "texture": "#0"},
				"west": {"uv": [10, 13, 12, 14], "rotation": 90, "texture": "#0"},
				"up": {"uv": [6, 14, 8, 16], "rotation": 180, "texture": "#0"},
				"down": {"uv": [8, 14, 10, 16], "texture": "#0"}
			}
		},
		{
			"from": [7.28181, 1.96384, 6.60104],
			"to": [8.88181, 2.56384, 8.08104],
			"rotation": {"angle": -22.5, "axis": "x", "origin": [8.09085, 2.01856, 7.03208]},
			"faces": {
				"north": {"uv": [5, 10, 6.879, 11], "texture": "#0"},
				"east": {"uv": [5, 10, 6.879, 11], "texture": "#0"},
				"south": {"uv": [5, 10, 6.879, 11], "texture": "#0"},
				"west": {"uv": [5, 10, 6.879, 11], "texture": "#0"},
				"up": {"uv": [5, 10, 6.879, 11], "texture": "#0"},
				"down": {"uv": [5, 10, 6.879, 11], "texture": "#0"}
			}
		},
		{
			"from": [7.28205, 6.4731, 6.30214],
			"to": [8.88205, 7.0731, 8.90214],
			"rotation": {"angle": 22.5, "axis": "x", "origin": [8.07728, 10.5429, 8.73735]},
			"faces": {
				"north": {"uv": [5, 10, 6.879, 11], "texture": "#0"},
				"east": {"uv": [5, 10, 8, 11], "texture": "#0"},
				"south": {"uv": [5, 10, 6.879, 11], "texture": "#0"},
				"west": {"uv": [5, 10, 8, 11], "texture": "#0"},
				"up": {"uv": [5, 10, 7, 13], "texture": "#0"},
				"down": {"uv": [5, 10, 6.879, 11], "texture": "#0"}
			}
		},
		{
			"from": [7.38205, 7.0731, 6.40214],
			"to": [8.78205, 7.4731, 8.80214],
			"rotation": {"angle": 22.5, "axis": "x", "origin": [8.07728, 10.5429, 8.73735]},
			"faces": {
				"north": {"uv": [5, 10, 6.879, 11], "texture": "#0"},
				"east": {"uv": [5, 10, 8, 11], "texture": "#0"},
				"south": {"uv": [5, 10, 6.879, 11], "texture": "#0"},
				"west": {"uv": [5, 10, 8, 11], "texture": "#0"},
				"up": {"uv": [5, 10, 7, 13], "texture": "#0"},
				"down": {"uv": [5, 10, 6.879, 11], "texture": "#0"}
			}
		},
		{
			"from": [8, 7.0231, 6.35214],
			"to": [8.2, 9.4231, 8.75214],
			"rotation": {"angle": 22.5, "axis": "x", "origin": [8.22728, 10.5429, 8.73735]},
			"faces": {
				"north": {"uv": [0, 4, 5, 5], "rotation": 90, "texture": "#0"},
				"east": {"uv": [0, 4, 5, 9], "texture": "#0"},
				"south": {"uv": [0, 4, 5, 5], "rotation": 90, "texture": "#0"},
				"west": {"uv": [0, 4, 5, 9], "rotation": 90, "texture": "#0"},
				"up": {"uv": [0, 4, 5, 9], "rotation": 90, "texture": "#0"},
				"down": {"uv": [0, 4, 5, 9], "rotation": 90, "texture": "#0"}
			}
		},
		{
			"from": [7.95, 7.1731, 6.85214],
			"to": [8.25, 9.6731, 7.85214],
			"rotation": {"angle": 22.5, "axis": "x", "origin": [8.22728, 10.7429, 8.18735]},
			"faces": {
				"north": {"uv": [0, 0, 3, 0.8], "rotation": 90, "texture": "#0"},
				"east": {"uv": [0, 0, 3, 0.8], "rotation": 90, "texture": "#0"},
				"south": {"uv": [0, 0, 3, 0.8], "rotation": 90, "texture": "#0"},
				"west": {"uv": [0, 0, 3, 0.8], "rotation": 90, "texture": "#0"},
				"up": {"uv": [0, 0, 3, 0.8], "rotation": 90, "texture": "#0"},
				"down": {"uv": [0, 0, 3, 0.8], "rotation": 90, "texture": "#0"}
			}
		},
		{
			"from": [7.951, 6.79857, 7.56589],
			"to": [8.249, 9.29657, 8.56389],
			"rotation": {"angle": 22.5, "axis": "x", "origin": [8.09577, 10.93992, 9.68358]},
			"faces": {
				"north": {"uv": [0, 0, 3, 0.8], "rotation": 90, "texture": "#0"},
				"east": {"uv": [1, 1, 4, 1.8], "rotation": 90, "texture": "#0"},
				"south": {"uv": [0, 0, 3, 0.8], "rotation": 90, "texture": "#0"},
				"west": {"uv": [1, 1, 4, 1.8], "rotation": 90, "texture": "#0"},
				"up": {"uv": [0, 0, 3, 0.8], "rotation": 90, "texture": "#0"},
				"down": {"uv": [0, 0, 3, 0.8], "rotation": 90, "texture": "#0"}
			}
		},
		{
			"from": [7.95174, 9.78985, 7.38634],
			"to": [8.24974, 12.03785, 8.64434],
			"rotation": {"angle": 45, "axis": "x", "origin": [8.09519, 11.04152, 7.53916]},
			"faces": {
				"north": {"uv": [3, 0, 6, 0.8], "rotation": 90, "texture": "#0"},
				"east": {"uv": [3, 0, 6, 0.8], "rotation": 90, "texture": "#0"},
				"south": {"uv": [3, 0, 6, 0.8], "rotation": 90, "texture": "#0"},
				"west": {"uv": [3, 0, 6, 0.8], "rotation": 270, "texture": "#0"},
				"up": {"uv": [3, 0, 6, 0.8], "rotation": 90, "texture": "#0"},
				"down": {"uv": [3, 0, 6, 0.8], "rotation": 90, "texture": "#0"}
			}
		},
		{
			"from": [7.95004, 8.89577, 8.64327],
			"to": [8.25004, 11.89577, 9.34327],
			"rotation": {"angle": 45, "axis": "x", "origin": [8.09507, 11.00654, 9.7746]},
			"faces": {
				"north": {"uv": [3, 0, 6, 0.8], "rotation": 90, "texture": "#0"},
				"east": {"uv": [3, 0, 6, 0.8], "rotation": 90, "texture": "#0"},
				"south": {"uv": [3, 0, 6, 0.8], "rotation": 90, "texture": "#0"},
				"west": {"uv": [3, 0, 6, 0.8], "rotation": 270, "texture": "#0"},
				"up": {"uv": [3, 0, 6, 0.8], "rotation": 90, "texture": "#0"},
				"down": {"uv": [3, 0, 6, 0.8], "rotation": 90, "texture": "#0"}
			}
		},
		{
			"from": [7.95267, 11.6459, 8.08273],
			"to": [8.24867, 12.2419, 10.57873],
			"rotation": {"angle": -22.5, "axis": "x", "origin": [8.09542, 12.18777, 9.08444]},
			"faces": {
				"north": {"uv": [6, 0, 9, 0.8], "rotation": 180, "texture": "#0"},
				"east": {"uv": [6, 0, 9, 0.8], "rotation": 180, "texture": "#0"},
				"south": {"uv": [6, 0, 9, 0.8], "rotation": 180, "texture": "#0"},
				"west": {"uv": [6, 0, 9, 0.8], "texture": "#0"},
				"up": {"uv": [6, 0, 9, 0.8], "rotation": 180, "texture": "#0"},
				"down": {"uv": [6, 0, 9, 0.8], "rotation": 180, "texture": "#0"}
			}
		},
		{
			"from": [7.95105, 12.61145, 10.44576],
			"to": [8.25105, 12.81145, 11.69576],
			"rotation": {"angle": 0, "axis": "x", "origin": [8.09773, 12.75364, 11.45153]},
			"faces": {
				"north": {"uv": [9, 0, 12, 0.8], "texture": "#0"},
				"east": {"uv": [9, 0, 12, 0.8], "texture": "#0"},
				"south": {"uv": [9, 0, 12, 0.8], "texture": "#0"},
				"west": {"uv": [9, 0, 12, 0.8], "texture": "#0"},
				"up": {"uv": [9, 0, 12, 0.8], "texture": "#0"},
				"down": {"uv": [9, 0, 12, 0.8], "texture": "#0"}
			}
		},
		{
			"from": [7.95181, 12.06151, 9.87987],
			"to": [8.24981, 12.28951, 11.77787],
			"rotation": {"angle": -22.5, "axis": "x", "origin": [8.09773, 12.15553, 10.38692]},
			"faces": {
				"north": {"uv": [9, 0, 12, 0.8], "texture": "#0"},
				"east": {"uv": [9, 0, 12, 0.8], "texture": "#0"},
				"south": {"uv": [9, 0, 12, 0.8], "texture": "#0"},
				"west": {"uv": [9, 0, 12, 0.8], "texture": "#0"},
				"up": {"uv": [9, 0, 12, 0.8], "texture": "#0"},
				"down": {"uv": [9, 0, 12, 0.8], "texture": "#0"}
			}
		},
		{
			"from": [7.95231, 12.37985, 10.47817],
			"to": [8.24931, 12.77685, 11.16517],
			"rotation": {"angle": 0, "axis": "x", "origin": [8.09758, 12.47134, 10.63204]},
			"faces": {
				"north": {"uv": [9, 0, 12, 0.8], "texture": "#0"},
				"east": {"uv": [9, 0, 12, 0.8], "texture": "#0"},
				"south": {"uv": [9, 0, 12, 0.8], "texture": "#0"},
				"west": {"uv": [9, 0, 12, 0.8], "texture": "#0"},
				"up": {"uv": [9, 0, 12, 0.8], "texture": "#0"},
				"down": {"uv": [9, 0, 12, 0.8], "texture": "#0"}
			}
		},
		{
			"from": [8.005, 8.59986, 6.96723],
			"to": [8.195, 10.83986, 9.20723],
			"rotation": {"angle": 45, "axis": "x", "origin": [8.22728, 10.5429, 8.73735]},
			"faces": {
				"north": {"uv": [4, 5, 8, 9], "rotation": 90, "texture": "#0"},
				"east": {"uv": [4, 5, 8, 9], "texture": "#0"},
				"south": {"uv": [4, 5, 8, 9], "rotation": 90, "texture": "#0"},
				"west": {"uv": [4, 5, 8, 9], "rotation": 90, "texture": "#0"},
				"up": {"uv": [4, 5, 8, 9], "rotation": 90, "texture": "#0"},
				"down": {"uv": [4, 5, 8, 9], "rotation": 90, "texture": "#0"}
			}
		},
		{
			"from": [8.01, 11.21195, 8.33606],
			"to": [8.19, 12.29195, 10.71606],
			"rotation": {"angle": -22.5, "axis": "x", "origin": [8.22728, 10.5429, 8.73735]},
			"faces": {
				"north": {"uv": [3, 4, 6, 5.7], "rotation": 180, "texture": "#0"},
				"east": {"uv": [0, 6.7, 3, 5], "rotation": 180, "texture": "#0"},
				"south": {"uv": [3, 4, 6, 5.7], "rotation": 180, "texture": "#0"},
				"west": {"uv": [3, 4, 6, 5.7], "rotation": 180, "texture": "#0"},
				"up": {"uv": [3, 4, 6, 5.7], "rotation": 180, "texture": "#0"},
				"down": {"uv": [3, 4, 6, 5.7], "rotation": 180, "texture": "#0"}
			}
		},
		{
			"from": [8.01, 12.10603, 9.89605],
			"to": [8.19, 12.91603, 10.97605],
			"rotation": {"angle": 0, "axis": "x", "origin": [8.22728, 10.5429, 8.73735]},
			"faces": {
				"north": {"uv": [0, 4, 5, 9], "rotation": 270, "texture": "#0"},
				"east": {"uv": [0, 4, 1.7, 5.43], "texture": "#0"},
				"south": {"uv": [0, 4, 5, 9], "rotation": 90, "texture": "#0"},
				"west": {"uv": [0, 4, 1.7, 5.43], "rotation": 180, "texture": "#0"},
				"up": {"uv": [0, 4, 5, 5], "rotation": 270, "texture": "#0"},
				"down": {"uv": [0, 4, 5, 5], "rotation": 90, "texture": "#0"}
			}
		},
		{
			"from": [8.01, 12.58603, 10.97614],
			"to": [8.19, 12.91603, 12.15614],
			"rotation": {"angle": 0, "axis": "x", "origin": [8.22728, 10.5429, 8.73735]},
			"faces": {
				"north": {"uv": [0, 4, 1.8, 4.95], "texture": "#0"},
				"east": {"uv": [0, 4, 1.8, 4.95], "texture": "#0"},
				"south": {"uv": [0, 4, 1.8, 4.95], "texture": "#0"},
				"west": {"uv": [0, 4, 1.8, 4.95], "texture": "#0"},
				"up": {"uv": [0, 4, 1.8, 4.95], "texture": "#0"},
				"down": {"uv": [0, 4, 1.8, 4.95], "texture": "#0"}
			}
		},
		{
			"from": [8.01, 11.13169, 11.39056],
			"to": [8.19, 11.46169, 12.67056],
			"rotation": {"angle": -22.5, "axis": "x", "origin": [8.22728, 10.5429, 8.73735]},
			"faces": {
				"north": {"uv": [0, 4, 1.9, 4.95], "rotation": 180, "texture": "#0"},
				"east": {"uv": [0, 4, 1.9, 4.95], "rotation": 180, "texture": "#0"},
				"south": {"uv": [0, 4, 1.9, 4.95], "rotation": 180, "texture": "#0"},
				"west": {"uv": [0, 4, 1.9, 4.95], "rotation": 180, "texture": "#0"},
				"up": {"uv": [0, 4, 1.9, 4.95], "rotation": 180, "texture": "#0"},
				"down": {"uv": [0, 4, 1.9, 4.95], "rotation": 180, "texture": "#0"}
			}
		},
		{
			"from": [8.01, 11.33169, 10.89056],
			"to": [8.19, 11.66169, 12.17056],
			"rotation": {"angle": -22.5, "axis": "x", "origin": [8.22728, 10.5429, 8.73735]},
			"faces": {
				"north": {"uv": [0, 4, 1.9, 4.95], "rotation": 180, "texture": "#0"},
				"east": {"uv": [0, 4, 1.9, 4.95], "rotation": 180, "texture": "#0"},
				"south": {"uv": [0, 4, 1.9, 4.95], "rotation": 180, "texture": "#0"},
				"west": {"uv": [0, 4, 1.9, 4.95], "rotation": 180, "texture": "#0"},
				"up": {"uv": [0, 4, 1.9, 4.95], "rotation": 180, "texture": "#0"},
				"down": {"uv": [0, 4, 1.9, 4.95], "rotation": 180, "texture": "#0"}
			}
		},
		{
			"from": [8.009, 10.83746, 8.12674],
			"to": [8.191, 13.21946, 9.20874],
			"rotation": {"angle": 45, "axis": "x", "origin": [8.22728, 10.5429, 8.73735]},
			"faces": {
				"north": {"uv": [0, 4, 5, 5], "rotation": 90, "texture": "#0"},
				"east": {"uv": [1, 4, 4, 5.7], "rotation": 90, "texture": "#0"},
				"south": {"uv": [0, 4, 5, 5], "rotation": 90, "texture": "#0"},
				"west": {"uv": [0, 4, 3, 5.7], "rotation": 90, "texture": "#0"},
				"up": {"uv": [0, 4, 5, 9], "rotation": 90, "texture": "#0"},
				"down": {"uv": [0, 4, 5, 9], "rotation": 90, "texture": "#0"}
			}
		},
		{
			"from": [7.28182, 1.83525, 6.64618],
			"to": [8.88182, 2.45525, 8.24618],
			"rotation": {"angle": -45, "axis": "x", "origin": [8.09052, 2.13953, 7.43775]},
			"faces": {
				"north": {"uv": [5, 10, 6.879, 11], "texture": "#0"},
				"east": {"uv": [5, 10, 6.879, 11], "texture": "#0"},
				"south": {"uv": [5, 10, 6.879, 11], "texture": "#0"},
				"west": {"uv": [5, 10, 6.879, 11], "texture": "#0"},
				"up": {"uv": [5, 10, 6.879, 11], "texture": "#0"},
				"down": {"uv": [5, 10, 6.879, 11], "texture": "#0"}
			}
		},
		{
			"from": [7.28182, 7.09497, 4.93013],
			"to": [8.88182, 7.69497, 6.53013],
			"rotation": {"angle": 0, "axis": "x", "origin": [8.07728, 10.5429, 8.73735]},
			"faces": {
				"north": {"uv": [5, 10, 6.879, 11], "texture": "#0"},
				"east": {"uv": [5, 10, 6.879, 11], "texture": "#0"},
				"south": {"uv": [5, 10, 6.879, 11], "texture": "#0"},
				"west": {"uv": [5, 10, 6.879, 11], "texture": "#0"},
				"up": {"uv": [5, 10, 6.879, 11], "texture": "#0"},
				"down": {"uv": [5, 10, 6.879, 11], "texture": "#0"}
			}
		},
		{
			"from": [7.481, 2.15705, 6.78991],
			"to": [8.681, 5.35705, 7.98991],
			"rotation": {"angle": -22.5, "axis": "x", "origin": [8.09004, 2.01177, 7.03104]},
			"faces": {
				"north": {"uv": [12, 5, 14, 9], "texture": "#0"},
				"east": {"uv": [14, 5, 16, 9], "texture": "#0"},
				"south": {"uv": [13, 5, 15, 9], "texture": "#0"},
				"west": {"uv": [15, 5, 13, 9], "texture": "#0"},
				"up": {"uv": [14, 5, 16, 9], "texture": "#0"},
				"down": {"uv": [14, 5, 16, 9], "texture": "#0"}
			}
		},
		{
			"from": [7.48188, 5.00911, 5.52821],
			"to": [8.68188, 7.20911, 6.72821],
			"rotation": {"angle": 0, "axis": "x", "origin": [8.08016, 6.61424, 6.12741]},
			"faces": {
				"north": {"uv": [12, 2, 14, 5], "texture": "#0"},
				"east": {"uv": [14, 2, 16, 5], "texture": "#0"},
				"south": {"uv": [13, 3, 15, 6], "texture": "#0"},
				"west": {"uv": [13, 2, 15, 5], "texture": "#0"},
				"up": {"uv": [13, 1, 15, 3], "texture": "#0"},
				"down": {"uv": [14, 5, 16, 9], "texture": "#0"}
			}
		}
	],
		"display": {
		"thirdperson": {
			"rotation": [-80, 0, 0],
			"translation": [0, 1.8, -2],
			"scale": [1.2, 1.2, 1.2]
		},
		"firstperson": {
			"rotation": [0, 135, -10],
			"translation": [0, 7, 1],
			"scale": [1.8, 1.8, 1.8]
		},
		"ground": {
			"rotation": [0, 0, 0],
			"translation": [0, 5, 0],
			"scale": [2, 2, 2]
		},
		"gui": {
			"rotation": [220, -135, 15],
			"translation": [0, 0, 0],
			"scale": [2, 2, 2]
		},
		"head": {
			"rotation": [0, 0, 0],
			"translation": [0, 0, 0],
			"scale": [1, 1, 1]
		},
		"fixed": {
			"rotation": [0, 0, 0],
			"translation": [0, 0, 0],
			"scale": [2, 2, 2]
		}
	}
}