{
	"credit": "Made with Blockbench",
	"textures": {
		"0": "skins/hyperion",
		"1": "skins/hyperorb",
		"particle": "skins/hyperion"
	},
	"elements": [
		{
			"from": [7.25, -10.9, 7.25],
			"to": [8.75, -10.4, 8.75],
			"rotation": {"angle": 0, "axis": "y", "origin": [15, -3.15, 15]},
			"faces": {
				"north": {"uv": [10, 1.5, 12, 2.5], "rotation": 180, "texture": "#0"},
				"east": {"uv": [10, 1.5, 12, 2.5], "rotation": 180, "texture": "#0"},
				"south": {"uv": [10, 1.5, 12, 2.5], "rotation": 180, "texture": "#0"},
				"west": {"uv": [10, 1.5, 12, 2.5], "rotation": 180, "texture": "#0"},
				"up": {"uv": [10, 1.5, 12, 2.5], "rotation": 180, "texture": "#0"},
				"down": {"uv": [10, 1.5, 12, 2.5], "rotation": 180, "texture": "#0"}
			}
		},
		{
			"from": [7.25, -7.9, 7.25],
			"to": [8.75, -7.4, 8.75],
			"rotation": {"angle": 0, "axis": "y", "origin": [15, -0.15, 15]},
			"faces": {
				"north": {"uv": [10, 1.5, 12, 2.5], "rotation": 180, "texture": "#0"},
				"east": {"uv": [10, 1.5, 12, 2.5], "rotation": 180, "texture": "#0"},
				"south": {"uv": [10, 1.5, 12, 2.5], "rotation": 180, "texture": "#0"},
				"west": {"uv": [10, 1.5, 12, 2.5], "rotation": 180, "texture": "#0"},
				"up": {"uv": [10, 1.5, 12, 2.5], "rotation": 180, "texture": "#0"},
				"down": {"uv": [10, 1.5, 12, 2.5], "rotation": 180, "texture": "#0"}
			}
		},
		{
			"from": [7.5, -11.6, 7.5],
			"to": [8.5, -7.1, 8.5],
			"rotation": {"angle": 0, "axis": "y", "origin": [15.5, -3.6, 15.5]},
			"faces": {
				"north": {"uv": [1.5, 9, 4.5, 10], "rotation": 90, "texture": "#0"},
				"east": {"uv": [1.5, 9, 4.5, 10], "rotation": 90, "texture": "#0"},
				"south": {"uv": [1.5, 9, 4.5, 10], "rotation": 90, "texture": "#0"},
				"west": {"uv": [1.5, 9, 4.5, 10], "rotation": 90, "texture": "#0"},
				"up": {"uv": [1.5, 9, 4.5, 10], "rotation": 90, "texture": "#0"},
				"down": {"uv": [1.5, 9, 4.5, 10], "rotation": 90, "texture": "#0"}
			}
		},
		{
			"from": [7.3, -9.4, 7.3],
			"to": [8.7, -8.9, 8.7],
			"rotation": {"angle": 0, "axis": "y", "origin": [15, -1.7, 15]},
			"faces": {
				"north": {"uv": [6, 4.5, 6.4, 6], "rotation": 90, "texture": "#0"},
				"east": {"uv": [6, 4.5, 6.4, 6], "rotation": 90, "texture": "#0"},
				"south": {"uv": [6, 4.5, 6.4, 6], "rotation": 90, "texture": "#0"},
				"west": {"uv": [6, 4.5, 6.4, 6], "rotation": 90, "texture": "#0"},
				"up": {"uv": [6, 4.5, 6.4, 6], "rotation": 90, "texture": "#0"},
				"down": {"uv": [6, 4.5, 6.4, 6], "rotation": 90, "texture": "#0"}
			}
		},
		{
			"from": [7.3, -10.15, 7.3],
			"to": [8.7, -9.65, 8.7],
			"rotation": {"angle": 0, "axis": "y", "origin": [15, -2.45, 15]},
			"faces": {
				"north": {"uv": [6, 4.5, 6.4, 6], "rotation": 90, "texture": "#0"},
				"east": {"uv": [6, 4.5, 6.4, 6], "rotation": 90, "texture": "#0"},
				"south": {"uv": [6, 4.5, 6.4, 6], "rotation": 90, "texture": "#0"},
				"west": {"uv": [6, 4.5, 6.4, 6], "rotation": 90, "texture": "#0"},
				"up": {"uv": [6, 4.5, 6.4, 6], "rotation": 90, "texture": "#0"},
				"down": {"uv": [6, 4.5, 6.4, 6], "rotation": 90, "texture": "#0"}
			}
		},
		{
			"from": [7.22044, -12.92947, 7.495],
			"to": [9.23044, -10.91947, 8.505],
			"rotation": {"angle": 45, "axis": "z", "origin": [8.02548, -12.14996, 8.27447]},
			"faces": {
				"north": {"uv": [13, 7.5, 15, 9.5], "rotation": 270, "texture": "#0"},
				"east": {"uv": [13, 7.5, 15, 8.5], "rotation": 270, "texture": "#0"},
				"south": {"uv": [13, 7.5, 15, 9.5], "rotation": 180, "texture": "#0"},
				"west": {"uv": [14, 9, 16, 10], "rotation": 270, "texture": "#0"},
				"up": {"uv": [15, 8.5, 16, 10.5], "rotation": 90, "texture": "#0"},
				"down": {"uv": [13, 8, 14, 10], "rotation": 90, "texture": "#0"}
			}
		},
		{
			"from": [7.00898, -5.76984, 7.495],
			"to": [9.01898, -3.75984, 8.505],
			"rotation": {"angle": 45, "axis": "z", "origin": [8.02968, -4.74907, 7.9777]},
			"faces": {
				"north": {"uv": [13, 7.5, 15, 9.5], "texture": "#0"},
				"east": {"uv": [13, 8, 14, 10], "texture": "#0"},
				"south": {"uv": [13, 7.5, 15.01, 9.51], "rotation": 90, "texture": "#0"},
				"west": {"uv": [15, 8.5, 16, 10.5], "texture": "#0"},
				"up": {"uv": [13, 7.5, 15, 8.5], "rotation": 180, "texture": "#0"},
				"down": {"uv": [14, 9, 16, 10], "rotation": 180, "texture": "#0"}
			}
		},
		{
			"from": [7.4, -12.7, 7.4],
			"to": [8.9, -11.2, 8.6],
			"rotation": {"angle": 45, "axis": "z", "origin": [8.00846, -12.09999, 7.99152]},
			"faces": {
				"north": {"uv": [11, 0, 12.5, 1.5], "rotation": 270, "texture": "#0"},
				"east": {"uv": [11.5, 0, 12.5, 1.5], "texture": "#0"},
				"south": {"uv": [11, 0, 12.5, 1.5], "texture": "#0"},
				"west": {"uv": [11.5, 1, 12.5, 2.5], "texture": "#0"},
				"up": {"uv": [11.5, 0, 12.5, 1.5], "rotation": 90, "texture": "#0"},
				"down": {"uv": [11.5, 1, 12.5, 2.5], "rotation": 90, "texture": "#0"}
			}
		},
		{
			"from": [7.4, -5.55, 7.4],
			"to": [8.9, -4.05, 8.6],
			"rotation": {"angle": 45, "axis": "z", "origin": [8.00846, -4.94999, 7.99152]},
			"faces": {
				"north": {"uv": [11, 0, 12.5, 1.5], "rotation": 270, "texture": "#0"},
				"east": {"uv": [11.5, 0, 12.5, 1.5], "texture": "#0"},
				"south": {"uv": [11, 0, 12.5, 1.5], "texture": "#0"},
				"west": {"uv": [11.5, 1, 12.5, 2.5], "texture": "#0"},
				"up": {"uv": [11.5, 0, 12.5, 1.5], "rotation": 90, "texture": "#0"},
				"down": {"uv": [11.5, 1, 12.5, 2.5], "rotation": 90, "texture": "#0"}
			}
		},
		{
			"from": [7.09, 11.29, 7.69],
			"to": [9.41, 13.61, 8.31],
			"rotation": {"angle": 45, "axis": "z", "origin": [8.00846, 12.20001, 8.49152]},
			"faces": {
				"north": {"uv": [0, 11, 2.5, 13.49], "texture": "#0"},
				"east": {"uv": [0, 11, 2.5, 13.49], "texture": "#0"},
				"south": {"uv": [0, 11, 2.5, 13.49], "texture": "#0"},
				"west": {"uv": [0, 11, 2.5, 13.49], "texture": "#0"},
				"up": {"uv": [0, 11, 2.5, 13.49], "texture": "#0"},
				"down": {"uv": [0, 11, 2.5, 13.49], "texture": "#0"}
			}
		},
		{
			"from": [6.73907, 12.03331, 7.71011],
			"to": [7.76707, 14.81131, 8.28811],
			"rotation": {"angle": -22.5, "axis": "z", "origin": [7.87246, 13.16669, 8.00706]},
			"faces": {
				"north": {"uv": [0, 11.5, 3, 12.5], "rotation": 90, "texture": "#0"},
				"east": {"uv": [0, 11.5, 3, 12.5], "rotation": 90, "texture": "#0"},
				"south": {"uv": [0, 11.5, 3, 12.5], "rotation": 90, "texture": "#0"},
				"west": {"uv": [0, 11.5, 3, 12.5], "rotation": 90, "texture": "#0"},
				"up": {"uv": [0, 11.5, 3, 12.5], "rotation": 90, "texture": "#0"},
				"down": {"uv": [0, 11.5, 3, 12.5], "rotation": 90, "texture": "#0"}
			}
		},
		{
			"from": [8.09131, 12.30142, 7.70911],
			"to": [9.12131, 15.08142, 8.28911],
			"rotation": {"angle": 22.5, "axis": "z", "origin": [8.72263, 13.68645, 8.01031]},
			"faces": {
				"north": {"uv": [0, 11.5, 3, 12.5], "rotation": 90, "texture": "#0"},
				"east": {"uv": [0, 11.5, 3, 12.5], "rotation": 90, "texture": "#0"},
				"south": {"uv": [0, 11.5, 3, 12.5], "rotation": 90, "texture": "#0"},
				"west": {"uv": [0, 11.5, 3, 12.5], "rotation": 90, "texture": "#0"},
				"up": {"uv": [0, 11.5, 3, 12.5], "rotation": 90, "texture": "#0"},
				"down": {"uv": [0, 11.5, 3, 12.5], "rotation": 90, "texture": "#0"}
			}
		},
		{
			"from": [7.61935, 14.74651, 7.7202],
			"to": [8.37935, 15.50651, 8.2802],
			"rotation": {"angle": -45, "axis": "z", "origin": [7.99482, 15.11519, 8.01254]},
			"faces": {
				"north": {"uv": [0, 11, 1, 12], "rotation": 270, "texture": "#0"},
				"east": {"uv": [0, 11, 1, 11.8], "rotation": 270, "texture": "#0"},
				"south": {"uv": [0, 11, 1, 12], "rotation": 270, "texture": "#0"},
				"west": {"uv": [0, 11, 1, 11.8], "rotation": 270, "texture": "#0"},
				"up": {"uv": [0, 11, 0.8, 12], "rotation": 270, "texture": "#0"},
				"down": {"uv": [0, 11, 0.8, 12], "rotation": 270, "texture": "#0"}
			}
		},
		{
			"from": [9.2, -4.35, 7.85],
			"to": [10.3, -2.75, 8.15],
			"rotation": {"angle": 45, "axis": "z", "origin": [8.00846, -3.54999, 8.64152]},
			"faces": {
				"north": {"uv": [13, 13.5, 15.5, 15.5], "texture": "#0"},
				"east": {"uv": [14, 14, 14.7, 16], "texture": "#0"},
				"south": {"uv": [13.5, 14, 16, 16], "texture": "#0"},
				"west": {"uv": [14, 14, 14.7, 16], "texture": "#0"},
				"up": {"uv": [13.5, 15.3, 16, 16], "texture": "#0"},
				"down": {"uv": [13.5, 15.3, 16, 16], "texture": "#0"}
			}
		},
		{
			"from": [5.7, -4.35, 7.85],
			"to": [6.8, -2.75, 8.15],
			"rotation": {"angle": -45, "axis": "z", "origin": [7.99154, -3.54999, 8.64152]},
			"faces": {
				"north": {"uv": [13.5, 14, 16, 16], "texture": "#0"},
				"east": {"uv": [14, 14, 14.7, 16], "texture": "#0"},
				"south": {"uv": [13.5, 14, 16, 16], "texture": "#0"},
				"west": {"uv": [14, 14, 14.7, 16], "texture": "#0"},
				"up": {"uv": [13.5, 15.3, 16, 16], "texture": "#0"},
				"down": {"uv": [13.5, 15.3, 16, 16], "texture": "#0"}
			}
		},
		{
			"from": [9.21002, -2.68855, 7.85197],
			"to": [9.81002, -1.08855, 8.15197],
			"rotation": {"angle": 22.5, "axis": "z", "origin": [9.51418, -1.6313, 7.99172]},
			"faces": {
				"north": {"uv": [14, 14, 16, 15], "rotation": 90, "texture": "#0"},
				"east": {"uv": [14, 15.3, 16, 16], "rotation": 90, "texture": "#0"},
				"south": {"uv": [14, 15, 16, 16], "rotation": 90, "texture": "#0"},
				"west": {"uv": [14, 15.3, 16, 16], "rotation": 90, "texture": "#0"},
				"up": {"uv": [14, 15, 14.7, 16], "rotation": 90, "texture": "#0"},
				"down": {"uv": [14, 15, 14.7, 16], "rotation": 90, "texture": "#0"}
			}
		},
		{
			"from": [6.18998, -2.68855, 7.85197],
			"to": [6.78998, -1.08855, 8.15197],
			"rotation": {"angle": -22.5, "axis": "z", "origin": [6.48582, -1.6313, 7.99172]},
			"faces": {
				"north": {"uv": [14, 15, 16, 16], "rotation": 90, "texture": "#0"},
				"east": {"uv": [14, 15.3, 16, 16], "rotation": 90, "texture": "#0"},
				"south": {"uv": [14, 15, 16, 16], "rotation": 90, "texture": "#0"},
				"west": {"uv": [14, 15.3, 16, 16], "rotation": 90, "texture": "#0"},
				"up": {"uv": [14, 15, 14.7, 16], "rotation": 90, "texture": "#0"},
				"down": {"uv": [14, 15, 14.7, 16], "rotation": 90, "texture": "#0"}
			}
		},
		{
			"from": [5.59084, -4.89274, 7.60556],
			"to": [6.59084, -4.29274, 8.40556],
			"rotation": {"angle": 45, "axis": "z", "origin": [4.58774, -3.46529, 7.99476]},
			"faces": {
				"north": {"uv": [12.5, 9, 13.5, 9.5], "texture": "#0"},
				"east": {"uv": [12.5, 9, 13.5, 9.5], "rotation": 180, "texture": "#0"},
				"south": {"uv": [12.5, 9, 13.5, 9.5], "rotation": 180, "texture": "#0"},
				"west": {"uv": [12.5, 9, 13.5, 9.5], "rotation": 180, "texture": "#0"},
				"up": {"uv": [12.5, 9, 13.5, 9.5], "rotation": 180, "texture": "#0"},
				"down": {"uv": [12.5, 9, 13.5, 9.5], "rotation": 180, "texture": "#0"}
			}
		},
		{
			"from": [9.42953, -4.89242, 7.6058],
			"to": [10.42953, -4.29242, 8.4058],
			"rotation": {"angle": -45, "axis": "z", "origin": [11.43264, -3.46497, 7.995]},
			"faces": {
				"north": {"uv": [13.5, 9, 12.5, 9.5], "texture": "#0"},
				"east": {"uv": [13.5, 9, 12.5, 9.5], "rotation": 180, "texture": "#0"},
				"south": {"uv": [13.5, 9, 12.5, 9.5], "rotation": 180, "texture": "#0"},
				"west": {"uv": [13.5, 9, 12.5, 9.5], "rotation": 180, "texture": "#0"},
				"up": {"uv": [13.5, 9, 12.5, 9.5], "rotation": 180, "texture": "#0"},
				"down": {"uv": [13.5, 9, 12.5, 9.5], "rotation": 180, "texture": "#0"}
			}
		},
		{
			"from": [6.76815, -6.10583, 7.59571],
			"to": [7.36815, -5.10583, 8.39571],
			"rotation": {"angle": 45, "axis": "z", "origin": [7.63305, -6.7067, 7.97658]},
			"faces": {
				"north": {"uv": [14.5, 9.5, 15.5, 10], "rotation": 90, "texture": "#0"},
				"east": {"uv": [14.5, 9.5, 15.5, 10], "rotation": 90, "texture": "#0"},
				"south": {"uv": [14.5, 9.5, 15.5, 10], "rotation": 90, "texture": "#0"},
				"west": {"uv": [14.5, 9.5, 15.5, 10], "rotation": 90, "texture": "#0"},
				"up": {"uv": [14.5, 9.5, 15.5, 10], "rotation": 90, "texture": "#0"},
				"down": {"uv": [14.5, 9.5, 15.5, 10], "rotation": 90, "texture": "#0"}
			}
		},
		{
			"from": [8.65223, -6.10551, 7.59595],
			"to": [9.25223, -5.10551, 8.39595],
			"rotation": {"angle": -45, "axis": "z", "origin": [8.38732, -6.70638, 7.97682]},
			"faces": {
				"north": {"uv": [14.5, 10, 15.5, 9.5], "rotation": 90, "texture": "#0"},
				"east": {"uv": [14.5, 10, 15.5, 9.5], "rotation": 90, "texture": "#0"},
				"south": {"uv": [14.5, 10, 15.5, 9.5], "rotation": 90, "texture": "#0"},
				"west": {"uv": [14.5, 10, 15.5, 9.5], "rotation": 90, "texture": "#0"},
				"up": {"uv": [14.5, 10, 15.5, 9.5], "rotation": 90, "texture": "#0"},
				"down": {"uv": [14.5, 10, 15.5, 9.5], "rotation": 90, "texture": "#0"}
			}
		},
		{
			"from": [9.31517, -7.05302, 7.69595],
			"to": [10.31517, -6.05302, 8.29595],
			"rotation": {"angle": 0, "axis": "z", "origin": [9.83604, -6.56872, 7.96645]},
			"faces": {
				"north": {"uv": [14.5, 10.5, 15.5, 9.5], "texture": "#0"},
				"east": {"uv": [14.5, 10.5, 14.6, 9.5], "texture": "#0"},
				"south": {"uv": [14.5, 10.5, 15.5, 9.5], "rotation": 270, "texture": "#0"},
				"west": {"uv": [14.5, 10, 15.5, 9.5], "rotation": 180, "texture": "#0"},
				"up": {"uv": [14.5, 10, 15.5, 9.5], "rotation": 180, "texture": "#0"},
				"down": {"uv": [14.5, 10, 15.5, 9.5], "rotation": 180, "texture": "#0"}
			}
		},
		{
			"from": [5.68483, -7.05302, 7.69595],
			"to": [6.68483, -6.05302, 8.29595],
			"rotation": {"angle": 0, "axis": "z", "origin": [6.16396, -6.56872, 7.96645]},
			"faces": {
				"north": {"uv": [15.5, 10.5, 14.5, 9.5], "texture": "#0"},
				"east": {"uv": [15.5, 10, 14.5, 9.5], "rotation": 180, "texture": "#0"},
				"south": {"uv": [14.5, 9.5, 15.5, 10.5], "rotation": 270, "texture": "#0"},
				"west": {"uv": [14.6, 10.5, 14.5, 9.5], "texture": "#0"},
				"up": {"uv": [15.5, 10, 14.5, 9.5], "rotation": 180, "texture": "#0"},
				"down": {"uv": [15.5, 10, 14.5, 9.5], "rotation": 180, "texture": "#0"}
			}
		},
		{
			"from": [10.41517, -7.95302, 7.79595],
			"to": [11.21517, -7.15302, 8.19595],
			"rotation": {"angle": 0, "axis": "z", "origin": [10.83604, -7.56872, 7.96645]},
			"faces": {
				"north": {"uv": [14.5, 10.5, 15.5, 9.5], "texture": "#0"},
				"east": {"uv": [14.5, 10.5, 14.6, 9.5], "texture": "#0"},
				"south": {"uv": [14.5, 10.5, 15.5, 9.5], "rotation": 270, "texture": "#0"},
				"west": {"uv": [14.5, 10, 15.5, 9.5], "rotation": 180, "texture": "#0"},
				"up": {"uv": [14.5, 10, 15.5, 9.5], "rotation": 180, "texture": "#0"},
				"down": {"uv": [14.5, 10, 15.5, 9.5], "rotation": 180, "texture": "#0"}
			}
		},
		{
			"from": [4.78483, -7.95302, 7.79595],
			"to": [5.58483, -7.15302, 8.19595],
			"rotation": {"angle": 0, "axis": "z", "origin": [5.16396, -7.56872, 7.96645]},
			"faces": {
				"north": {"uv": [15.5, 10.5, 14.5, 9.5], "texture": "#0"},
				"east": {"uv": [15.5, 10, 14.5, 9.5], "rotation": 180, "texture": "#0"},
				"south": {"uv": [14.5, 9.5, 15.5, 10.5], "rotation": 270, "texture": "#0"},
				"west": {"uv": [14.6, 10.5, 14.5, 9.5], "texture": "#0"},
				"up": {"uv": [15.5, 10, 14.5, 9.5], "rotation": 180, "texture": "#0"},
				"down": {"uv": [15.5, 10, 14.5, 9.5], "rotation": 180, "texture": "#0"}
			}
		},
		{
			"from": [9.31517, -3.44698, 7.69595],
			"to": [10.31517, -2.44698, 8.29595],
			"rotation": {"angle": 0, "axis": "z", "origin": [9.83604, -2.93128, 7.96645]},
			"faces": {
				"north": {"uv": [14, 9.5, 13, 8.5], "rotation": 180, "texture": "#0"},
				"east": {"uv": [13.5, 9.5, 13, 8.5], "rotation": 180, "texture": "#0"},
				"south": {"uv": [14, 9.5, 13, 8.5], "rotation": 270, "texture": "#0"},
				"west": {"uv": [14, 9.5, 13, 8.5], "rotation": 270, "texture": "#0"},
				"up": {"uv": [13.5, 9.5, 13, 8.5], "rotation": 270, "texture": "#0"},
				"down": {"uv": [14, 9.5, 13, 8.5], "rotation": 270, "texture": "#0"}
			}
		},
		{
			"from": [10.41517, -2.34698, 7.79595],
			"to": [11.21517, -1.54698, 8.19595],
			"rotation": {"angle": 0, "axis": "z", "origin": [10.83604, -1.93128, 7.96645]},
			"faces": {
				"north": {"uv": [13, 8, 12.5, 7.5], "rotation": 270, "texture": "#0"},
				"east": {"uv": [13, 8, 12.5, 7.5], "rotation": 270, "texture": "#0"},
				"south": {"uv": [13, 8, 12.5, 7.5], "rotation": 270, "texture": "#0"},
				"west": {"uv": [13, 8, 12.5, 7.5], "rotation": 270, "texture": "#0"},
				"up": {"uv": [13, 8, 12.5, 7.5], "rotation": 270, "texture": "#0"},
				"down": {"uv": [13, 8, 12.5, 7.5], "rotation": 270, "texture": "#0"}
			}
		},
		{
			"from": [4.78483, -2.34698, 7.79595],
			"to": [5.58483, -1.54698, 8.19595],
			"rotation": {"angle": 0, "axis": "z", "origin": [5.16396, -1.93128, 7.96645]},
			"faces": {
				"north": {"uv": [13, 7.5, 12.5, 8], "rotation": 270, "texture": "#0"},
				"east": {"uv": [13, 7.5, 12.5, 8], "rotation": 270, "texture": "#0"},
				"south": {"uv": [13, 7.5, 12.5, 8], "rotation": 270, "texture": "#0"},
				"west": {"uv": [13, 7.5, 12.5, 8], "rotation": 270, "texture": "#0"},
				"up": {"uv": [13, 7.5, 12.5, 8], "rotation": 270, "texture": "#0"},
				"down": {"uv": [13, 7.5, 12.5, 8], "rotation": 270, "texture": "#0"}
			}
		},
		{
			"from": [9.2745, -7.94426, 7.74595],
			"to": [9.8745, -6.44426, 8.24595],
			"rotation": {"angle": 45, "axis": "z", "origin": [9.5902, -6.32461, 7.96817]},
			"faces": {
				"north": {"uv": [14.5, 10, 15.5, 9.5], "rotation": 90, "texture": "#0"},
				"east": {"uv": [14.5, 10, 15.5, 9.5], "rotation": 90, "texture": "#0"},
				"south": {"uv": [14.5, 10, 15.5, 9.5], "rotation": 90, "texture": "#0"},
				"west": {"uv": [14.5, 10, 15.5, 9.5], "rotation": 90, "texture": "#0"},
				"up": {"uv": [14.5, 10, 15.5, 9.5], "rotation": 90, "texture": "#0"},
				"down": {"uv": [14.5, 10, 15.5, 9.5], "rotation": 90, "texture": "#0"}
			}
		},
		{
			"from": [6.1255, -7.94426, 7.74595],
			"to": [6.7255, -6.44426, 8.24595],
			"rotation": {"angle": -45, "axis": "z", "origin": [6.4098, -6.32461, 7.96817]},
			"faces": {
				"north": {"uv": [14.5, 9.5, 15.5, 10], "rotation": 90, "texture": "#0"},
				"east": {"uv": [14.5, 9.5, 15.5, 10], "rotation": 90, "texture": "#0"},
				"south": {"uv": [14.5, 9.5, 15.5, 10], "rotation": 90, "texture": "#0"},
				"west": {"uv": [14.5, 9.5, 15.5, 10], "rotation": 90, "texture": "#0"},
				"up": {"uv": [14.5, 9.5, 15.5, 10], "rotation": 90, "texture": "#0"},
				"down": {"uv": [14.5, 9.5, 15.5, 10], "rotation": 90, "texture": "#0"}
			}
		},
		{
			"from": [9.2745, -3.05574, 7.74595],
			"to": [9.8745, -1.55574, 8.24595],
			"rotation": {"angle": -45, "axis": "z", "origin": [9.5902, -3.17539, 7.96817]},
			"faces": {
				"north": {"uv": [14, 8, 12.5, 7.5], "rotation": 270, "texture": "#0"},
				"east": {"uv": [14, 8, 12.5, 7.5], "rotation": 270, "texture": "#0"},
				"south": {"uv": [14, 8, 12.5, 7.5], "rotation": 270, "texture": "#0"},
				"west": {"uv": [14, 8, 12.5, 7.5], "rotation": 270, "texture": "#0"},
				"up": {"uv": [12.5, 7.5, 12, 7], "rotation": 270, "texture": "#0"},
				"down": {"uv": [14, 8, 12.5, 7.5], "rotation": 270, "texture": "#0"}
			}
		},
		{
			"from": [6.1255, -3.05574, 7.74595],
			"to": [6.7255, -1.55574, 8.24595],
			"rotation": {"angle": 45, "axis": "z", "origin": [6.4098, -3.17539, 7.96817]},
			"faces": {
				"north": {"uv": [14, 7.5, 12.5, 8], "rotation": 270, "texture": "#0"},
				"east": {"uv": [14, 7.5, 12.5, 8], "rotation": 270, "texture": "#0"},
				"south": {"uv": [14, 7.5, 12.5, 8], "rotation": 270, "texture": "#0"},
				"west": {"uv": [14, 7.5, 12.5, 8], "rotation": 270, "texture": "#0"},
				"up": {"uv": [12.5, 7, 12, 7.5], "rotation": 270, "texture": "#0"},
				"down": {"uv": [14, 7.5, 12.5, 8], "rotation": 270, "texture": "#0"}
			}
		},
		{
			"from": [5.50258, -5.26544, 7.60291],
			"to": [6.10258, -4.26544, 8.40291],
			"rotation": {"angle": 0, "axis": "z", "origin": [5.90348, -5.17723, 7.98625]},
			"faces": {
				"north": {"uv": [13.5, 9.5, 14.5, 10], "rotation": 90, "texture": "#0"},
				"east": {"uv": [13.5, 9.5, 14.5, 10], "rotation": 90, "texture": "#0"},
				"south": {"uv": [13.5, 9.5, 14.5, 10], "rotation": 90, "texture": "#0"},
				"west": {"uv": [13.5, 9.5, 14.5, 10], "rotation": 90, "texture": "#0"},
				"up": {"uv": [13.5, 9.5, 14.5, 10], "rotation": 90, "texture": "#0"},
				"down": {"uv": [13.5, 9.5, 14.5, 10], "rotation": 90, "texture": "#0"}
			}
		},
		{
			"from": [9.91779, -5.26512, 7.60315],
			"to": [10.51779, -4.26512, 8.40315],
			"rotation": {"angle": 0, "axis": "z", "origin": [10.1169, -5.17691, 7.98649]},
			"faces": {
				"north": {"uv": [13.5, 10, 14.5, 9.5], "rotation": 90, "texture": "#0"},
				"east": {"uv": [13.5, 10, 14.5, 9.5], "rotation": 90, "texture": "#0"},
				"south": {"uv": [13.5, 10, 14.5, 9.5], "rotation": 90, "texture": "#0"},
				"west": {"uv": [13.5, 10, 14.5, 9.5], "rotation": 90, "texture": "#0"},
				"up": {"uv": [13.5, 10, 14.5, 9.5], "rotation": 90, "texture": "#0"},
				"down": {"uv": [13.5, 10, 14.5, 9.5], "rotation": 90, "texture": "#0"}
			}
		},
		{
			"from": [11.51779, -5.51512, 7.90315],
			"to": [12.11779, -4.01512, 8.10315],
			"rotation": {"angle": 0, "axis": "z", "origin": [11.7169, -5.42691, 7.98649]},
			"faces": {
				"north": {"uv": [13.5, 10, 15, 9.5], "rotation": 90, "texture": "#0"},
				"east": {"uv": [13.5, 10, 15, 9.5], "rotation": 90, "texture": "#0"},
				"south": {"uv": [13.5, 10, 15, 9.5], "rotation": 90, "texture": "#0"},
				"west": {"uv": [13.5, 10, 15, 9.5], "rotation": 90, "texture": "#0"},
				"up": {"uv": [13.5, 10, 15, 9.5], "rotation": 90, "texture": "#0"},
				"down": {"uv": [13.5, 10, 15, 9.5], "rotation": 90, "texture": "#0"}
			}
		},
		{
			"from": [3.88221, -5.51512, 7.90315],
			"to": [4.48221, -4.01512, 8.10315],
			"rotation": {"angle": 0, "axis": "z", "origin": [4.2831, -5.42691, 7.98649]},
			"faces": {
				"north": {"uv": [13.5, 9.5, 15, 10], "rotation": 90, "texture": "#0"},
				"east": {"uv": [13.5, 9.5, 15, 10], "rotation": 90, "texture": "#0"},
				"south": {"uv": [13.5, 9.5, 15, 10], "rotation": 90, "texture": "#0"},
				"west": {"uv": [13.5, 9.5, 15, 10], "rotation": 90, "texture": "#0"},
				"up": {"uv": [13.5, 9.5, 15, 10], "rotation": 90, "texture": "#0"},
				"down": {"uv": [13.5, 9.5, 15, 10], "rotation": 90, "texture": "#0"}
			}
		},
		{
			"from": [10.11791, -5.2655, 7.70341],
			"to": [11.11791, -4.2655, 8.30341],
			"rotation": {"angle": -45, "axis": "z", "origin": [10.64019, -4.76019, 7.97583]},
			"faces": {
				"north": {"uv": [13.5, 10, 14.5, 9.5], "rotation": 180, "texture": "#0"},
				"east": {"uv": [13.5, 10, 14.5, 9.5], "texture": "#0"},
				"south": {"uv": [13.5, 9.5, 14.5, 10.5], "rotation": 90, "texture": "#0"},
				"west": {"uv": [13.5, 10, 14.5, 9.5], "texture": "#0"},
				"up": {"uv": [13.5, 10, 14.5, 9.5], "texture": "#0"},
				"down": {"uv": [13.5, 10, 14.5, 9.5], "texture": "#0"}
			}
		},
		{
			"from": [4.88209, -5.2655, 7.70341],
			"to": [5.88209, -4.2655, 8.30341],
			"rotation": {"angle": 45, "axis": "z", "origin": [5.35981, -4.76019, 7.97583]},
			"faces": {
				"north": {"uv": [14.5, 10, 13.5, 9.5], "rotation": 180, "texture": "#0"},
				"east": {"uv": [14.5, 10, 13.5, 9.5], "texture": "#0"},
				"south": {"uv": [13.5, 10.5, 14.5, 9.5], "rotation": 90, "texture": "#0"},
				"west": {"uv": [14.5, 10, 13.5, 9.5], "texture": "#0"},
				"up": {"uv": [14.5, 10, 13.5, 9.5], "texture": "#0"},
				"down": {"uv": [14.5, 10, 13.5, 9.5], "texture": "#0"}
			}
		},
		{
			"from": [12.11791, -5.1655, 7.80341],
			"to": [12.91791, -4.3655, 8.20341],
			"rotation": {"angle": -45, "axis": "z", "origin": [12.54019, -4.76019, 7.97583]},
			"faces": {
				"north": {"uv": [13.5, 10, 14.5, 9.5], "rotation": 180, "texture": "#0"},
				"east": {"uv": [13.5, 10, 14.5, 9.5], "texture": "#0"},
				"south": {"uv": [13.5, 9.5, 14.5, 10.5], "rotation": 90, "texture": "#0"},
				"west": {"uv": [13.5, 10, 14.5, 9.5], "texture": "#0"},
				"up": {"uv": [13.5, 10, 14.5, 9.5], "texture": "#0"},
				"down": {"uv": [13.5, 10, 14.5, 9.5], "texture": "#0"}
			}
		},
		{
			"from": [3.08209, -5.1655, 7.80341],
			"to": [3.88209, -4.3655, 8.20341],
			"rotation": {"angle": 45, "axis": "z", "origin": [3.45981, -4.76019, 7.97583]},
			"faces": {
				"north": {"uv": [14.5, 10, 13.5, 9.5], "rotation": 180, "texture": "#0"},
				"east": {"uv": [14.5, 10, 13.5, 9.5], "texture": "#0"},
				"south": {"uv": [13.5, 10.5, 14.5, 9.5], "rotation": 90, "texture": "#0"},
				"west": {"uv": [14.5, 10, 13.5, 9.5], "texture": "#0"},
				"up": {"uv": [14.5, 10, 13.5, 9.5], "texture": "#0"},
				"down": {"uv": [14.5, 10, 13.5, 9.5], "texture": "#0"}
			}
		},
		{
			"from": [10.48441, -5.03719, 7.75315],
			"to": [12.48441, -4.43719, 8.25315],
			"rotation": {"angle": 0, "axis": "z", "origin": [11.24006, -4.75946, 7.97523]},
			"faces": {
				"north": {"uv": [13.5, 10, 14.5, 9.5], "texture": "#0"},
				"east": {"uv": [13.5, 10, 14.5, 9.5], "rotation": 180, "texture": "#0"},
				"south": {"uv": [13.5, 10, 14.5, 9.5], "rotation": 180, "texture": "#0"},
				"west": {"uv": [13.5, 10, 14.5, 9.5], "rotation": 180, "texture": "#0"},
				"up": {"uv": [13.5, 10, 14.5, 9.5], "rotation": 180, "texture": "#0"},
				"down": {"uv": [13.5, 10, 14.5, 9.5], "rotation": 180, "texture": "#0"}
			}
		},
		{
			"from": [3.51559, -5.03719, 7.75315],
			"to": [5.51559, -4.43719, 8.25315],
			"rotation": {"angle": 0, "axis": "z", "origin": [4.75994, -4.75946, 7.97523]},
			"faces": {
				"north": {"uv": [14.5, 10, 13.5, 9.5], "texture": "#0"},
				"east": {"uv": [14.5, 10, 13.5, 9.5], "rotation": 180, "texture": "#0"},
				"south": {"uv": [14.5, 10, 13.5, 9.5], "rotation": 180, "texture": "#0"},
				"west": {"uv": [14.5, 10, 13.5, 9.5], "rotation": 180, "texture": "#0"},
				"up": {"uv": [14.5, 10, 13.5, 9.5], "rotation": 180, "texture": "#0"},
				"down": {"uv": [14.5, 10, 13.5, 9.5], "rotation": 180, "texture": "#0"}
			}
		},
		{
			"from": [7.5, -7.27539, 7.59548],
			"to": [8.5, -6.67539, 8.39548],
			"rotation": {"angle": 0, "axis": "z", "origin": [7.66936, -6.70914, 7.97901]},
			"faces": {
				"north": {"uv": [15, 10, 16, 10.5], "texture": "#0"},
				"east": {"uv": [15, 10, 16, 10.5], "texture": "#0"},
				"south": {"uv": [15, 10, 16, 10.5], "texture": "#0"},
				"west": {"uv": [15, 10, 16, 10.5], "texture": "#0"},
				"up": {"uv": [15, 10, 16, 10.5], "texture": "#0"},
				"down": {"uv": [15, 10, 16, 10.5], "texture": "#0"}
			}
		},
		{
			"from": [7.50731, -2.85118, 7.60596],
			"to": [8.50731, -2.25118, 8.40596],
			"rotation": {"angle": 0, "axis": "z", "origin": [9.16926, -3.97085, 7.99377]},
			"faces": {
				"north": {"uv": [12.5, 8.5, 13.5, 9], "rotation": 180, "texture": "#0"},
				"east": {"uv": [12.5, 8.5, 13.5, 9], "rotation": 180, "texture": "#0"},
				"south": {"uv": [12.5, 8.5, 13.5, 9], "rotation": 180, "texture": "#0"},
				"west": {"uv": [12.5, 8.5, 13.5, 9], "rotation": 180, "texture": "#0"},
				"up": {"uv": [12.5, 8.5, 13.5, 9], "rotation": 180, "texture": "#0"},
				"down": {"uv": [12.5, 8.5, 13.5, 9], "rotation": 180, "texture": "#0"}
			}
		},
		{
			"from": [5.67136, -4.42517, 7.60516],
			"to": [6.27136, -3.42517, 8.40516],
			"rotation": {"angle": -22.5, "axis": "z", "origin": [5.98849, -3.91368, 7.98891]},
			"faces": {
				"north": {"uv": [12.5, 9.5, 13.5, 10], "rotation": 90, "texture": "#0"},
				"east": {"uv": [12.5, 9.5, 13.5, 10], "rotation": 90, "texture": "#0"},
				"south": {"uv": [12.5, 9.5, 13.5, 10], "rotation": 90, "texture": "#0"},
				"west": {"uv": [12.5, 9.5, 13.5, 10], "rotation": 90, "texture": "#0"},
				"up": {"uv": [12.5, 9.5, 13.5, 10], "rotation": 90, "texture": "#0"},
				"down": {"uv": [12.5, 9.5, 13.5, 10], "rotation": 90, "texture": "#0"}
			}
		},
		{
			"from": [9.74901, -4.42485, 7.6054],
			"to": [10.34901, -3.42485, 8.4054],
			"rotation": {"angle": 22.5, "axis": "z", "origin": [10.03188, -3.91336, 7.98915]},
			"faces": {
				"north": {"uv": [12.5, 10, 13.5, 9.5], "rotation": 90, "texture": "#0"},
				"east": {"uv": [12.5, 10, 13.5, 9.5], "rotation": 90, "texture": "#0"},
				"south": {"uv": [12.5, 10, 13.5, 9.5], "rotation": 90, "texture": "#0"},
				"west": {"uv": [12.5, 10, 13.5, 9.5], "rotation": 90, "texture": "#0"},
				"up": {"uv": [12.5, 10, 13.5, 9.5], "rotation": 90, "texture": "#0"},
				"down": {"uv": [12.5, 10, 13.5, 9.5], "rotation": 90, "texture": "#0"}
			}
		},
		{
			"from": [11.34901, -4.17485, 7.9054],
			"to": [11.94901, -2.67485, 8.1054],
			"rotation": {"angle": 22.5, "axis": "z", "origin": [11.63188, -3.66336, 7.98915]},
			"faces": {
				"north": {"uv": [13, 9, 14.5, 8.5], "rotation": 90, "texture": "#0"},
				"east": {"uv": [13, 9, 14.5, 8.5], "rotation": 90, "texture": "#0"},
				"south": {"uv": [13, 9, 14.5, 8.5], "rotation": 90, "texture": "#0"},
				"west": {"uv": [13, 9, 14.5, 8.5], "rotation": 90, "texture": "#0"},
				"up": {"uv": [13, 9, 14.5, 8.5], "rotation": 90, "texture": "#0"},
				"down": {"uv": [13, 9, 14.5, 8.5], "rotation": 90, "texture": "#0"}
			}
		},
		{
			"from": [4.05099, -4.17485, 7.9054],
			"to": [4.65099, -2.67485, 8.1054],
			"rotation": {"angle": -22.5, "axis": "z", "origin": [4.36812, -3.66336, 7.98915]},
			"faces": {
				"north": {"uv": [13, 8.5, 14.5, 9], "rotation": 90, "texture": "#0"},
				"east": {"uv": [13, 8.5, 14.5, 9], "rotation": 90, "texture": "#0"},
				"south": {"uv": [13, 8.5, 14.5, 9], "rotation": 90, "texture": "#0"},
				"west": {"uv": [13, 8.5, 14.5, 9], "rotation": 90, "texture": "#0"},
				"up": {"uv": [13, 8.5, 14.5, 9], "rotation": 90, "texture": "#0"},
				"down": {"uv": [13, 8.5, 14.5, 9], "rotation": 90, "texture": "#0"}
			}
		},
		{
			"from": [10.49683, -3.04659, 7.9087],
			"to": [11.09683, -1.54659, 8.1087],
			"rotation": {"angle": 45, "axis": "z", "origin": [10.81793, -2.29781, 7.98181]},
			"faces": {
				"north": {"uv": [13, 8, 14.5, 7.5], "rotation": 90, "texture": "#0"},
				"east": {"uv": [13, 8, 14.5, 7.5], "rotation": 90, "texture": "#0"},
				"south": {"uv": [13, 8, 14.5, 7.5], "rotation": 90, "texture": "#0"},
				"west": {"uv": [13, 8, 14.5, 7.5], "rotation": 90, "texture": "#0"},
				"up": {"uv": [13, 8, 14.5, 7.5], "rotation": 90, "texture": "#0"},
				"down": {"uv": [13, 8, 14.5, 7.5], "rotation": 90, "texture": "#0"}
			}
		},
		{
			"from": [4.90317, -3.04659, 7.9087],
			"to": [5.50317, -1.54659, 8.1087],
			"rotation": {"angle": -45, "axis": "z", "origin": [5.18207, -2.29781, 7.98181]},
			"faces": {
				"north": {"uv": [13, 7.5, 14.5, 8], "rotation": 90, "texture": "#0"},
				"east": {"uv": [13, 7.5, 14.5, 8], "rotation": 90, "texture": "#0"},
				"south": {"uv": [13, 7.5, 14.5, 8], "rotation": 90, "texture": "#0"},
				"west": {"uv": [13, 7.5, 14.5, 8], "rotation": 90, "texture": "#0"},
				"up": {"uv": [13, 7.5, 14.5, 8], "rotation": 90, "texture": "#0"},
				"down": {"uv": [13, 7.5, 14.5, 8], "rotation": 90, "texture": "#0"}
			}
		},
		{
			"from": [9.23054, -2.01305, 7.8987],
			"to": [10.75054, -1.39305, 8.1187],
			"rotation": {"angle": -22.5, "axis": "z", "origin": [9.99931, -1.38862, 7.9883]},
			"faces": {
				"north": {"uv": [12.5, 8, 13, 7.5], "texture": "#0"},
				"east": {"uv": [12.5, 8, 13, 7.5], "texture": "#0"},
				"south": {"uv": [12.5, 8, 13, 7.5], "texture": "#0"},
				"west": {"uv": [12.5, 8, 13, 7.5], "texture": "#0"},
				"up": {"uv": [12.5, 8, 13, 7.5], "texture": "#0"},
				"down": {"uv": [12.5, 8, 13, 7.5], "texture": "#0"}
			}
		},
		{
			"from": [5.24946, -2.01305, 7.8987],
			"to": [6.76946, -1.39305, 8.1187],
			"rotation": {"angle": 22.5, "axis": "z", "origin": [6.00069, -1.38862, 7.9883]},
			"faces": {
				"north": {"uv": [13, 8, 12.5, 7.5], "texture": "#0"},
				"east": {"uv": [13, 8, 12.5, 7.5], "texture": "#0"},
				"south": {"uv": [13, 8, 12.5, 7.5], "texture": "#0"},
				"west": {"uv": [13, 8, 12.5, 7.5], "texture": "#0"},
				"up": {"uv": [13, 8, 12.5, 7.5], "texture": "#0"},
				"down": {"uv": [13, 8, 12.5, 7.5], "texture": "#0"}
			}
		},
		{
			"from": [6.74673, -7.27557, 7.59531],
			"to": [7.74673, -6.67557, 8.39531],
			"rotation": {"angle": -22.5, "axis": "z", "origin": [7.63305, -6.7067, 7.97658]},
			"faces": {
				"north": {"uv": [14.5, 10, 15.5, 10.5], "rotation": 180, "texture": "#0"},
				"east": {"uv": [14.5, 10, 15.5, 10.5], "texture": "#0"},
				"south": {"uv": [14.5, 10, 15.5, 10.5], "texture": "#0"},
				"west": {"uv": [14.5, 10, 15.5, 10.5], "texture": "#0"},
				"up": {"uv": [14.5, 10, 15.5, 10.5], "texture": "#0"},
				"down": {"uv": [14.5, 10, 15.5, 10.5], "texture": "#0"}
			}
		},
		{
			"from": [8.27364, -7.27525, 7.59555],
			"to": [9.27364, -6.67525, 8.39555],
			"rotation": {"angle": 22.5, "axis": "z", "origin": [8.38732, -6.70638, 7.97682]},
			"faces": {
				"north": {"uv": [15.5, 10, 14.5, 10.5], "rotation": 180, "texture": "#0"},
				"east": {"uv": [15.5, 10, 14.5, 10.5], "texture": "#0"},
				"south": {"uv": [15.5, 10, 14.5, 10.5], "texture": "#0"},
				"west": {"uv": [15.5, 10, 14.5, 10.5], "texture": "#0"},
				"up": {"uv": [15.5, 10, 14.5, 10.5], "texture": "#0"},
				"down": {"uv": [15.5, 10, 14.5, 10.5], "texture": "#0"}
			}
		},
		{
			"from": [5.4996, -6.10511, 7.60251],
			"to": [6.0996, -5.10511, 8.40251],
			"rotation": {"angle": 22.5, "axis": "z", "origin": [5.90348, -5.17723, 7.98625]},
			"faces": {
				"north": {"uv": [14, 9.5, 15, 10], "rotation": 90, "texture": "#0"},
				"east": {"uv": [14, 9.5, 15, 10], "rotation": 90, "texture": "#0"},
				"south": {"uv": [14, 9.5, 15, 10], "rotation": 90, "texture": "#0"},
				"west": {"uv": [14, 9.5, 15, 10], "rotation": 90, "texture": "#0"},
				"up": {"uv": [14, 9.5, 15, 10], "rotation": 90, "texture": "#0"},
				"down": {"uv": [14, 9.5, 15, 10], "rotation": 90, "texture": "#0"}
			}
		},
		{
			"from": [9.92077, -6.10479, 7.60275],
			"to": [10.52077, -5.10479, 8.40275],
			"rotation": {"angle": -22.5, "axis": "z", "origin": [10.1169, -5.17691, 7.98649]},
			"faces": {
				"north": {"uv": [14, 10, 15, 9.5], "rotation": 90, "texture": "#0"},
				"east": {"uv": [14, 10, 15, 9.5], "rotation": 90, "texture": "#0"},
				"south": {"uv": [14, 10, 15, 9.5], "rotation": 90, "texture": "#0"},
				"west": {"uv": [14, 10, 15, 9.5], "rotation": 90, "texture": "#0"},
				"up": {"uv": [14, 10, 15, 9.5], "rotation": 90, "texture": "#0"},
				"down": {"uv": [14, 10, 15, 9.5], "rotation": 90, "texture": "#0"}
			}
		},
		{
			"from": [11.52077, -6.85479, 7.90275],
			"to": [12.12077, -5.35479, 8.10275],
			"rotation": {"angle": -22.5, "axis": "z", "origin": [11.7169, -5.42691, 7.98649]},
			"faces": {
				"north": {"uv": [14, 10, 15, 9.5], "rotation": 90, "texture": "#0"},
				"east": {"uv": [14, 10, 15, 9.5], "rotation": 90, "texture": "#0"},
				"south": {"uv": [14.5, 10, 15.5, 9.5], "rotation": 90, "texture": "#0"},
				"west": {"uv": [14, 10, 15, 9.5], "rotation": 90, "texture": "#0"},
				"up": {"uv": [14, 10, 15, 9.5], "rotation": 90, "texture": "#0"},
				"down": {"uv": [14, 10, 15, 9.5], "rotation": 90, "texture": "#0"}
			}
		},
		{
			"from": [3.87923, -6.85479, 7.90275],
			"to": [4.47923, -5.35479, 8.10275],
			"rotation": {"angle": 22.5, "axis": "z", "origin": [4.2831, -5.42691, 7.98649]},
			"faces": {
				"north": {"uv": [14, 9.5, 15, 10], "rotation": 90, "texture": "#0"},
				"east": {"uv": [14, 9.5, 15, 10], "rotation": 90, "texture": "#0"},
				"south": {"uv": [14.5, 9.5, 15.5, 10], "rotation": 90, "texture": "#0"},
				"west": {"uv": [14, 9.5, 15, 10], "rotation": 90, "texture": "#0"},
				"up": {"uv": [14, 9.5, 15, 10], "rotation": 90, "texture": "#0"},
				"down": {"uv": [14, 9.5, 15, 10], "rotation": 90, "texture": "#0"}
			}
		},
		{
			"from": [7.2921, -2.34634, 7.60556],
			"to": [8.2921, -1.74634, 8.40556],
			"rotation": {"angle": 22.5, "axis": "z", "origin": [9.16926, -3.97085, 7.99377]},
			"faces": {
				"north": {"uv": [13, 7.5, 14, 8], "texture": "#0"},
				"east": {"uv": [13, 7.5, 14, 8], "rotation": 180, "texture": "#0"},
				"south": {"uv": [13, 7.5, 14, 8], "rotation": 180, "texture": "#0"},
				"west": {"uv": [13, 7.5, 14, 8], "rotation": 180, "texture": "#0"},
				"up": {"uv": [13, 7.5, 14, 8], "rotation": 180, "texture": "#0"},
				"down": {"uv": [13, 7.5, 14, 8], "rotation": 180, "texture": "#0"}
			}
		},
		{
			"from": [7.72279, -2.34602, 7.6058],
			"to": [8.72279, -1.74602, 8.4058],
			"rotation": {"angle": -22.5, "axis": "z", "origin": [6.84564, -3.97053, 7.99402]},
			"faces": {
				"north": {"uv": [14, 7.5, 13, 8], "texture": "#0"},
				"east": {"uv": [14, 7.5, 13, 8], "rotation": 180, "texture": "#0"},
				"south": {"uv": [14, 7.5, 13, 8], "rotation": 180, "texture": "#0"},
				"west": {"uv": [14, 7.5, 13, 8], "rotation": 180, "texture": "#0"},
				"up": {"uv": [14, 7.5, 13, 8], "rotation": 180, "texture": "#0"},
				"down": {"uv": [14, 7.5, 13, 8], "rotation": 180, "texture": "#0"}
			}
		},
		{
			"from": [8.66505, 0.7178, 7.85411],
			"to": [9.66505, 1.3178, 8.15411],
			"rotation": {"angle": 22.5, "axis": "z", "origin": [9.25054, 1.02238, 7.99027]},
			"faces": {
				"north": {"uv": [16, 15, 14, 16], "rotation": 180, "texture": "#0"},
				"east": {"uv": [14.7, 15, 14, 16], "texture": "#0"},
				"south": {"uv": [16, 15, 14, 16], "texture": "#0"},
				"west": {"uv": [14.7, 15, 14, 16], "texture": "#0"},
				"up": {"uv": [16, 15.3, 14, 16], "texture": "#0"},
				"down": {"uv": [16, 15.3, 14, 16], "texture": "#0"}
			}
		},
		{
			"from": [6.33495, 0.7178, 7.85411],
			"to": [7.33495, 1.3178, 8.15411],
			"rotation": {"angle": -22.5, "axis": "z", "origin": [6.74946, 1.02238, 7.99027]},
			"faces": {
				"north": {"uv": [14, 15, 16, 16], "rotation": 180, "texture": "#0"},
				"east": {"uv": [14, 15, 14.7, 16], "texture": "#0"},
				"south": {"uv": [14, 15, 16, 16], "texture": "#0"},
				"west": {"uv": [14, 15, 14.7, 16], "texture": "#0"},
				"up": {"uv": [14, 15.3, 16, 16], "texture": "#0"},
				"down": {"uv": [14, 15.3, 16, 16], "texture": "#0"}
			}
		},
		{
			"from": [6.4598, 6.0023, 7.85411],
			"to": [7.4598, 6.6023, 8.15411],
			"rotation": {"angle": 22.5, "axis": "z", "origin": [8.01515, 5.82372, 7.98894]},
			"faces": {
				"north": {"uv": [16, 15, 14, 16], "texture": "#0"},
				"east": {"uv": [14.7, 15, 14, 16], "rotation": 180, "texture": "#0"},
				"south": {"uv": [16, 15, 14, 16], "rotation": 180, "texture": "#0"},
				"west": {"uv": [14.7, 15, 14, 16], "rotation": 180, "texture": "#0"},
				"up": {"uv": [16, 15.3, 14, 16], "rotation": 180, "texture": "#0"},
				"down": {"uv": [16, 15.3, 14, 16], "rotation": 180, "texture": "#0"}
			}
		},
		{
			"from": [8.5402, 6.0023, 7.85411],
			"to": [9.5402, 6.6023, 8.15411],
			"rotation": {"angle": -22.5, "axis": "z", "origin": [7.98485, 5.82372, 7.98894]},
			"faces": {
				"north": {"uv": [14, 15, 16, 16], "texture": "#0"},
				"east": {"uv": [14, 15, 14.7, 16], "rotation": 180, "texture": "#0"},
				"south": {"uv": [14, 15, 16, 16], "rotation": 180, "texture": "#0"},
				"west": {"uv": [14, 15, 14.7, 16], "rotation": 180, "texture": "#0"},
				"up": {"uv": [14, 15.3, 16, 16], "rotation": 180, "texture": "#0"},
				"down": {"uv": [14, 15.3, 16, 16], "rotation": 180, "texture": "#0"}
			}
		},
		{
			"from": [7.49587, 10.13952, 7.85327],
			"to": [10.09587, 12.73952, 8.15327],
			"rotation": {"angle": -22.5, "axis": "z", "origin": [9.80085, 11.43587, 8.0078]},
			"faces": {
				"north": {"uv": [3, 13.5, 0, 16], "rotation": 90, "texture": "#0"},
				"east": {"uv": [0, 14, 3, 14.5], "rotation": 270, "texture": "#0"},
				"south": {"uv": [0, 13.5, 3, 16], "rotation": 180, "texture": "#0"},
				"west": {"uv": [0, 13.5, 3, 16], "rotation": 270, "texture": "#0"},
				"up": {"uv": [0, 13.5, 3, 16], "rotation": 270, "texture": "#0"},
				"down": {"uv": [0, 13.5, 3, 16], "rotation": 270, "texture": "#0"}
			}
		},
		{
			"from": [5.90513, 10.14052, 7.85427],
			"to": [8.50313, 12.73852, 8.15227],
			"rotation": {"angle": 22.5, "axis": "z", "origin": [6.19915, 11.43587, 8.0078]},
			"faces": {
				"north": {"uv": [0, 13.5, 3, 16], "rotation": 180, "texture": "#0"},
				"east": {"uv": [0, 13.5, 3, 16], "rotation": 270, "texture": "#0"},
				"south": {"uv": [0, 13.5, 3, 16], "rotation": 270, "texture": "#0"},
				"west": {"uv": [0, 14, 3, 14.5], "rotation": 270, "texture": "#0"},
				"up": {"uv": [0, 13.5, 3, 16], "rotation": 270, "texture": "#0"},
				"down": {"uv": [0, 13.5, 3, 16], "rotation": 270, "texture": "#0"}
			}
		},
		{
			"from": [8.49516, 12.31199, 7.85806],
			"to": [10.09316, 16.90999, 8.15606],
			"rotation": {"angle": 22.5, "axis": "z", "origin": [9.78741, 13.61159, 8.00994]},
			"faces": {
				"north": {"uv": [0, 14, 5, 16], "rotation": 270, "texture": "#0"},
				"east": {"uv": [0, 14, 5, 14.5], "rotation": 270, "texture": "#0"},
				"south": {"uv": [0, 16, 5, 14], "rotation": 270, "texture": "#0"},
				"west": {"uv": [0, 13.5, 3, 16], "rotation": 270, "texture": "#0"},
				"up": {"uv": [0, 13.5, 3, 16], "rotation": 270, "texture": "#0"},
				"down": {"uv": [0, 13.5, 3, 16], "rotation": 270, "texture": "#0"}
			}
		},
		{
			"from": [5.90584, 12.31099, 7.85706],
			"to": [7.50584, 16.91099, 8.15706],
			"rotation": {"angle": -22.5, "axis": "z", "origin": [6.21259, 13.61159, 8.00994]},
			"faces": {
				"north": {"uv": [0, 16, 5, 14], "rotation": 270, "texture": "#0"},
				"east": {"uv": [0, 14, 5, 16], "rotation": 270, "texture": "#0"},
				"south": {"uv": [0, 14, 5, 16], "rotation": 270, "texture": "#0"},
				"west": {"uv": [0, 14, 5, 14.5], "rotation": 270, "texture": "#0"},
				"up": {"uv": [0, 14, 5, 16], "rotation": 270, "texture": "#0"},
				"down": {"uv": [0, 14, 5, 16], "rotation": 270, "texture": "#0"}
			}
		},
		{
			"from": [7.21698, 16.29039, 7.85904],
			"to": [8.35798, 17.43639, 8.15504],
			"rotation": {"angle": 45, "axis": "z", "origin": [8.00158, 17.07992, 8.02536]},
			"faces": {
				"north": {"uv": [6, 14.5, 7.55, 16], "rotation": 270, "texture": "#0"},
				"east": {"uv": [6, 14.5, 7.55, 15], "rotation": 270, "texture": "#0"},
				"south": {"uv": [6, 14.5, 7.55, 16], "rotation": 270, "texture": "#0"},
				"west": {"uv": [6, 14.5, 7.55, 16], "rotation": 270, "texture": "#0"},
				"up": {"uv": [5.5, 14, 7.05, 14.5], "rotation": 180, "texture": "#0"},
				"down": {"uv": [6, 14.5, 7.55, 16], "rotation": 270, "texture": "#0"}
			}
		},
		{
			"from": [6.37901, 5.75524, 7.85694],
			"to": [9.62501, 10.35124, 8.15294],
			"rotation": {"angle": 0, "axis": "z", "origin": [6.67034, 6.55353, 7.99607]},
			"faces": {
				"north": {"uv": [5.5, 13.5, 9.5, 16], "rotation": 90, "texture": "#0"},
				"east": {"uv": [4, 14.5, 16, 15], "rotation": 90, "texture": "#0"},
				"south": {"uv": [5.5, 13.5, 9.5, 16], "rotation": 90, "texture": "#0"},
				"west": {"uv": [4, 14.5, 16, 15], "rotation": 90, "texture": "#0"},
				"up": {"uv": [4, 14, 16, 16], "rotation": 90, "texture": "#0"},
				"down": {"uv": [4, 14, 16, 16], "rotation": 90, "texture": "#0"}
			}
		},
		{
			"from": [6.35901, -2.85, 7.83694],
			"to": [9.64501, 1.16, 8.17294],
			"rotation": {"angle": 0, "axis": "z", "origin": [6.67034, -0.69647, 7.99607]},
			"faces": {
				"north": {"uv": [13, 13.5, 16, 16], "rotation": 180, "texture": "#0"},
				"east": {"uv": [4, 14.5, 16, 15], "rotation": 90, "texture": "#0"},
				"south": {"uv": [12.5, 13.5, 16, 16], "rotation": 90, "texture": "#0"},
				"west": {"uv": [4, 14.5, 16, 15], "rotation": 90, "texture": "#0"},
				"up": {"uv": [4, 14, 4.296, 17.246], "rotation": 90, "texture": "#0"},
				"down": {"uv": [4, 14, 4.296, 17.246], "rotation": 90, "texture": "#0"}
			}
		},
		{
			"from": [6.953, 6.25624, 7.70794],
			"to": [9.047, 11.85024, 8.30194],
			"rotation": {"angle": 0, "axis": "z", "origin": [6.67034, 8.05353, 7.99607]},
			"faces": {
				"north": {"uv": [1.5, 11, 7.5, 13.5], "rotation": 90, "texture": "#0"},
				"east": {"uv": [0, 11, 5.594, 11.594], "rotation": 90, "texture": "#0"},
				"south": {"uv": [1.5, 11, 7.5, 13.5], "rotation": 90, "texture": "#0"},
				"west": {"uv": [0, 11, 16, 13.5], "rotation": 90, "texture": "#0"},
				"up": {"uv": [0, 11, 16, 13.5], "rotation": 90, "texture": "#0"},
				"down": {"uv": [0, 11, 16, 13.5], "rotation": 90, "texture": "#0"}
			}
		},
		{
			"from": [6.953, -2.44376, 7.70794],
			"to": [9.047, 0.55624, 8.30194],
			"rotation": {"angle": 0, "axis": "z", "origin": [6.67034, 8.05353, 7.99607]},
			"faces": {
				"north": {"uv": [1.5, 11, 5, 13.5], "rotation": 90, "texture": "#0"},
				"east": {"uv": [1.5, 11, 5, 13.5], "rotation": 90, "texture": "#0"},
				"south": {"uv": [1.5, 11, 5, 13.5], "rotation": 90, "texture": "#0"},
				"west": {"uv": [1.5, 11, 5, 13.5], "rotation": 90, "texture": "#0"},
				"up": {"uv": [1.5, 11, 5, 13.5], "rotation": 90, "texture": "#0"},
				"down": {"uv": [1.5, 11, 5, 13.5], "rotation": 90, "texture": "#0"}
			}
		},
		{
			"from": [7.3, -8.65, 7.3],
			"to": [8.7, -8.15, 8.7],
			"rotation": {"angle": 0, "axis": "y", "origin": [15, -0.95, 15]},
			"faces": {
				"north": {"uv": [6, 4.5, 6.4, 6], "rotation": 90, "texture": "#0"},
				"east": {"uv": [6, 4.5, 6.4, 6], "rotation": 90, "texture": "#0"},
				"south": {"uv": [6, 4.5, 6.4, 6], "rotation": 90, "texture": "#0"},
				"west": {"uv": [6, 4.5, 6.4, 6], "rotation": 90, "texture": "#0"},
				"up": {"uv": [6, 4.5, 6.4, 6], "rotation": 90, "texture": "#0"},
				"down": {"uv": [6, 4.5, 6.4, 6], "rotation": 90, "texture": "#0"}
			}
		},
		{
			"from": [5.4, 1, 8],
			"to": [10.4, 6, 8.01],
			"faces": {
				"north": {"uv": [3.5, 3, 12.5, 12.5], "texture": "#1"},
				"south": {"uv": [12.5, 3, 3.5, 12.5], "texture": "#1"}
			}
		}
	],
	"display": {
		"thirdperson": {
			"rotation": [0, 90, -90],
			"translation": [0, 0.5, -11.5],
			"scale": [1.3, 1.3, 1.3]
		},
		"firstperson": {
			"rotation": [0, -135, -15],
			"translation": [0, 11, 3.2],
			"scale": [1.3, 1.3, 1.3]
		},
		"ground": {
			"translation": [0, 5, 0],
			"scale": [2, 2, 2]
		},
		"gui": {
			"rotation": [0, -45, 35],
			"translation": [-3.7, 2.5, 0],
			"scale": [1.3, 1.3, 1.3]
		},
		"fixed": {
			"scale": [2, 2, 2]
		}
	}
}