{
	"credit": "Made with Blockbench",
	"textures": {
		"0": "skins/ink_wand"
	},
	"elements": [
		{
			"from": [7.3, -14.65, 7.3],
			"to": [8.7, 0.75, 8.7],
			"rotation": {"angle": 0, "axis": "y", "origin": [8, -6.95, 8]},
			"faces": {
				"north": {"uv": [0, 7, 16, 9], "rotation": 90, "texture": "#0"},
				"east": {"uv": [0, 7, 16, 9], "rotation": 90, "texture": "#0"},
				"south": {"uv": [0, 7, 16, 9], "rotation": 90, "texture": "#0"},
				"west": {"uv": [0, 7, 16, 9], "rotation": 90, "texture": "#0"},
				"up": {"uv": [0, 7, 16, 9], "rotation": 90, "texture": "#0"},
				"down": {"uv": [0, 7, 16, 9], "rotation": 90, "texture": "#0"}
			}
		},
		{
			"from": [7.2993, 4.75, 7.3007],
			"to": [8.6993, 18.15, 8.7007],
			"rotation": {"angle": 0, "axis": "y", "origin": [7.9993, -2.55, 8.0007]},
			"faces": {
				"north": {"uv": [0, 7, 16, 9], "rotation": 90, "texture": "#0"},
				"east": {"uv": [0, 7, 16, 9], "rotation": 90, "texture": "#0"},
				"south": {"uv": [0, 7, 16, 9], "rotation": 90, "texture": "#0"},
				"west": {"uv": [0, 7, 16, 9], "rotation": 90, "texture": "#0"},
				"up": {"uv": [0, 7, 16, 9], "rotation": 90, "texture": "#0"},
				"down": {"uv": [0, 7, 2, 9], "rotation": 90, "texture": "#0"}
			}
		},
		{
			"from": [6.7993, 1.6, 6.8007],
			"to": [9.1993, 4, 9.2007],
			"rotation": {"angle": 0, "axis": "y", "origin": [7.4993, -5.7, 7.5007]},
			"faces": {
				"north": {"uv": [0, 0, 3.4, 3.4], "texture": "#0"},
				"east": {"uv": [0, 0, 3.4, 3.4], "texture": "#0"},
				"south": {"uv": [0, 0, 3.4, 3.4], "texture": "#0"},
				"west": {"uv": [0, 0, 3.4, 3.4], "texture": "#0"},
				"up": {"uv": [0, 0, 3.4, 3.4], "texture": "#0"},
				"down": {"uv": [0, 0, 3.4, 3.4], "texture": "#0"}
			}
		},
		{
			"from": [6.7993, 15.6, 6.8007],
			"to": [9.1993, 18, 9.2007],
			"rotation": {"angle": 0, "axis": "y", "origin": [7.4993, 8.3, 7.5007]},
			"faces": {
				"north": {"uv": [0, 3.5, 3, 6.5], "texture": "#0"},
				"east": {"uv": [0, 3.5, 3, 6.5], "texture": "#0"},
				"south": {"uv": [0, 3.5, 3, 6.5], "texture": "#0"},
				"west": {"uv": [0, 3.5, 3, 6.5], "texture": "#0"},
				"up": {"uv": [0, 3.5, 3, 6.5], "texture": "#0"},
				"down": {"uv": [0, 3.5, 3, 6.5], "texture": "#0"}
			}
		},
		{
			"from": [7.0493, 5.05, 7.0507],
			"to": [8.9493, 6.05, 8.9507],
			"rotation": {"angle": 0, "axis": "y", "origin": [7.7493, -2.25, 7.7507]},
			"faces": {
				"north": {"uv": [5, 13, 7.5, 14.45], "texture": "#0"},
				"east": {"uv": [4, 13, 6.5, 14.45], "texture": "#0"},
				"south": {"uv": [7.5, 13, 5, 14.45], "texture": "#0"},
				"west": {"uv": [7, 13, 9.5, 14.45], "texture": "#0"},
				"up": {"uv": [5, 13, 6.5, 14.5], "texture": "#0"},
				"down": {"uv": [5, 13, 6.5, 14.45], "texture": "#0"}
			}
		},
		{
			"from": [7.0493, -0.7, 7.0507],
			"to": [8.9493, 0.3, 8.9507],
			"rotation": {"angle": 0, "axis": "y", "origin": [7.7493, -8, 7.7507]},
			"faces": {
				"north": {"uv": [5, 13, 7.5, 14.45], "texture": "#0"},
				"east": {"uv": [4, 13, 6.5, 14.45], "texture": "#0"},
				"south": {"uv": [7.5, 13, 5, 14.45], "texture": "#0"},
				"west": {"uv": [7, 13, 9.5, 14.45], "texture": "#0"},
				"up": {"uv": [5, 13, 6.5, 14.5], "texture": "#0"},
				"down": {"uv": [5, 13, 6.5, 14.45], "texture": "#0"}
			}
		},
		{
			"from": [7.0493, -10.45, 7.0507],
			"to": [8.9493, -9.45, 8.9507],
			"rotation": {"angle": 0, "axis": "y", "origin": [7.7493, -17.75, 7.7507]},
			"faces": {
				"north": {"uv": [5, 13, 7.5, 14.45], "texture": "#0"},
				"east": {"uv": [4, 13, 6.5, 14.45], "texture": "#0"},
				"south": {"uv": [7.5, 13, 5, 14.45], "texture": "#0"},
				"west": {"uv": [7, 13, 9.5, 14.45], "texture": "#0"},
				"up": {"uv": [5, 13, 6.5, 14.5], "texture": "#0"},
				"down": {"uv": [5, 13, 6.5, 14.45], "texture": "#0"}
			}
		},
		{
			"from": [7.2993, 2.1, 6.4007],
			"to": [8.6993, 3.5, 9.6007],
			"rotation": {"angle": 0, "axis": "y", "origin": [7.9993, -5.2, 7.1007]},
			"faces": {
				"north": {"uv": [0, 0, 3.4, 3.4], "texture": "#0"},
				"east": {"uv": [0, 0, 3.4, 3.4], "texture": "#0"},
				"south": {"uv": [0, 0, 3.4, 3.4], "texture": "#0"},
				"west": {"uv": [0, 0, 3.4, 3.4], "texture": "#0"},
				"up": {"uv": [0, 0, 3.4, 3.4], "texture": "#0"},
				"down": {"uv": [0, 0, 3.4, 3.4], "texture": "#0"}
			}
		},
		{
			"from": [6.41747, 2.1, 7.30069],
			"to": [9.61747, 3.5, 8.70069],
			"rotation": {"angle": 0, "axis": "y", "origin": [8.00838, 2.80001, 7.99161]},
			"faces": {
				"north": {"uv": [0, 0, 3.4, 3.4], "texture": "#0"},
				"east": {"uv": [0, 0, 3.4, 3.4], "texture": "#0"},
				"south": {"uv": [0, 0, 3.4, 3.4], "texture": "#0"},
				"west": {"uv": [0, 0, 3.4, 3.4], "texture": "#0"},
				"up": {"uv": [0, 0, 3.4, 3.4], "texture": "#0"},
				"down": {"uv": [0, 0, 3.4, 3.4], "texture": "#0"}
			}
		},
		{
			"from": [7.30839, 1.2091, 7.30069],
			"to": [8.70839, 4.4091, 8.70069],
			"rotation": {"angle": 0, "axis": "z", "origin": [8.00838, 2.80001, 7.99161]},
			"faces": {
				"north": {"uv": [0, 0, 3.4, 3.4], "rotation": 90, "texture": "#0"},
				"east": {"uv": [0, 0, 3.4, 3.4], "rotation": 90, "texture": "#0"},
				"south": {"uv": [0, 0, 3.4, 3.4], "rotation": 90, "texture": "#0"},
				"west": {"uv": [0, 0, 3.4, 3.4], "rotation": 90, "texture": "#0"},
				"up": {"uv": [0, 0, 3.4, 3.4], "rotation": 90, "texture": "#0"},
				"down": {"uv": [0, 0, 3.4, 3.4], "rotation": 90, "texture": "#0"}
			}
		},
		{
			"from": [7, -13, 7],
			"to": [9, -11, 9],
			"rotation": {"angle": 0, "axis": "y", "origin": [8, -5, 8]},
			"faces": {
				"north": {"uv": [2.5, 7.005, 4.5, 9], "texture": "#0"},
				"east": {"uv": [2.5, 7.005, 4.5, 9], "texture": "#0"},
				"south": {"uv": [2.5, 7.005, 4.5, 9], "texture": "#0"},
				"west": {"uv": [2.5, 7.005, 4.5, 9], "texture": "#0"},
				"up": {"uv": [2.5, 7.005, 4.5, 9], "texture": "#0"},
				"down": {"uv": [2.5, 7.005, 4.5, 9], "texture": "#0"}
			}
		},
		{
			"from": [7.5, -16, 7.5],
			"to": [8.5, -14, 8.5],
			"rotation": {"angle": 0, "axis": "y", "origin": [8.5, -8, 8.5]},
			"faces": {
				"north": {"uv": [6.5, 13.5, 7, 14.5], "texture": "#0"},
				"east": {"uv": [6.5, 13.5, 7, 14.5], "texture": "#0"},
				"south": {"uv": [6.5, 13.5, 7, 14.5], "texture": "#0"},
				"west": {"uv": [6.5, 13.5, 7, 14.5], "texture": "#0"},
				"up": {"uv": [6.5, 13.5, 7, 14.5], "texture": "#0"},
				"down": {"uv": [6.5, 13.5, 7, 14.5], "texture": "#0"}
			}
		},
		{
			"from": [7.499, 19.749, 6.499],
			"to": [8.501, 22.751, 7.501],
			"rotation": {"angle": 0, "axis": "y", "origin": [15.5, 28.5, 14.5]},
			"faces": {
				"north": {"uv": [3.5, 5, 6.5, 6], "rotation": 270, "texture": "#0"},
				"east": {"uv": [3.5, 5, 6.5, 6], "rotation": 270, "texture": "#0"},
				"south": {"uv": [3.5, 5, 6.5, 6], "rotation": 270, "texture": "#0"},
				"west": {"uv": [3.5, 5, 6.5, 6], "rotation": 270, "texture": "#0"},
				"up": {"uv": [3.5, 5, 6.5, 6], "rotation": 270, "texture": "#0"},
				"down": {"uv": [3.5, 5, 6.5, 6], "rotation": 270, "texture": "#0"}
			}
		},
		{
			"from": [7.499, 17.099, 6.249],
			"to": [8.501, 19.601, 7.251],
			"rotation": {"angle": 0, "axis": "y", "origin": [15.5, 26.6, 14.25]},
			"faces": {
				"north": {"uv": [2.5, 5, 5, 6], "rotation": 270, "texture": "#0"},
				"east": {"uv": [2.5, 5, 5, 6], "rotation": 270, "texture": "#0"},
				"south": {"uv": [2.5, 5, 5, 6], "rotation": 270, "texture": "#0"},
				"west": {"uv": [2.5, 5, 5, 6], "rotation": 270, "texture": "#0"},
				"up": {"uv": [2.5, 5, 5, 6], "rotation": 270, "texture": "#0"},
				"down": {"uv": [2.5, 5, 5, 6], "rotation": 270, "texture": "#0"}
			}
		},
		{
			"from": [6.749, 14.599, 6.249],
			"to": [7.751, 17.601, 7.251],
			"rotation": {"angle": 22.5, "axis": "x", "origin": [7.99721, 16.35131, 6.75149]},
			"faces": {
				"north": {"uv": [0.5, 3.5, 3.5, 4.5], "rotation": 270, "texture": "#0"},
				"east": {"uv": [0.5, 4.5, 3.5, 5.5], "rotation": 270, "texture": "#0"},
				"south": {"uv": [0.5, 4.5, 3.5, 5.5], "rotation": 270, "texture": "#0"},
				"west": {"uv": [0.5, 4.5, 3.5, 5.5], "rotation": 270, "texture": "#0"},
				"up": {"uv": [0.5, 4.5, 3.5, 5.5], "rotation": 270, "texture": "#0"},
				"down": {"uv": [0.5, 4.5, 3.5, 5.5], "rotation": 270, "texture": "#0"}
			}
		},
		{
			"from": [8.24119, 14.35928, 8.70715],
			"to": [9.24319, 17.36128, 9.70915],
			"rotation": {"angle": -22.5, "axis": "x", "origin": [7.37109, 16.35284, 8.62822]},
			"faces": {
				"north": {"uv": [0.5, 4.5, 3.5, 5.5], "rotation": 270, "texture": "#0"},
				"east": {"uv": [0.5, 4.5, 3.5, 5.5], "rotation": 270, "texture": "#0"},
				"south": {"uv": [0, 4, 3, 5], "rotation": 270, "texture": "#0"},
				"west": {"uv": [0.5, 4.5, 3.5, 5.5], "rotation": 270, "texture": "#0"},
				"up": {"uv": [0.5, 4.5, 3.5, 5.5], "rotation": 270, "texture": "#0"},
				"down": {"uv": [0.5, 4.5, 3.5, 5.5], "rotation": 270, "texture": "#0"}
			}
		},
		{
			"from": [8.7477, 14.599, 6.75328],
			"to": [9.7497, 17.601, 7.75528],
			"rotation": {"angle": 22.5, "axis": "z", "origin": [9.24721, 16.35131, 8.00149]},
			"faces": {
				"north": {"uv": [0.5, 4.5, 3.5, 5.5], "rotation": 270, "texture": "#0"},
				"east": {"uv": [0.5, 4.5, 3.5, 5.5], "rotation": 270, "texture": "#0"},
				"south": {"uv": [0.5, 4.5, 3.5, 5.5], "rotation": 270, "texture": "#0"},
				"west": {"uv": [0.5, 4.5, 3.5, 5.5], "rotation": 270, "texture": "#0"},
				"up": {"uv": [0.5, 4.5, 3.5, 5.5], "rotation": 270, "texture": "#0"},
				"down": {"uv": [0.5, 4.5, 3.5, 5.5], "rotation": 270, "texture": "#0"}
			}
		},
		{
			"from": [6.29074, 14.35951, 8.25116],
			"to": [7.29274, 17.36151, 9.25316],
			"rotation": {"angle": -22.5, "axis": "z", "origin": [7.37109, 16.35284, 8.62822]},
			"faces": {
				"north": {"uv": [0.5, 4.5, 3.5, 5.5], "rotation": 270, "texture": "#0"},
				"east": {"uv": [0.5, 4.5, 3.5, 5.5], "rotation": 270, "texture": "#0"},
				"south": {"uv": [0.5, 4.5, 3.5, 5.5], "rotation": 270, "texture": "#0"},
				"west": {"uv": [0.5, 4.5, 3.5, 5.5], "rotation": 270, "texture": "#0"},
				"up": {"uv": [0.5, 4.5, 3.5, 5.5], "rotation": 270, "texture": "#0"},
				"down": {"uv": [0.5, 4.5, 3.5, 5.5], "rotation": 270, "texture": "#0"}
			}
		},
		{
			"from": [8.249, 14.599, 6.249],
			"to": [9.251, 17.601, 7.251],
			"rotation": {"angle": 22.5, "axis": "x", "origin": [7.99721, 16.35131, 6.75149]},
			"faces": {
				"north": {"uv": [0.5, 4.5, 3.5, 5.5], "rotation": 270, "texture": "#0"},
				"east": {"uv": [0.5, 4.5, 3.5, 5.5], "rotation": 270, "texture": "#0"},
				"south": {"uv": [0.5, 4.5, 3.5, 5.5], "rotation": 270, "texture": "#0"},
				"west": {"uv": [0.5, 4.5, 3.5, 5.5], "rotation": 270, "texture": "#0"},
				"up": {"uv": [0.5, 4.5, 3.5, 5.5], "rotation": 270, "texture": "#0"},
				"down": {"uv": [0.5, 4.5, 3.5, 5.5], "rotation": 270, "texture": "#0"}
			}
		},
		{
			"from": [8.88402, 11.03002, 5.71728],
			"to": [9.68402, 13.83002, 6.51728],
			"rotation": {"angle": 22.5, "axis": "z", "origin": [9.28348, 12.43464, 6.11322]},
			"faces": {
				"north": {"uv": [0, 5.5, 3, 6.5], "rotation": 90, "texture": "#0"},
				"east": {"uv": [0, 5.5, 3, 6.5], "rotation": 270, "texture": "#0"},
				"south": {"uv": [0, 5.5, 3, 6.5], "rotation": 270, "texture": "#0"},
				"west": {"uv": [0, 5.5, 3, 6.5], "rotation": 270, "texture": "#0"},
				"up": {"uv": [0, 5.5, 3, 6.5], "rotation": 270, "texture": "#0"},
				"down": {"uv": [0, 5.5, 3, 6.5], "rotation": 270, "texture": "#0"}
			}
		},
		{
			"from": [6.31598, 11.03002, 5.71728],
			"to": [7.11598, 13.83002, 6.51728],
			"rotation": {"angle": -22.5, "axis": "z", "origin": [6.71652, 12.43464, 6.11322]},
			"faces": {
				"north": {"uv": [0, 5.5, 3, 6.5], "rotation": 90, "texture": "#0"},
				"east": {"uv": [0, 5.5, 3, 6.5], "rotation": 270, "texture": "#0"},
				"south": {"uv": [0, 5.5, 3, 6.5], "rotation": 270, "texture": "#0"},
				"west": {"uv": [0, 5.5, 3, 6.5], "rotation": 270, "texture": "#0"},
				"up": {"uv": [0, 5.5, 3, 6.5], "rotation": 270, "texture": "#0"},
				"down": {"uv": [0, 5.5, 3, 6.5], "rotation": 270, "texture": "#0"}
			}
		},
		{
			"from": [9.10014, 7.23868, 5.80393],
			"to": [9.70014, 9.83868, 6.40393],
			"rotation": {"angle": -22.5, "axis": "z", "origin": [9.40126, 8.54421, 6.09948]},
			"faces": {
				"north": {"uv": [5.5, 4.5, 2.5, 5.5], "rotation": 270, "texture": "#0"},
				"east": {"uv": [5.5, 4.5, 2.5, 5.5], "rotation": 270, "texture": "#0"},
				"south": {"uv": [5.5, 4.5, 2.5, 5.5], "rotation": 270, "texture": "#0"},
				"west": {"uv": [5.5, 4.5, 2.5, 5.5], "rotation": 270, "texture": "#0"},
				"up": {"uv": [5.5, 4.5, 2.5, 5.5], "rotation": 270, "texture": "#0"},
				"down": {"uv": [5.5, 4.5, 2.5, 5.5], "rotation": 270, "texture": "#0"}
			}
		},
		{
			"from": [6.29986, 7.23868, 5.80393],
			"to": [6.89986, 9.83868, 6.40393],
			"rotation": {"angle": 22.5, "axis": "z", "origin": [6.59874, 8.54421, 6.09948]},
			"faces": {
				"north": {"uv": [6, 4, 3, 5], "rotation": 270, "texture": "#0"},
				"east": {"uv": [6.5, 4, 3.5, 5], "rotation": 270, "texture": "#0"},
				"south": {"uv": [5.5, 4.5, 2.5, 5.5], "rotation": 270, "texture": "#0"},
				"west": {"uv": [5.5, 4.5, 2.5, 5.5], "rotation": 270, "texture": "#0"},
				"up": {"uv": [5.5, 4.5, 2.5, 5.5], "rotation": 270, "texture": "#0"},
				"down": {"uv": [5.5, 4.5, 2.5, 5.5], "rotation": 270, "texture": "#0"}
			}
		},
		{
			"from": [8.114, 6.49159, 5.90243],
			"to": [9.514, 7.89159, 6.30243],
			"rotation": {"angle": 22.5, "axis": "z", "origin": [8.31914, 7.69997, 6.08871]},
			"faces": {
				"north": {"uv": [0, 0, 2, 2], "texture": "#0"},
				"east": {"uv": [0, 0, 1, 2], "texture": "#0"},
				"south": {"uv": [0, 0, 2, 2], "texture": "#0"},
				"west": {"uv": [0, 0, 1, 2], "texture": "#0"},
				"up": {"uv": [0, 0, 2, 1], "texture": "#0"},
				"down": {"uv": [0, 0, 2, 1], "texture": "#0"}
			}
		},
		{
			"from": [6.486, 6.49159, 5.90243],
			"to": [7.886, 7.89159, 6.30243],
			"rotation": {"angle": -22.5, "axis": "z", "origin": [7.68086, 7.69997, 6.08871]},
			"faces": {
				"north": {"uv": [0.5, 0.5, 2.5, 2.5], "texture": "#0"},
				"east": {"uv": [1, 0, 2, 2], "texture": "#0"},
				"south": {"uv": [0, 1, 2, 3], "texture": "#0"},
				"west": {"uv": [1, 0, 2, 2], "texture": "#0"},
				"up": {"uv": [0, 0.5, 2, 1.5], "texture": "#0"},
				"down": {"uv": [0.5, 1, 2.5, 2], "texture": "#0"}
			}
		},
		{
			"from": [9.47672, 9.58551, 5.76163],
			"to": [10.17672, 11.28551, 6.46163],
			"rotation": {"angle": 0, "axis": "z", "origin": [9.82785, 9.94104, 6.10717]},
			"faces": {
				"north": {"uv": [2, 5, 4, 6], "rotation": 90, "texture": "#0"},
				"east": {"uv": [2, 5, 4, 6], "rotation": 90, "texture": "#0"},
				"south": {"uv": [2, 5, 4, 6], "rotation": 90, "texture": "#0"},
				"west": {"uv": [2, 5, 4, 6], "rotation": 90, "texture": "#0"},
				"up": {"uv": [2, 5, 4, 6], "rotation": 90, "texture": "#0"},
				"down": {"uv": [2, 5, 4, 6], "rotation": 90, "texture": "#0"}
			}
		},
		{
			"from": [5.82328, 9.58551, 5.76163],
			"to": [6.52328, 11.28551, 6.46163],
			"rotation": {"angle": 0, "axis": "z", "origin": [6.17215, 9.94104, 6.10717]},
			"faces": {
				"north": {"uv": [2, 5, 4, 6], "rotation": 90, "texture": "#0"},
				"east": {"uv": [2, 5, 4, 6], "rotation": 90, "texture": "#0"},
				"south": {"uv": [2, 5, 4, 6], "rotation": 90, "texture": "#0"},
				"west": {"uv": [2, 5, 4, 6], "rotation": 90, "texture": "#0"},
				"up": {"uv": [2, 5, 4, 6], "rotation": 90, "texture": "#0"},
				"down": {"uv": [2, 5, 4, 6], "rotation": 90, "texture": "#0"}
			}
		},
		{
			"from": [8.29998, 13.57371, 5.66766],
			"to": [9.19998, 14.97371, 6.56766],
			"rotation": {"angle": 0, "axis": "z", "origin": [8.75111, 13.42923, 6.11321]},
			"faces": {
				"north": {"uv": [1, 5.5, 2.5, 6.5], "rotation": 270, "texture": "#0"},
				"east": {"uv": [1, 5.5, 2.5, 6.5], "rotation": 270, "texture": "#0"},
				"south": {"uv": [1, 5.5, 2.5, 6.5], "rotation": 270, "texture": "#0"},
				"west": {"uv": [1, 5.5, 2.5, 6.5], "rotation": 270, "texture": "#0"},
				"up": {"uv": [1, 5.5, 2.5, 6.5], "rotation": 270, "texture": "#0"},
				"down": {"uv": [1, 5.5, 2.5, 6.5], "rotation": 270, "texture": "#0"}
			}
		},
		{
			"from": [6.80002, 13.57371, 5.66766],
			"to": [7.70002, 14.97371, 6.56766],
			"rotation": {"angle": 0, "axis": "z", "origin": [7.24889, 13.42923, 6.11321]},
			"faces": {
				"north": {"uv": [1, 5.5, 2.5, 6.5], "rotation": 270, "texture": "#0"},
				"east": {"uv": [1, 5.5, 2.5, 6.5], "rotation": 270, "texture": "#0"},
				"south": {"uv": [1, 5.5, 2.5, 6.5], "rotation": 270, "texture": "#0"},
				"west": {"uv": [1, 5.5, 2.5, 6.5], "rotation": 270, "texture": "#0"},
				"up": {"uv": [1, 5.5, 2.5, 6.5], "rotation": 270, "texture": "#0"},
				"down": {"uv": [1, 5.5, 2.5, 6.5], "rotation": 270, "texture": "#0"}
			}
		},
		{
			"from": [6.74119, 14.35928, 8.70715],
			"to": [7.74319, 17.36128, 9.70915],
			"rotation": {"angle": -22.5, "axis": "x", "origin": [7.37109, 16.35284, 8.62822]},
			"faces": {
				"north": {"uv": [0.5, 4.5, 3.5, 5.5], "rotation": 270, "texture": "#0"},
				"east": {"uv": [0.5, 4.5, 3.5, 5.5], "rotation": 270, "texture": "#0"},
				"south": {"uv": [0, 6, 3, 7], "rotation": 270, "texture": "#0"},
				"west": {"uv": [0.5, 4.5, 3.5, 5.5], "rotation": 270, "texture": "#0"},
				"up": {"uv": [0.5, 4.5, 3.5, 5.5], "rotation": 270, "texture": "#0"},
				"down": {"uv": [0.5, 4.5, 3.5, 5.5], "rotation": 270, "texture": "#0"}
			}
		},
		{
			"from": [6.79784, 13.02276, 9.43405],
			"to": [7.69784, 14.92276, 10.33405],
			"rotation": {"angle": 0, "axis": "x", "origin": [7.23603, 13.41339, 9.89696]},
			"faces": {
				"north": {"uv": [0, 4.5, 2, 5.5], "rotation": 270, "texture": "#0"},
				"east": {"uv": [0, 4.5, 2, 5.5], "rotation": 270, "texture": "#0"},
				"south": {"uv": [0, 5.5, 2, 6.5], "rotation": 270, "texture": "#0"},
				"west": {"uv": [0, 4.5, 2, 5.5], "rotation": 270, "texture": "#0"},
				"up": {"uv": [0, 4.5, 2, 5.5], "rotation": 270, "texture": "#0"},
				"down": {"uv": [0, 4.5, 2, 5.5], "rotation": 270, "texture": "#0"}
			}
		},
		{
			"from": [8.30216, 13.02276, 9.38405],
			"to": [9.20216, 14.92276, 10.28405],
			"rotation": {"angle": 0, "axis": "x", "origin": [8.76397, 13.41339, 9.84696]},
			"faces": {
				"north": {"uv": [0, 4.5, 2, 5.5], "rotation": 270, "texture": "#0"},
				"east": {"uv": [0, 4.5, 2, 5.5], "rotation": 270, "texture": "#0"},
				"south": {"uv": [0, 4.5, 2, 5.5], "rotation": 270, "texture": "#0"},
				"west": {"uv": [0, 4.5, 2, 5.5], "rotation": 270, "texture": "#0"},
				"up": {"uv": [0, 4.5, 2, 5.5], "rotation": 270, "texture": "#0"},
				"down": {"uv": [0, 4.5, 2, 5.5], "rotation": 270, "texture": "#0"}
			}
		},
		{
			"from": [7.18234, 10.46549, 9.48057],
			"to": [7.98234, 13.26549, 10.28057],
			"rotation": {"angle": 22.5, "axis": "z", "origin": [7.5752, 12.31086, 9.89232]},
			"faces": {
				"north": {"uv": [0, 4.5, 3, 5.5], "rotation": 90, "texture": "#0"},
				"east": {"uv": [0, 4.5, 3, 5.5], "rotation": 90, "texture": "#0"},
				"south": {"uv": [0, 4.5, 3, 5.5], "rotation": 90, "texture": "#0"},
				"west": {"uv": [0, 4.5, 3, 5.5], "rotation": 90, "texture": "#0"},
				"up": {"uv": [0, 4.5, 3, 5.5], "rotation": 90, "texture": "#0"},
				"down": {"uv": [0, 4.5, 3, 5.5], "rotation": 90, "texture": "#0"}
			}
		},
		{
			"from": [8.01766, 10.46549, 9.43057],
			"to": [8.81766, 13.26549, 10.23057],
			"rotation": {"angle": -22.5, "axis": "z", "origin": [8.4248, 12.31086, 9.84232]},
			"faces": {
				"north": {"uv": [0, 4.5, 3, 5.5], "rotation": 90, "texture": "#0"},
				"east": {"uv": [0, 4.5, 3, 5.5], "rotation": 90, "texture": "#0"},
				"south": {"uv": [0, 4.5, 3, 5.5], "rotation": 90, "texture": "#0"},
				"west": {"uv": [0, 4.5, 3, 5.5], "rotation": 90, "texture": "#0"},
				"up": {"uv": [0, 4.5, 3, 5.5], "rotation": 90, "texture": "#0"},
				"down": {"uv": [0, 4.5, 3, 5.5], "rotation": 90, "texture": "#0"}
			}
		},
		{
			"from": [7.91197, 8.06265, 9.52526],
			"to": [8.61197, 10.76265, 10.22526],
			"rotation": {"angle": 0, "axis": "z", "origin": [8.25728, 9.36056, 9.8825]},
			"faces": {
				"north": {"uv": [2, 5, 5, 6], "rotation": 90, "texture": "#0"},
				"east": {"uv": [2, 5, 5, 6], "rotation": 90, "texture": "#0"},
				"south": {"uv": [3, 4, 6, 5], "rotation": 90, "texture": "#0"},
				"west": {"uv": [2, 5, 5, 6], "rotation": 90, "texture": "#0"},
				"up": {"uv": [2, 5, 5, 6], "rotation": 90, "texture": "#0"},
				"down": {"uv": [2, 5, 5, 6], "rotation": 90, "texture": "#0"}
			}
		},
		{
			"from": [7.38803, 8.06265, 9.47526],
			"to": [8.08803, 10.76265, 10.17526],
			"rotation": {"angle": 0, "axis": "z", "origin": [7.74272, 9.36056, 9.8325]},
			"faces": {
				"north": {"uv": [2, 5, 5, 6], "rotation": 90, "texture": "#0"},
				"east": {"uv": [2, 5, 5, 6], "rotation": 90, "texture": "#0"},
				"south": {"uv": [2, 5, 5, 6], "rotation": 90, "texture": "#0"},
				"west": {"uv": [2, 5, 5, 6], "rotation": 90, "texture": "#0"},
				"up": {"uv": [2, 5, 5, 6], "rotation": 90, "texture": "#0"},
				"down": {"uv": [2, 5, 5, 6], "rotation": 90, "texture": "#0"}
			}
		},
		{
			"from": [6.95, 7.1, 9.5],
			"to": [8.95, 9.1, 10.1],
			"rotation": {"angle": 45, "axis": "z", "origin": [7.95314, 8.09686, 9.79999]},
			"faces": {
				"north": {"uv": [1, 0, 3, 2], "texture": "#0"},
				"east": {"uv": [1, 0, 1.6, 2], "texture": "#0"},
				"south": {"uv": [1, 0, 3, 2], "texture": "#0"},
				"west": {"uv": [1, 0, 1.6, 2], "texture": "#0"},
				"up": {"uv": [1, 0, 3, 0.6], "rotation": 180, "texture": "#0"},
				"down": {"uv": [1, 0, 3, 0.6], "rotation": 180, "texture": "#0"}
			}
		},
		{
			"from": [8.7477, 14.599, 8.25328],
			"to": [9.7497, 17.601, 9.25528],
			"rotation": {"angle": 22.5, "axis": "z", "origin": [9.24721, 16.35131, 8.00149]},
			"faces": {
				"north": {"uv": [0.5, 4.5, 3.5, 5.5], "rotation": 270, "texture": "#0"},
				"east": {"uv": [0.5, 4.5, 3.5, 5.5], "rotation": 270, "texture": "#0"},
				"south": {"uv": [0.5, 4.5, 3.5, 5.5], "rotation": 270, "texture": "#0"},
				"west": {"uv": [0.5, 4.5, 3.5, 5.5], "rotation": 270, "texture": "#0"},
				"up": {"uv": [0.5, 4.5, 3.5, 5.5], "rotation": 270, "texture": "#0"},
				"down": {"uv": [0.5, 4.5, 3.5, 5.5], "rotation": 270, "texture": "#0"}
			}
		},
		{
			"from": [6.29074, 14.35951, 6.75116],
			"to": [7.29274, 17.36151, 7.75316],
			"rotation": {"angle": -22.5, "axis": "z", "origin": [7.37109, 16.35284, 8.62822]},
			"faces": {
				"north": {"uv": [0.5, 4.5, 3.5, 5.5], "rotation": 270, "texture": "#0"},
				"east": {"uv": [0.5, 4.5, 3.5, 5.5], "rotation": 270, "texture": "#0"},
				"south": {"uv": [0.5, 4.5, 3.5, 5.5], "rotation": 270, "texture": "#0"},
				"west": {"uv": [0.5, 4.5, 3.5, 5.5], "rotation": 270, "texture": "#0"},
				"up": {"uv": [0.5, 4.5, 3.5, 5.5], "rotation": 270, "texture": "#0"},
				"down": {"uv": [0.5, 4.5, 3.5, 5.5], "rotation": 270, "texture": "#0"}
			}
		},
		{
			"from": [6.20533, 12.27489, 6.79796],
			"to": [7.10533, 15.17489, 7.69796],
			"rotation": {"angle": 22.5, "axis": "z", "origin": [6.64145, 13.71797, 7.26451]},
			"faces": {
				"north": {"uv": [0, 5, 3, 6], "rotation": 270, "texture": "#0"},
				"east": {"uv": [0, 5, 3, 6], "rotation": 270, "texture": "#0"},
				"south": {"uv": [0, 5, 3, 6], "rotation": 270, "texture": "#0"},
				"west": {"uv": [0, 5, 3, 6], "rotation": 270, "texture": "#0"},
				"up": {"uv": [0, 5, 3, 6], "rotation": 270, "texture": "#0"},
				"down": {"uv": [0, 5, 3, 6], "rotation": 270, "texture": "#0"}
			}
		},
		{
			"from": [8.89467, 12.27489, 6.79796],
			"to": [9.79467, 15.17489, 7.69796],
			"rotation": {"angle": -22.5, "axis": "z", "origin": [9.35855, 13.71797, 7.26451]},
			"faces": {
				"north": {"uv": [0, 5, 3, 6], "rotation": 270, "texture": "#0"},
				"east": {"uv": [0, 5, 3, 6], "rotation": 270, "texture": "#0"},
				"south": {"uv": [0, 5, 3, 6], "rotation": 270, "texture": "#0"},
				"west": {"uv": [0, 5, 3, 6], "rotation": 270, "texture": "#0"},
				"up": {"uv": [0, 5, 3, 6], "rotation": 270, "texture": "#0"},
				"down": {"uv": [0, 5, 3, 6], "rotation": 270, "texture": "#0"}
			}
		},
		{
			"from": [6.20533, 12.27489, 8.29796],
			"to": [7.10533, 15.17489, 9.19796],
			"rotation": {"angle": 22.5, "axis": "z", "origin": [6.64145, 13.71797, 8.76451]},
			"faces": {
				"north": {"uv": [0, 5, 3, 6], "rotation": 270, "texture": "#0"},
				"east": {"uv": [0, 5, 3, 6], "rotation": 270, "texture": "#0"},
				"south": {"uv": [0, 5, 3, 6], "rotation": 270, "texture": "#0"},
				"west": {"uv": [0, 5, 3, 6], "rotation": 270, "texture": "#0"},
				"up": {"uv": [0, 5, 3, 6], "rotation": 270, "texture": "#0"},
				"down": {"uv": [0, 5, 3, 6], "rotation": 270, "texture": "#0"}
			}
		},
		{
			"from": [8.89467, 12.27489, 8.29796],
			"to": [9.79467, 15.17489, 9.19796],
			"rotation": {"angle": -22.5, "axis": "z", "origin": [9.35855, 13.71797, 8.76451]},
			"faces": {
				"north": {"uv": [0, 5, 3, 6], "rotation": 270, "texture": "#0"},
				"east": {"uv": [0, 5, 3, 6], "rotation": 270, "texture": "#0"},
				"south": {"uv": [0, 5, 3, 6], "rotation": 270, "texture": "#0"},
				"west": {"uv": [0, 5, 3, 6], "rotation": 270, "texture": "#0"},
				"up": {"uv": [0, 5, 3, 6], "rotation": 270, "texture": "#0"},
				"down": {"uv": [0, 5, 3, 6], "rotation": 270, "texture": "#0"}
			}
		},
		{
			"from": [6.77167, 9.76213, 6.84868],
			"to": [7.57167, 12.56213, 7.64868],
			"rotation": {"angle": 0, "axis": "z", "origin": [7.16081, 13.11548, 7.26105]},
			"faces": {
				"north": {"uv": [0, 4.5, 3, 5.5], "rotation": 90, "texture": "#0"},
				"east": {"uv": [0, 4.5, 3, 5.5], "rotation": 90, "texture": "#0"},
				"south": {"uv": [0, 4.5, 3, 5.5], "rotation": 90, "texture": "#0"},
				"west": {"uv": [0, 4.5, 3, 5.5], "rotation": 90, "texture": "#0"},
				"up": {"uv": [0, 4.5, 3, 5.5], "rotation": 90, "texture": "#0"},
				"down": {"uv": [0, 4.5, 3, 5.5], "rotation": 90, "texture": "#0"}
			}
		},
		{
			"from": [8.42833, 9.76213, 6.84868],
			"to": [9.22833, 12.56213, 7.64868],
			"rotation": {"angle": 0, "axis": "z", "origin": [8.83919, 13.11548, 7.26105]},
			"faces": {
				"north": {"uv": [0, 4.5, 3, 5.5], "rotation": 90, "texture": "#0"},
				"east": {"uv": [0, 4.5, 3, 5.5], "rotation": 90, "texture": "#0"},
				"south": {"uv": [0, 4.5, 3, 5.5], "rotation": 90, "texture": "#0"},
				"west": {"uv": [0, 4.5, 3, 5.5], "rotation": 90, "texture": "#0"},
				"up": {"uv": [0, 4.5, 3, 5.5], "rotation": 90, "texture": "#0"},
				"down": {"uv": [0, 4.5, 3, 5.5], "rotation": 90, "texture": "#0"}
			}
		},
		{
			"from": [6.77167, 10.76213, 8.34868],
			"to": [7.57167, 12.56213, 9.14868],
			"rotation": {"angle": 0, "axis": "z", "origin": [7.16081, 13.11548, 8.76105]},
			"faces": {
				"north": {"uv": [2, 5, 4, 6], "rotation": 90, "texture": "#0"},
				"east": {"uv": [2, 5, 4, 6], "rotation": 90, "texture": "#0"},
				"south": {"uv": [2, 5, 4, 6], "rotation": 90, "texture": "#0"},
				"west": {"uv": [2, 5, 4, 6], "rotation": 90, "texture": "#0"},
				"up": {"uv": [2, 5, 4, 6], "rotation": 90, "texture": "#0"},
				"down": {"uv": [2, 5, 4, 6], "rotation": 90, "texture": "#0"}
			}
		},
		{
			"from": [8.42833, 10.76213, 8.34868],
			"to": [9.22833, 12.56213, 9.14868],
			"rotation": {"angle": 0, "axis": "z", "origin": [8.83919, 13.11548, 8.76105]},
			"faces": {
				"north": {"uv": [2, 5, 4, 6], "rotation": 90, "texture": "#0"},
				"east": {"uv": [2, 5, 4, 6], "rotation": 90, "texture": "#0"},
				"south": {"uv": [2, 5, 4, 6], "rotation": 90, "texture": "#0"},
				"west": {"uv": [2, 5, 4, 6], "rotation": 90, "texture": "#0"},
				"up": {"uv": [2, 5, 4, 6], "rotation": 90, "texture": "#0"},
				"down": {"uv": [2, 5, 4, 6], "rotation": 90, "texture": "#0"}
			}
		},
		{
			"from": [6.87698, 6.65574, 7.42239],
			"to": [7.47698, 8.25574, 9.02239],
			"rotation": {"angle": 22.5, "axis": "x", "origin": [7.17649, 7.40385, 8.22355]},
			"faces": {
				"north": {"uv": [0, 0, 1, 2], "texture": "#0"},
				"east": {"uv": [0, 0, 2, 2], "texture": "#0"},
				"south": {"uv": [0, 0, 1, 2], "texture": "#0"},
				"west": {"uv": [0, 0, 2, 2], "texture": "#0"},
				"up": {"uv": [0, 0, 2, 1], "rotation": 270, "texture": "#0"},
				"down": {"uv": [0, 0, 2, 1], "rotation": 90, "texture": "#0"}
			}
		},
		{
			"from": [8.52302, 6.65574, 7.42239],
			"to": [9.12302, 8.25574, 9.02239],
			"rotation": {"angle": 22.5, "axis": "x", "origin": [8.82351, 7.40385, 8.22355]},
			"faces": {
				"north": {"uv": [1, 0, 0, 2], "texture": "#0"},
				"east": {"uv": [2, 0, 0, 2], "texture": "#0"},
				"south": {"uv": [1, 0, 0, 2], "texture": "#0"},
				"west": {"uv": [2, 0, 0, 2], "texture": "#0"},
				"up": {"uv": [0, 1, 2, 0], "rotation": 270, "texture": "#0"},
				"down": {"uv": [0, 1, 2, 0], "rotation": 90, "texture": "#0"}
			}
		},
		{
			"from": [6.82698, 7.32358, 7.39908],
			"to": [7.52698, 10.02358, 8.09908],
			"rotation": {"angle": -22.5, "axis": "x", "origin": [7.17015, 8.62343, 7.75605]},
			"faces": {
				"north": {"uv": [5.5, 4.5, 2.5, 5.5], "rotation": 270, "texture": "#0"},
				"east": {"uv": [5.5, 4.5, 2.5, 5.5], "rotation": 270, "texture": "#0"},
				"south": {"uv": [5.5, 4.5, 2.5, 5.5], "rotation": 270, "texture": "#0"},
				"west": {"uv": [5.5, 4.5, 2.5, 5.5], "rotation": 270, "texture": "#0"},
				"up": {"uv": [5.5, 4.5, 2.5, 5.5], "rotation": 270, "texture": "#0"},
				"down": {"uv": [5.5, 4.5, 2.5, 5.5], "rotation": 270, "texture": "#0"}
			}
		},
		{
			"from": [8.47302, 7.32358, 7.39908],
			"to": [9.17302, 10.02358, 8.09908],
			"rotation": {"angle": -22.5, "axis": "x", "origin": [8.82985, 8.62343, 7.75605]},
			"faces": {
				"north": {"uv": [5.5, 4.5, 2.5, 5.5], "rotation": 270, "texture": "#0"},
				"east": {"uv": [5.5, 4.5, 2.5, 5.5], "rotation": 270, "texture": "#0"},
				"south": {"uv": [5.5, 4.5, 2.5, 5.5], "rotation": 270, "texture": "#0"},
				"west": {"uv": [5.5, 4.5, 2.5, 5.5], "rotation": 270, "texture": "#0"},
				"up": {"uv": [5.5, 4.5, 2.5, 5.5], "rotation": 270, "texture": "#0"},
				"down": {"uv": [5.5, 4.5, 2.5, 5.5], "rotation": 270, "texture": "#0"}
			}
		},
		{
			"from": [6.31462, 8.32152, 8.39949],
			"to": [7.01462, 11.02152, 9.09949],
			"rotation": {"angle": -22.5, "axis": "z", "origin": [6.66386, 9.61654, 8.75213]},
			"faces": {
				"north": {"uv": [5.5, 4.5, 2.5, 5.5], "rotation": 270, "texture": "#0"},
				"east": {"uv": [5.5, 4.5, 2.5, 5.5], "rotation": 270, "texture": "#0"},
				"south": {"uv": [5.5, 4.5, 2.5, 5.5], "rotation": 270, "texture": "#0"},
				"west": {"uv": [5.5, 4.5, 2.5, 5.5], "rotation": 270, "texture": "#0"},
				"up": {"uv": [5.5, 4.5, 2.5, 5.5], "rotation": 270, "texture": "#0"},
				"down": {"uv": [5.5, 4.5, 2.5, 5.5], "rotation": 270, "texture": "#0"}
			}
		},
		{
			"from": [8.98538, 8.32152, 8.39949],
			"to": [9.68538, 11.02152, 9.09949],
			"rotation": {"angle": 22.5, "axis": "z", "origin": [9.33614, 9.61654, 8.75213]},
			"faces": {
				"north": {"uv": [5.5, 4.5, 2.5, 5.5], "rotation": 270, "texture": "#0"},
				"east": {"uv": [5.5, 4.5, 2.5, 5.5], "rotation": 270, "texture": "#0"},
				"south": {"uv": [5.5, 4.5, 2.5, 5.5], "rotation": 270, "texture": "#0"},
				"west": {"uv": [5.5, 4.5, 2.5, 5.5], "rotation": 270, "texture": "#0"},
				"up": {"uv": [5.5, 4.5, 2.5, 5.5], "rotation": 270, "texture": "#0"},
				"down": {"uv": [5.5, 4.5, 2.5, 5.5], "rotation": 270, "texture": "#0"}
			}
		},
		{
			"from": [5.15497, 8.0137, 8.44949],
			"to": [6.75497, 9.6137, 9.04949],
			"rotation": {"angle": 22.5, "axis": "z", "origin": [6.95574, 9.01063, 8.75308]},
			"faces": {
				"north": {"uv": [0, 0, 2, 2], "texture": "#0"},
				"east": {"uv": [0, 0, 1, 2], "texture": "#0"},
				"south": {"uv": [0, 0, 2, 2], "texture": "#0"},
				"west": {"uv": [0, 0, 1, 2], "texture": "#0"},
				"up": {"uv": [0, 0, 1, 2], "rotation": 270, "texture": "#0"},
				"down": {"uv": [0, 0, 1, 2], "rotation": 90, "texture": "#0"}
			}
		},
		{
			"from": [9.24503, 8.0137, 8.44949],
			"to": [10.84503, 9.6137, 9.04949],
			"rotation": {"angle": -22.5, "axis": "z", "origin": [9.04426, 9.01063, 8.75308]},
			"faces": {
				"north": {"uv": [2, 0, 0, 2], "texture": "#0"},
				"east": {"uv": [1, 0, 0, 2], "texture": "#0"},
				"south": {"uv": [2, 0, 0, 2], "texture": "#0"},
				"west": {"uv": [1, 0, 0, 2], "texture": "#0"},
				"up": {"uv": [0, 2, 1, 0], "rotation": 270, "texture": "#0"},
				"down": {"uv": [0, 2, 1, 0], "rotation": 90, "texture": "#0"}
			}
		},
		{
			"from": [7.001, 23.649, 7.051],
			"to": [9.001, 26.649, 9.301],
			"rotation": {"angle": 22.5, "axis": "x", "origin": [8.501, 24.649, 7.551]},
			"faces": {
				"north": {"uv": [6.5, 4, 9.5, 6], "rotation": 270, "texture": "#0"},
				"east": {"uv": [6.5, 4, 9.5, 6], "rotation": 270, "texture": "#0"},
				"south": {"uv": [6.5, 4, 9.5, 6], "rotation": 270, "texture": "#0"},
				"west": {"uv": [6.5, 4, 9.5, 6], "rotation": 270, "texture": "#0"},
				"up": {"uv": [6.5, 4, 9.5, 6], "rotation": 270, "texture": "#0"},
				"down": {"uv": [6.5, 4, 9.5, 6], "rotation": 270, "texture": "#0"}
			}
		},
		{
			"from": [7.001, 21.16846, 6.70638],
			"to": [8.999, 23.91646, 8.95438],
			"rotation": {"angle": 0, "axis": "x", "origin": [8, 22.16746, 7.20538]},
			"faces": {
				"north": {"uv": [5, 4, 8, 6], "rotation": 270, "texture": "#0"},
				"east": {"uv": [5, 4, 8, 6], "rotation": 270, "texture": "#0"},
				"south": {"uv": [5, 4, 8, 6], "rotation": 270, "texture": "#0"},
				"west": {"uv": [5, 4, 8, 6], "rotation": 270, "texture": "#0"},
				"up": {"uv": [5, 4, 8, 6], "rotation": 270, "texture": "#0"},
				"down": {"uv": [5, 4, 8, 6], "rotation": 270, "texture": "#0"}
			}
		},
		{
			"from": [6.501, 17.16846, 7.00638],
			"to": [9.499, 23.66646, 8.75438],
			"rotation": {"angle": 0, "axis": "x", "origin": [7.5, 22.16746, 7.50538]},
			"faces": {
				"north": {"uv": [0, 3.51, 6.5, 6.51], "rotation": 270, "texture": "#0"},
				"east": {"uv": [0, 4, 6.5, 5.75], "rotation": 270, "texture": "#0"},
				"south": {"uv": [0, 4, 6.5, 5.75], "rotation": 270, "texture": "#0"},
				"west": {"uv": [0, 4, 6.5, 5.75], "rotation": 270, "texture": "#0"},
				"up": {"uv": [0, 4, 6.5, 5.75], "rotation": 270, "texture": "#0"},
				"down": {"uv": [0, 4, 6.5, 5.75], "rotation": 270, "texture": "#0"}
			}
		},
		{
			"from": [6.504, 23.25695, 7.32515],
			"to": [9.498, 27.25095, 9.06915],
			"rotation": {"angle": 22.5, "axis": "x", "origin": [8.001, 24.25395, 8.19715]},
			"faces": {
				"north": {"uv": [5.5, 3.51, 9.5, 6.51], "rotation": 270, "texture": "#0"},
				"east": {"uv": [5.5, 3.51, 9.5, 6.51], "rotation": 270, "texture": "#0"},
				"south": {"uv": [5.5, 3.51, 9.5, 6.51], "rotation": 270, "texture": "#0"},
				"west": {"uv": [5.5, 3.51, 9.5, 6.51], "rotation": 270, "texture": "#0"},
				"up": {"uv": [7.5, 3.5, 9.25, 6.5], "rotation": 270, "texture": "#0"},
				"down": {"uv": [5.5, 3.51, 9.5, 6.51], "rotation": 270, "texture": "#0"}
			}
		},
		{
			"from": [6.254, 22.95695, 7.72515],
			"to": [9.748, 28.95095, 8.46915],
			"rotation": {"angle": 22.5, "axis": "x", "origin": [8.001, 23.95395, 8.24715]},
			"faces": {
				"north": {"uv": [3.5, 6.989, 9.5, 3.51], "rotation": 270, "texture": "#0"},
				"east": {"uv": [3.5, 5.25, 9.5, 4.5], "rotation": 270, "texture": "#0"},
				"south": {"uv": [3.5, 6.989, 9.5, 3.51], "rotation": 270, "texture": "#0"},
				"west": {"uv": [3.5, 4.26, 9.5, 3.51], "rotation": 270, "texture": "#0"},
				"up": {"uv": [8.5, 7, 9.25, 3.6], "rotation": 270, "texture": "#0"},
				"down": {"uv": [3.5, 6.989, 9.5, 3.51], "rotation": 270, "texture": "#0"}
			}
		},
		{
			"from": [5.005, 25.70795, 7.72615],
			"to": [10.997, 28.19995, 8.46815],
			"rotation": {"angle": 22.5, "axis": "x", "origin": [8.001, 23.95395, 8.24715]},
			"faces": {
				"north": {"uv": [8, 3.5, 9.5, 7], "rotation": 270, "texture": "#0"},
				"east": {"uv": [6.5, 4.5, 9, 5.25], "rotation": 270, "texture": "#0"},
				"south": {"uv": [8, 3.5, 9.5, 7], "rotation": 270, "texture": "#0"},
				"west": {"uv": [7, 4.5, 9.5, 5.25], "rotation": 270, "texture": "#0"},
				"up": {"uv": [8, 3.5, 9.5, 7], "rotation": 270, "texture": "#0"},
				"down": {"uv": [3, 5.5, 9, 6.25], "rotation": 180, "texture": "#0"}
			}
		},
		{
			"from": [5.756, 24.45895, 7.72715],
			"to": [10.246, 26.94895, 8.46715],
			"rotation": {"angle": 22.5, "axis": "x", "origin": [8.001, 23.95395, 8.24715]},
			"faces": {
				"north": {"uv": [7, 4, 9, 6.5], "rotation": 270, "texture": "#0"},
				"east": {"uv": [7, 4, 9.5, 4.75], "rotation": 270, "texture": "#0"},
				"south": {"uv": [7, 4, 9, 6.5], "rotation": 270, "texture": "#0"},
				"west": {"uv": [7, 4, 9.5, 4.75], "rotation": 270, "texture": "#0"},
				"up": {"uv": [7, 4, 9, 6.5], "rotation": 270, "texture": "#0"},
				"down": {"uv": [4, 4.5, 8.5, 5.25], "rotation": 180, "texture": "#0"}
			}
		},
		{
			"from": [7.499, 19.749, 8.20338],
			"to": [8.501, 21.251, 9.20538],
			"rotation": {"angle": 0, "axis": "y", "origin": [8, 20.25, 8.60219]},
			"faces": {
				"north": {"uv": [6.5, 4.5, 8, 5.5], "rotation": 270, "texture": "#0"},
				"east": {"uv": [6.5, 4.5, 8, 5.5], "rotation": 270, "texture": "#0"},
				"south": {"uv": [3, 4, 4.5, 5], "rotation": 270, "texture": "#0"},
				"west": {"uv": [6.5, 4.5, 8, 5.5], "rotation": 270, "texture": "#0"},
				"up": {"uv": [6.5, 4.5, 8, 5.5], "rotation": 270, "texture": "#0"},
				"down": {"uv": [6.5, 4.5, 8, 5.5], "rotation": 270, "texture": "#0"}
			}
		},
		{
			"from": [7.499, 17.349, 8.45338],
			"to": [8.501, 19.351, 9.45538],
			"rotation": {"angle": 0, "axis": "y", "origin": [8, 17.85, 8.85219]},
			"faces": {
				"north": {"uv": [1, 4.5, 3, 5.5], "rotation": 270, "texture": "#0"},
				"east": {"uv": [1, 4.5, 3, 5.5], "rotation": 270, "texture": "#0"},
				"south": {"uv": [1, 5.5, 3, 6.5], "rotation": 270, "texture": "#0"},
				"west": {"uv": [1, 4.5, 3, 5.5], "rotation": 270, "texture": "#0"},
				"up": {"uv": [1, 4.5, 3, 5.5], "rotation": 270, "texture": "#0"},
				"down": {"uv": [1, 4.5, 3, 5.5], "rotation": 270, "texture": "#0"}
			}
		},
		{
			"from": [8.2706, 19.75, 6.65328],
			"to": [9.2706, 21.5, 7.65328],
			"rotation": {"angle": -22.5, "axis": "y", "origin": [8.7706, 21, 7.15328]},
			"faces": {
				"north": {"uv": [4.5, 5.5, 6.25, 6.5], "rotation": 270, "texture": "#0"},
				"east": {"uv": [4.5, 5.5, 6.25, 6.5], "rotation": 270, "texture": "#0"},
				"south": {"uv": [4.5, 5.5, 6.25, 6.5], "rotation": 270, "texture": "#0"},
				"west": {"uv": [4.5, 5.5, 6.25, 6.5], "rotation": 270, "texture": "#0"},
				"up": {"uv": [4.5, 5.5, 6.25, 6.5], "rotation": 270, "texture": "#0"},
				"down": {"uv": [4.5, 5.5, 6.25, 6.5], "rotation": 270, "texture": "#0"}
			}
		},
		{
			"from": [8.2706, 17.6, 6.40328],
			"to": [9.2706, 19.35, 7.40328],
			"rotation": {"angle": -22.5, "axis": "y", "origin": [8.7706, 19.1, 6.90328]},
			"faces": {
				"north": {"uv": [2, 4.5, 3.75, 5.5], "rotation": 270, "texture": "#0"},
				"east": {"uv": [2, 4.5, 3.75, 5.5], "rotation": 270, "texture": "#0"},
				"south": {"uv": [2, 4.5, 3.75, 5.5], "rotation": 270, "texture": "#0"},
				"west": {"uv": [2, 4.5, 3.75, 5.5], "rotation": 270, "texture": "#0"},
				"up": {"uv": [2, 4.5, 3.75, 5.5], "rotation": 270, "texture": "#0"},
				"down": {"uv": [2, 4.5, 3.75, 5.5], "rotation": 270, "texture": "#0"}
			}
		},
		{
			"from": [8.93688, 19.773, 7.08865],
			"to": [10.31088, 21.247, 8.46265],
			"rotation": {"angle": -45, "axis": "y", "origin": [9.42388, 20.76, 7.57565]},
			"faces": {
				"north": {"uv": [3.5, 4, 4.9, 5.5], "rotation": 180, "texture": "#0"},
				"east": {"uv": [3, 4, 4.4, 5.5], "rotation": 90, "texture": "#0"},
				"south": {"uv": [6.5, 4.5, 7.9, 6], "texture": "#0"},
				"west": {"uv": [6.5, 4.5, 7.9, 6], "texture": "#0"},
				"up": {"uv": [6.5, 4.5, 7.9, 6], "texture": "#0"},
				"down": {"uv": [6.5, 4.5, 7.9, 6], "texture": "#0"}
			}
		},
		{
			"from": [8.98688, 21.273, 7.28865],
			"to": [9.96088, 23.247, 8.26265],
			"rotation": {"angle": -45, "axis": "y", "origin": [9.47388, 22.26, 7.77565]},
			"faces": {
				"north": {"uv": [5.5, 4.5, 7.5, 5.5], "rotation": 270, "texture": "#0"},
				"east": {"uv": [5.5, 5, 7.5, 6], "rotation": 270, "texture": "#0"},
				"south": {"uv": [5.5, 5, 7.5, 6], "rotation": 270, "texture": "#0"},
				"west": {"uv": [5.5, 5, 7.5, 6], "rotation": 270, "texture": "#0"},
				"up": {"uv": [5.5, 5, 7.5, 6], "rotation": 270, "texture": "#0"},
				"down": {"uv": [5.5, 5, 7.5, 6], "rotation": 270, "texture": "#0"}
			}
		},
		{
			"from": [6.03688, 21.273, 7.28865],
			"to": [7.01088, 23.247, 8.26265],
			"rotation": {"angle": -45, "axis": "y", "origin": [6.52388, 22.26, 7.77565]},
			"faces": {
				"north": {"uv": [6, 5.5, 8, 6.5], "rotation": 270, "texture": "#0"},
				"east": {"uv": [6, 5.5, 8, 6.5], "rotation": 270, "texture": "#0"},
				"south": {"uv": [6, 6.5, 8, 5.5], "rotation": 270, "texture": "#0"},
				"west": {"uv": [6, 5.5, 8, 6.5], "rotation": 270, "texture": "#0"},
				"up": {"uv": [6, 5.5, 8, 6.5], "rotation": 270, "texture": "#0"},
				"down": {"uv": [6, 5.5, 8, 6.5], "rotation": 270, "texture": "#0"}
			}
		},
		{
			"from": [6.08912, 19.773, 7.08865],
			"to": [7.46312, 21.247, 8.46265],
			"rotation": {"angle": -45, "axis": "y", "origin": [6.57612, 20.76, 7.57565]},
			"faces": {
				"north": {"uv": [4, 4.5, 5.5, 5.9], "rotation": 270, "texture": "#0"},
				"east": {"uv": [4, 4, 5.5, 5.4], "rotation": 270, "texture": "#0"},
				"south": {"uv": [4, 4, 5.5, 5.4], "rotation": 270, "texture": "#0"},
				"west": {"uv": [4, 5, 5.5, 6.4], "texture": "#0"},
				"up": {"uv": [5, 4, 6.5, 5.4], "rotation": 180, "texture": "#0"},
				"down": {"uv": [3.5, 4.5, 5, 5.9], "rotation": 270, "texture": "#0"}
			}
		},
		{
			"from": [6.57512, 17.875, 6.63168],
			"to": [9.42112, 19.351, 9.06768],
			"rotation": {"angle": 0, "axis": "y", "origin": [7.26312, 18.613, 7.56968]},
			"faces": {
				"north": {"uv": [2, 4, 4.46, 6.87], "rotation": 270, "texture": "#0"},
				"east": {"uv": [2, 4, 4.46, 6.87], "rotation": 270, "texture": "#0"},
				"south": {"uv": [2, 4, 4.46, 6.87], "rotation": 270, "texture": "#0"},
				"west": {"uv": [2, 4, 4.46, 6.87], "rotation": 270, "texture": "#0"},
				"up": {"uv": [2, 4, 4.46, 6.87], "rotation": 270, "texture": "#0"},
				"down": {"uv": [2, 4, 4.46, 6.87], "rotation": 270, "texture": "#0"}
			}
		},
		{
			"from": [6.262, 17.975, 6.88168],
			"to": [9.738, 19.201, 8.10768],
			"rotation": {"angle": 0, "axis": "y", "origin": [7.26312, 18.613, 7.56968]},
			"faces": {
				"north": {"uv": [10, 0.5, 13, 3.5], "texture": "#0"},
				"east": {"uv": [10, 0.5, 13, 3.5], "texture": "#0"},
				"south": {"uv": [10, 0.5, 13, 3.5], "texture": "#0"},
				"west": {"uv": [10, 0.5, 13, 3.5], "texture": "#0"},
				"up": {"uv": [10, 0.5, 13, 3.5], "texture": "#0"},
				"down": {"uv": [10, 0.5, 13, 3.5], "texture": "#0"}
			}
		},
		{
			"from": [6.76851, 19.75, 8.34988],
			"to": [7.76851, 21.25, 9.34988],
			"rotation": {"angle": -22.5, "axis": "y", "origin": [8, 20.25, 8.60219]},
			"faces": {
				"north": {"uv": [5.5, 5, 7, 6], "rotation": 270, "texture": "#0"},
				"east": {"uv": [5.5, 5, 7, 6], "rotation": 270, "texture": "#0"},
				"south": {"uv": [4, 4, 5.5, 5], "rotation": 270, "texture": "#0"},
				"west": {"uv": [5.5, 5, 7, 6], "rotation": 270, "texture": "#0"},
				"up": {"uv": [5.5, 5, 7, 6], "rotation": 270, "texture": "#0"},
				"down": {"uv": [5.5, 5, 7, 6], "rotation": 270, "texture": "#0"}
			}
		},
		{
			"from": [6.76851, 17.35, 8.59988],
			"to": [7.76851, 19.35, 9.59988],
			"rotation": {"angle": -22.5, "axis": "y", "origin": [8, 17.85, 8.85219]},
			"faces": {
				"north": {"uv": [1, 4.5, 3, 5.5], "rotation": 270, "texture": "#0"},
				"east": {"uv": [1, 4.5, 3, 5.5], "rotation": 270, "texture": "#0"},
				"south": {"uv": [1, 4.5, 3, 5.5], "rotation": 270, "texture": "#0"},
				"west": {"uv": [1, 4.5, 3, 5.5], "rotation": 270, "texture": "#0"},
				"up": {"uv": [1, 4.5, 3, 5.5], "rotation": 270, "texture": "#0"},
				"down": {"uv": [1, 4.5, 3, 5.5], "rotation": 270, "texture": "#0"}
			}
		},
		{
			"from": [6.7294, 19.75, 6.65328],
			"to": [7.7294, 21.5, 7.65328],
			"rotation": {"angle": 22.5, "axis": "y", "origin": [7.2294, 21, 7.15328]},
			"faces": {
				"north": {"uv": [4, 4.5, 5.75, 5.5], "rotation": 270, "texture": "#0"},
				"east": {"uv": [4, 4.5, 5.75, 5.5], "rotation": 270, "texture": "#0"},
				"south": {"uv": [4, 4.5, 5.75, 5.5], "rotation": 270, "texture": "#0"},
				"west": {"uv": [4, 4.5, 5.75, 5.5], "rotation": 270, "texture": "#0"},
				"up": {"uv": [4, 4.5, 5.75, 5.5], "rotation": 270, "texture": "#0"},
				"down": {"uv": [4, 4.5, 5.75, 5.5], "rotation": 270, "texture": "#0"}
			}
		},
		{
			"from": [6.7294, 17.6, 6.40328],
			"to": [7.7294, 19.35, 7.40328],
			"rotation": {"angle": 22.5, "axis": "y", "origin": [7.2294, 19.1, 6.90328]},
			"faces": {
				"north": {"uv": [2.5, 5.5, 4.25, 6.5], "rotation": 270, "texture": "#0"},
				"east": {"uv": [2.5, 5.5, 4.25, 6.5], "rotation": 270, "texture": "#0"},
				"south": {"uv": [2.5, 5.5, 4.25, 6.5], "rotation": 270, "texture": "#0"},
				"west": {"uv": [2.5, 5.5, 4.25, 6.5], "rotation": 270, "texture": "#0"},
				"up": {"uv": [2.5, 5.5, 4.25, 6.5], "rotation": 270, "texture": "#0"},
				"down": {"uv": [2.5, 5.5, 4.25, 6.5], "rotation": 270, "texture": "#0"}
			}
		},
		{
			"from": [8.23149, 19.75, 8.34988],
			"to": [9.23149, 21.25, 9.34988],
			"rotation": {"angle": 22.5, "axis": "y", "origin": [8, 20.25, 8.60219]},
			"faces": {
				"north": {"uv": [5.5, 5, 7, 6], "rotation": 270, "texture": "#0"},
				"east": {"uv": [5.5, 5, 7, 6], "rotation": 270, "texture": "#0"},
				"south": {"uv": [3.5, 4, 5, 5], "rotation": 270, "texture": "#0"},
				"west": {"uv": [5.5, 5, 7, 6], "rotation": 270, "texture": "#0"},
				"up": {"uv": [5.5, 5, 7, 6], "rotation": 270, "texture": "#0"},
				"down": {"uv": [5.5, 5, 7, 6], "rotation": 270, "texture": "#0"}
			}
		},
		{
			"from": [8.23149, 17.35, 8.59988],
			"to": [9.23149, 19.35, 9.59988],
			"rotation": {"angle": 22.5, "axis": "y", "origin": [8, 17.85, 8.85219]},
			"faces": {
				"north": {"uv": [1, 4.5, 3, 5.5], "rotation": 270, "texture": "#0"},
				"east": {"uv": [1, 4.5, 3, 5.5], "rotation": 270, "texture": "#0"},
				"south": {"uv": [1, 4.5, 3, 5.5], "rotation": 270, "texture": "#0"},
				"west": {"uv": [1, 4.5, 3, 5.5], "rotation": 270, "texture": "#0"},
				"up": {"uv": [1, 4.5, 3, 5.5], "rotation": 270, "texture": "#0"},
				"down": {"uv": [1, 4.5, 3, 5.5], "rotation": 270, "texture": "#0"}
			}
		}
	],
	"display": {
		"thirdperson": {
			"rotation": [180, 90, -90],
			"translation": [0, 0.5, -7],
			"scale": [1.3, 1.3, 1.3]
		},
		"firstperson": {
			"rotation": [0, 45, -15],
			"translation": [6, 4, 3],
			"scale": [1.4, 1.4, 1.4]
		},
		"ground": {
			"translation": [0, 5, 0],
			"scale": [2, 2, 2]
		},
		"gui": {
			"rotation": [0, 0, 65],
			"translation": [1, 1.6, -2],
			"scale": [1.2, 1, 1.2]
		},
		"fixed": {
			"scale": [2, 2, 2]
		}
	}
}