{
	"credit": "Made with Blockbench",
	"texture_size": [48, 48],
	"textures": {
		"0": "skins/jerry"
	},
	"elements": [
		{
			"from": [4.75, -0.2, -3.9],
			"to": [10.75, 7.3, 2.1],
			"rotation": {"angle": 0, "axis": "y", "origin": [12.75, 7.9, 4.1]},
			"faces": {
				"north": {"uv": [2, 2, 4, 4.5], "texture": "#0"},
				"east": {"uv": [0, 2, 2, 4.5], "texture": "#0"},
				"south": {"uv": [6, 2, 8, 4.5], "texture": "#0"},
				"west": {"uv": [4, 2, 6, 4.5], "texture": "#0"},
				"up": {"uv": [2, 0, 4, 2], "texture": "#0"},
				"down": {"uv": [2, 0, 4, 2], "texture": "#0"}
			}
		},
		{
			"from": [7, -0.95, -4.65],
			"to": [8.5, 2.05, -3.15],
			"rotation": {"angle": 0, "axis": "x", "origin": [15, 7.15, 3.35]},
			"faces": {
				"north": {"uv": [6.5, 0.5, 7, 1.5], "texture": "#0"},
				"east": {"uv": [6.5, 0.5, 7, 1.5], "texture": "#0"},
				"south": {"uv": [6.5, 0.5, 7, 1.5], "texture": "#0"},
				"west": {"uv": [6.5, 0.5, 7, 1.5], "texture": "#0"},
				"up": {"uv": [6.5, 0.5, 7, 1], "texture": "#0"},
				"down": {"uv": [6.5, 0.5, 7, 1], "texture": "#0"}
			}
		},
		{
			"from": [4.65, -0.1, 0.9],
			"to": [10.85, 4.1, 16.1],
			"rotation": {"angle": 0, "axis": "y", "origin": [12.75, 8, 9]},
			"faces": {
				"north": {"uv": [0, 0, 2.33333, 1.66667], "texture": "#0"},
				"east": {"uv": [3.5, 11, 4.83333, 16], "rotation": 90, "texture": "#0"},
				"south": {"uv": [14, 14.5, 16, 15.83333], "texture": "#0"},
				"west": {"uv": [0, 11, 1.33333, 16], "rotation": 90, "texture": "#0"},
				"up": {"uv": [5, 11, 7, 16], "texture": "#0"},
				"down": {"uv": [1.5, 11, 3.5, 16], "texture": "#0"}
			}
		},
		{
			"from": [4.75, 0, 1],
			"to": [10.75, 4, 10],
			"rotation": {"angle": 0, "axis": "y", "origin": [12.75, 8, 9]},
			"faces": {
				"north": {"uv": [5.5, 5, 7.5, 6.33333], "texture": "#0"},
				"east": {"uv": [4, 6.5, 5.33333, 9.5], "rotation": 90, "texture": "#0"},
				"south": {"uv": [7.5, 5, 9.5, 6.33333], "texture": "#0"},
				"west": {"uv": [7.5, 6.5, 8.83333, 9.5], "rotation": 90, "texture": "#0"},
				"up": {"uv": [9, 6.5, 11, 9.5], "texture": "#0"},
				"down": {"uv": [5.5, 6.5, 7.5, 9.5], "texture": "#0"}
			}
		},
		{
			"from": [5.25, 0.25, 13],
			"to": [10.25, 3.25, 21],
			"rotation": {"angle": 0, "axis": "y", "origin": [13.25, 8.25, 21]},
			"faces": {
				"north": {"uv": [0, 0, 1.66667, 1], "texture": "#0"},
				"east": {"uv": [0, 6.75, 1, 9.41667], "rotation": 90, "texture": "#0"},
				"south": {"uv": [3, 9, 3.91667, 9.5], "texture": "#0"},
				"west": {"uv": [3, 9.41667, 2, 6.75], "rotation": 90, "texture": "#0"},
				"up": {"uv": [3, 6.75, 3.91667, 9.41667], "texture": "#0"},
				"down": {"uv": [1, 6.75, 2, 9.41667], "rotation": 180, "texture": "#0"}
			}
		},
		{
			"from": [1.75, -3.1, 2.4],
			"to": [4.75, 2.9, 5.4],
			"rotation": {"angle": -45, "axis": "x", "origin": [2.75, 1, 3.9]},
			"faces": {
				"north": {"uv": [12, 6.5, 13, 8.5], "texture": "#0"},
				"east": {"uv": [12, 6.5, 13, 8.5], "texture": "#0"},
				"south": {"uv": [12, 6.5, 13, 8.5], "texture": "#0"},
				"west": {"uv": [12, 6.5, 13, 8.5], "texture": "#0"},
				"up": {"uv": [12, 6.5, 13, 7.5], "texture": "#0"},
				"down": {"uv": [12, 6.5, 13, 7.5], "texture": "#0"}
			}
		},
		{
			"from": [5.45, 3.79611, 3.48016],
			"to": [6.55, 7.39611, 4.58016],
			"rotation": {"angle": -22.5, "axis": "x", "origin": [5.99999, 5.10229, 5.28273]},
			"faces": {
				"north": {"uv": [4.25, 13.5, 4.75, 14.83333], "texture": "#0"},
				"east": {"uv": [4.25, 13.5, 4.75, 14.83333], "texture": "#0"},
				"south": {"uv": [4.25, 13.5, 4.75, 14.83333], "texture": "#0"},
				"west": {"uv": [4.25, 13.5, 4.75, 14.83333], "texture": "#0"},
				"up": {"uv": [4.25, 13.5, 4.75, 14], "texture": "#0"},
				"down": {"uv": [4.25, 13.5, 4.75, 14.83333], "texture": "#0"}
			}
		},
		{
			"from": [7.19654, 2.81881, 8.43275],
			"to": [8.29654, 6.41881, 9.53275],
			"rotation": {"angle": 22.5, "axis": "x", "origin": [7.76073, 5.79135, 9.52933]},
			"faces": {
				"north": {"uv": [4.25, 13.5, 4.75, 14.83333], "texture": "#0"},
				"east": {"uv": [4.25, 13.5, 4.75, 14.83333], "texture": "#0"},
				"south": {"uv": [4.25, 13.5, 4.75, 14.83333], "texture": "#0"},
				"west": {"uv": [4.25, 13.5, 4.75, 14.83333], "texture": "#0"},
				"up": {"uv": [4.25, 13.5, 4.75, 14], "rotation": 90, "texture": "#0"},
				"down": {"uv": [4.25, 13.5, 4.75, 14.83333], "rotation": 270, "texture": "#0"}
			}
		},
		{
			"from": [8.95, 3.79611, 3.48016],
			"to": [10.05, 7.39611, 4.58016],
			"rotation": {"angle": -22.5, "axis": "x", "origin": [9.49999, 5.10229, 5.28273]},
			"faces": {
				"north": {"uv": [4.25, 13.5, 4.75, 14.83333], "texture": "#0"},
				"east": {"uv": [4.25, 13.5, 4.75, 14.83333], "texture": "#0"},
				"south": {"uv": [4.25, 13.5, 4.75, 14.83333], "texture": "#0"},
				"west": {"uv": [4.25, 13.5, 4.75, 14.83333], "texture": "#0"},
				"up": {"uv": [4.25, 13.5, 4.75, 14], "texture": "#0"},
				"down": {"uv": [4.25, 13.5, 4.75, 14.83333], "texture": "#0"}
			}
		},
		{
			"from": [7.19654, 2.81881, 11.93275],
			"to": [8.29654, 6.41881, 13.03275],
			"rotation": {"angle": 22.5, "axis": "x", "origin": [7.76073, 5.79135, 9.52933]},
			"faces": {
				"north": {"uv": [4.25, 13.5, 4.75, 14.83333], "texture": "#0"},
				"east": {"uv": [4.25, 13.5, 4.75, 14.83333], "texture": "#0"},
				"south": {"uv": [4.25, 13.5, 4.75, 14.83333], "texture": "#0"},
				"west": {"uv": [4.25, 13.5, 4.75, 14.83333], "texture": "#0"},
				"up": {"uv": [4.25, 13.5, 4.75, 14], "rotation": 90, "texture": "#0"},
				"down": {"uv": [4.25, 13.5, 4.75, 14.83333], "rotation": 270, "texture": "#0"}
			}
		},
		{
			"from": [4.75, 7.19611, 3.28016],
			"to": [10.75, 8.69611, 4.78016],
			"rotation": {"angle": -22.5, "axis": "x", "origin": [9.49999, 5.10229, 5.28273]},
			"faces": {
				"north": {"uv": [0.5, 9, 2.5, 9.5], "texture": "#0"},
				"east": {"uv": [0.5, 9, 1, 9.5], "texture": "#0"},
				"south": {"uv": [0.5, 9, 2.5, 9.5], "texture": "#0"},
				"west": {"uv": [0.5, 9, 1, 9.5], "texture": "#0"},
				"up": {"uv": [0.5, 9, 2.5, 9.5], "texture": "#0"},
				"down": {"uv": [0.5, 9, 2.5, 9.5], "texture": "#0"}
			}
		},
		{
			"from": [6.99654, 6.21881, 7.73275],
			"to": [8.49654, 7.71881, 13.73275],
			"rotation": {"angle": 22.5, "axis": "x", "origin": [7.76073, 5.79135, 9.52933]},
			"faces": {
				"north": {"uv": [0.5, 9, 1, 9.5], "texture": "#0"},
				"east": {"uv": [0.5, 9, 2.5, 9.5], "texture": "#0"},
				"south": {"uv": [0.5, 9, 1, 9.5], "texture": "#0"},
				"west": {"uv": [0.5, 9, 2.5, 9.5], "texture": "#0"},
				"up": {"uv": [0.5, 9, 2.5, 9.5], "rotation": 90, "texture": "#0"},
				"down": {"uv": [0.5, 9, 2.5, 9.5], "rotation": 270, "texture": "#0"}
			}
		},
		{
			"from": [10.75, -3.1, 2.4],
			"to": [13.75, 2.9, 5.4],
			"rotation": {"angle": -45, "axis": "x", "origin": [12.75, 1, 3.9]},
			"faces": {
				"north": {"uv": [13, 6.5, 12, 8.5], "texture": "#0"},
				"east": {"uv": [13, 6.5, 12, 8.5], "texture": "#0"},
				"south": {"uv": [13, 6.5, 12, 8.5], "texture": "#0"},
				"west": {"uv": [13, 6.5, 12, 8.5], "texture": "#0"},
				"up": {"uv": [13, 6.5, 12, 7.5], "texture": "#0"},
				"down": {"uv": [13, 6.5, 12, 7.5], "texture": "#0"}
			}
		},
		{
			"from": [4.75, -3.1, 2.4],
			"to": [10.75, -0.1, 5.4],
			"rotation": {"angle": -45, "axis": "x", "origin": [2.75, 1, 3.9]},
			"faces": {
				"north": {"uv": [12, 9.5, 14, 10.5], "texture": "#0"},
				"east": {"uv": [12, 9.5, 14, 10.5], "texture": "#0"},
				"south": {"uv": [12, 9.5, 14, 10.5], "texture": "#0"},
				"west": {"uv": [12, 9.5, 14, 10.5], "texture": "#0"},
				"up": {"uv": [12, 9.5, 14, 10.5], "texture": "#0"},
				"down": {"uv": [12, 9.5, 14, 10.5], "texture": "#0"}
			}
		}
	],
	"display": {
		"thirdperson": {
			"rotation": [160, 180, 0],
			"translation": [0, 0.5, -2.5],
			"scale": [1, 1, 1]
		},
		"firstperson": {
			"rotation": [15, -45, 0],
			"translation": [0, 6.5, 2],
			"scale": [1.6, 1.6, 1.6]
		},
		"ground": {
			"translation": [0, 5, 0],
			"scale": [2, 2, 2]
		},
		"gui": {
			"rotation": [55, 40, 40],
			"translation": [3, 4, 0],
			"scale": [1.2, 1.2, 1.2]
		},
		"fixed": {
			"scale": [2, 2, 2]
		}
	}
}