{
	"credit": "Made with Blockbench",
	"textures": {
		"0": "skins/ice_swirl",
		"1": "skins/midaswand"
	},
	"elements": [
		{
			"from": [6.5, -15, 7],
			"to": [9.5, -13, 9],
			"rotation": {"angle": 0, "axis": "y", "origin": [8, 1, 8]},
			"faces": {
				"north": {"uv": [1, 11, 4, 14], "texture": "#1"},
				"east": {"uv": [4, 11, 1, 14], "texture": "#1"},
				"south": {"uv": [1, 11, 4, 14], "texture": "#1"},
				"west": {"uv": [4, 11, 1, 14], "texture": "#1"},
				"up": {"uv": [1, 11, 4, 14], "texture": "#1"},
				"down": {"uv": [1, 11, 4, 14], "texture": "#1"}
			}
		},
		{
			"from": [6.5, 12.75, 7],
			"to": [9.5, 14.75, 9],
			"rotation": {"angle": 0, "axis": "y", "origin": [8, 28.75, 8]},
			"faces": {
				"north": {"uv": [1, 11, 4, 14], "texture": "#1"},
				"east": {"uv": [4, 11, 1, 14], "texture": "#1"},
				"south": {"uv": [1, 11, 4, 14], "texture": "#1"},
				"west": {"uv": [4, 11, 1, 14], "texture": "#1"},
				"up": {"uv": [1, 11, 4, 14], "texture": "#1"},
				"down": {"uv": [1, 11, 4, 14], "texture": "#1"}
			}
		},
		{
			"from": [7.05, -15.5, 7],
			"to": [9.05, -12.5, 9],
			"rotation": {"angle": 0, "axis": "y", "origin": [8, 1, 8]},
			"faces": {
				"north": {"uv": [1, 11, 4, 14], "texture": "#1"},
				"east": {"uv": [4, 11, 1, 14], "texture": "#1"},
				"south": {"uv": [1, 11, 4, 14], "texture": "#1"},
				"west": {"uv": [4, 11, 1, 14], "texture": "#1"},
				"up": {"uv": [1, 11, 4, 14], "texture": "#1"},
				"down": {"uv": [0, 13, 3, 16], "texture": "#1"}
			}
		},
		{
			"from": [7.05, 12.25, 7],
			"to": [9.05, 15.25, 9],
			"rotation": {"angle": 0, "axis": "y", "origin": [8, 28.75, 8]},
			"faces": {
				"north": {"uv": [1, 11, 4, 14], "texture": "#1"},
				"east": {"uv": [4, 11, 1, 14], "texture": "#1"},
				"south": {"uv": [1, 11, 4, 14], "texture": "#1"},
				"west": {"uv": [4, 11, 1, 14], "texture": "#1"},
				"up": {"uv": [1, 11, 4, 14], "texture": "#1"},
				"down": {"uv": [0, 13, 3, 16], "texture": "#1"}
			}
		},
		{
			"from": [7.05, -3.75, 7],
			"to": [9.05, -2.75, 9],
			"rotation": {"angle": 0, "axis": "y", "origin": [8, -5, 8]},
			"faces": {
				"north": {"uv": [1, 1, 3, 2], "texture": "#1"},
				"east": {"uv": [1, 1, 3, 2], "texture": "#1"},
				"south": {"uv": [1, 1, 3, 2], "texture": "#1"},
				"west": {"uv": [1, 1, 3, 2], "texture": "#1"},
				"up": {"uv": [1, 1, 3, 2], "texture": "#1"},
				"down": {"uv": [1, 1, 3, 2], "texture": "#1"}
			}
		},
		{
			"from": [7.05, 10.55, 7],
			"to": [9.05, 11.55, 9],
			"rotation": {"angle": 0, "axis": "y", "origin": [8, -5, 8]},
			"faces": {
				"north": {"uv": [2, 2, 4, 3], "texture": "#1"},
				"east": {"uv": [2, 2, 4, 3], "texture": "#1"},
				"south": {"uv": [2, 2, 4, 3], "texture": "#1"},
				"west": {"uv": [2, 2, 4, 3], "texture": "#1"},
				"up": {"uv": [2, 2, 4, 3], "texture": "#1"},
				"down": {"uv": [2, 2, 4, 3], "texture": "#1"}
			}
		},
		{
			"from": [7.05, 7.05, 7],
			"to": [9.05, 8.05, 9],
			"rotation": {"angle": 0, "axis": "y", "origin": [8, -5, 8]},
			"faces": {
				"north": {"uv": [2, 2, 4, 3], "texture": "#1"},
				"east": {"uv": [2, 2, 4, 3], "texture": "#1"},
				"south": {"uv": [2, 2, 4, 3], "texture": "#1"},
				"west": {"uv": [2, 2, 4, 3], "texture": "#1"},
				"up": {"uv": [2, 2, 4, 3], "texture": "#1"},
				"down": {"uv": [2, 2, 4, 3], "texture": "#1"}
			}
		},
		{
			"from": [7.2, -2.1, 7.15],
			"to": [8.9, 6.6, 8.85],
			"rotation": {"angle": 0, "axis": "y", "origin": [8, -5, 8]},
			"faces": {
				"north": {"uv": [12, 0, 14, 9], "texture": "#1"},
				"east": {"uv": [13, 0, 15, 9], "texture": "#1"},
				"south": {"uv": [14, 0, 16, 9], "texture": "#1"},
				"west": {"uv": [13, 0, 15, 9], "texture": "#1"},
				"up": {"uv": [12, 0, 13, 1], "texture": "#1"},
				"down": {"uv": [12, 8, 14, 9], "texture": "#1"}
			}
		},
		{
			"from": [7.05415, -15, 6.49995],
			"to": [9.05415, -13, 9.49995],
			"rotation": {"angle": 0, "axis": "y", "origin": [8.02705, -14.49995, 7.9729]},
			"faces": {
				"north": {"uv": [1, 11, 4, 14], "texture": "#1"},
				"east": {"uv": [1, 11, 4, 14], "texture": "#1"},
				"south": {"uv": [1, 11, 4, 14], "texture": "#1"},
				"west": {"uv": [4, 11, 1, 14], "texture": "#1"},
				"up": {"uv": [1, 11, 4, 14], "texture": "#1"},
				"down": {"uv": [1, 11, 4, 14], "texture": "#1"}
			}
		},
		{
			"from": [7.30415, -14.75, 6.24995],
			"to": [8.80415, -13.25, 9.74995],
			"rotation": {"angle": 0, "axis": "y", "origin": [8.02705, -14.49995, 7.9729]},
			"faces": {
				"north": {"uv": [10, 10, 16, 16], "texture": "#1"},
				"east": {"uv": [10, 10, 16, 16], "texture": "#1"},
				"south": {"uv": [10, 10, 16, 16], "texture": "#1"},
				"west": {"uv": [10, 10, 16, 16], "texture": "#1"},
				"up": {"uv": [10, 10, 16, 16], "texture": "#1"},
				"down": {"uv": [10, 10, 16, 16], "texture": "#1"}
			}
		},
		{
			"from": [7.30415, 13, 6.24995],
			"to": [8.80415, 14.5, 9.74995],
			"rotation": {"angle": 0, "axis": "y", "origin": [8.02705, 13.25005, 7.9729]},
			"faces": {
				"north": {"uv": [10, 10, 16, 16], "texture": "#1"},
				"east": {"uv": [10, 10, 16, 16], "texture": "#1"},
				"south": {"uv": [10, 10, 16, 16], "texture": "#1"},
				"west": {"uv": [10, 10, 16, 16], "texture": "#1"},
				"up": {"uv": [10, 10, 16, 16], "texture": "#1"},
				"down": {"uv": [10, 10, 16, 16], "texture": "#1"}
			}
		},
		{
			"from": [6.38111, -14.75, 7.24979],
			"to": [9.88111, -13.25, 8.74979],
			"rotation": {"angle": 0, "axis": "y", "origin": [8.09255, -13.99984, 7.96139]},
			"faces": {
				"north": {"uv": [10, 10, 16, 16], "texture": "#1"},
				"east": {"uv": [10, 10, 16, 16], "texture": "#1"},
				"south": {"uv": [10, 10, 16, 16], "texture": "#1"},
				"west": {"uv": [10, 10, 16, 16], "texture": "#1"},
				"up": {"uv": [10, 10, 16, 16], "rotation": 270, "texture": "#1"},
				"down": {"uv": [10, 10, 16, 16], "rotation": 90, "texture": "#1"}
			}
		},
		{
			"from": [6.38111, 13, 7.24979],
			"to": [9.88111, 14.5, 8.74979],
			"rotation": {"angle": 0, "axis": "y", "origin": [8.09255, 13.75016, 7.96139]},
			"faces": {
				"north": {"uv": [10, 10, 16, 16], "texture": "#1"},
				"east": {"uv": [10, 10, 16, 16], "texture": "#1"},
				"south": {"uv": [10, 10, 16, 16], "texture": "#1"},
				"west": {"uv": [10, 10, 16, 16], "texture": "#1"},
				"up": {"uv": [10, 10, 16, 16], "rotation": 270, "texture": "#1"},
				"down": {"uv": [10, 10, 16, 16], "rotation": 90, "texture": "#1"}
			}
		},
		{
			"from": [7.05415, 12.75, 6.49995],
			"to": [9.05415, 14.75, 9.49995],
			"rotation": {"angle": 0, "axis": "y", "origin": [8.02705, 13.25005, 7.9729]},
			"faces": {
				"north": {"uv": [1, 11, 4, 14], "texture": "#1"},
				"east": {"uv": [1, 11, 4, 14], "texture": "#1"},
				"south": {"uv": [1, 11, 4, 14], "texture": "#1"},
				"west": {"uv": [4, 11, 1, 14], "texture": "#1"},
				"up": {"uv": [1, 11, 4, 14], "texture": "#1"},
				"down": {"uv": [1, 11, 4, 14], "texture": "#1"}
			}
		},
		{
			"from": [7.35415, 6.05, 7.29995],
			"to": [8.75415, 12.45, 8.69995],
			"rotation": {"angle": 0, "axis": "y", "origin": [8.02705, -20.49995, 7.9729]},
			"faces": {
				"north": {"uv": [0, 7, 7, 9], "rotation": 90, "texture": "#1"},
				"east": {"uv": [0, 4, 7, 6], "rotation": 90, "texture": "#1"},
				"south": {"uv": [0, 4, 7, 6], "rotation": 90, "texture": "#1"},
				"west": {"uv": [0, 5, 7, 7], "rotation": 90, "texture": "#1"},
				"up": {"uv": [0, 4, 7, 6], "rotation": 90, "texture": "#1"},
				"down": {"uv": [0, 4, 7, 6], "rotation": 90, "texture": "#1"}
			}
		},
		{
			"from": [7.35415, -12.95, 7.29995],
			"to": [8.75415, -1.55, 8.69995],
			"rotation": {"angle": 0, "axis": "y", "origin": [8.02705, -20.49995, 7.9729]},
			"faces": {
				"north": {"uv": [0, 7, 12, 9], "rotation": 90, "texture": "#1"},
				"east": {"uv": [0, 4, 12, 6], "rotation": 90, "texture": "#1"},
				"south": {"uv": [0, 5, 12, 7], "rotation": 90, "texture": "#1"},
				"west": {"uv": [0, 6, 12, 8], "rotation": 90, "texture": "#1"},
				"up": {"uv": [0, 4, 7, 6], "rotation": 90, "texture": "#1"},
				"down": {"uv": [0, 4, 7, 6], "rotation": 90, "texture": "#1"}
			}
		},
		{
			"from": [7.15354, 17.60681, 7.01028],
			"to": [9.15354, 19.60681, 8.81028],
			"rotation": {"angle": 45, "axis": "y", "origin": [7.856, 18.28631, 8.01834]},
			"faces": {
				"north": {"uv": [3, 13, 7, 16], "rotation": 90, "texture": "#1"},
				"east": {"uv": [3, 13, 7, 16], "rotation": 90, "texture": "#1"},
				"south": {"uv": [3, 13, 7, 16], "rotation": 90, "texture": "#1"},
				"west": {"uv": [3, 13, 7, 16], "rotation": 90, "texture": "#1"},
				"up": {"uv": [3, 13, 7, 16], "rotation": 90, "texture": "#1"},
				"down": {"uv": [3, 13, 7, 16], "rotation": 90, "texture": "#1"}
			}
		},
		{
			"from": [7.99214, 14.85681, 3.79432],
			"to": [8.00214, 22.85681, 11.79432],
			"rotation": {"angle": 0, "axis": "y", "origin": [8.02326, 18.60721, 7.81279]},
			"faces": {
				"east": {"uv": [0, 0, 16, 16], "rotation": 90, "texture": "#0"},
				"west": {"uv": [16, 0, 0, 16], "rotation": 90, "texture": "#0"}
			}
		},
		{
			"from": [3.95884, 14.85681, 7.789],
			"to": [11.95884, 22.85681, 7.799],
			"rotation": {"angle": 0, "axis": "y", "origin": [7.97783, 18.85713, 7.81331]},
			"faces": {
				"north": {"uv": [0, 0, 16, 16], "texture": "#0"},
				"south": {"uv": [16, 0, 0, 16], "rotation": 180, "texture": "#0"}
			}
		},
		{
			"from": [7.40354, 16.35681, 7.51028],
			"to": [8.40354, 17.35681, 8.51028],
			"rotation": {"angle": 45, "axis": "y", "origin": [7.856, 18.28631, 8.01834]},
			"faces": {
				"north": {"uv": [0, 9, 2, 11], "rotation": 90, "texture": "#1"},
				"east": {"uv": [0, 9, 2, 11], "rotation": 90, "texture": "#1"},
				"south": {"uv": [0, 9, 2, 11], "rotation": 90, "texture": "#1"},
				"west": {"uv": [0, 9, 2, 11], "rotation": 90, "texture": "#1"},
				"up": {"uv": [0, 9, 2, 11], "rotation": 90, "texture": "#1"},
				"down": {"uv": [0, 9, 2, 11], "rotation": 90, "texture": "#1"}
			}
		},
		{
			"from": [6.6148, 19.81563, 7.51028],
			"to": [7.6148, 20.81563, 8.51028],
			"rotation": {"angle": 45, "axis": "y", "origin": [7.856, 18.28631, 8.01834]},
			"faces": {
				"north": {"uv": [0, 9, 2, 11], "texture": "#1"},
				"east": {"uv": [0, 9, 2, 11], "rotation": 180, "texture": "#1"},
				"south": {"uv": [0, 9, 2, 11], "rotation": 180, "texture": "#1"},
				"west": {"uv": [0, 9, 2, 11], "rotation": 180, "texture": "#1"},
				"up": {"uv": [0, 9, 2, 11], "rotation": 180, "texture": "#1"},
				"down": {"uv": [0, 9, 2, 11], "rotation": 180, "texture": "#1"}
			}
		},
		{
			"from": [7.6148, 17.81563, 9.01028],
			"to": [8.6148, 18.81563, 10.01028],
			"rotation": {"angle": 45, "axis": "y", "origin": [7.856, 18.28631, 8.01834]},
			"faces": {
				"north": {"uv": [0, 9, 2, 11], "texture": "#1"},
				"east": {"uv": [0, 9, 2, 11], "rotation": 180, "texture": "#1"},
				"south": {"uv": [0, 9, 2, 11], "rotation": 180, "texture": "#1"},
				"west": {"uv": [0, 9, 2, 11], "rotation": 180, "texture": "#1"},
				"up": {"uv": [0, 9, 2, 11], "rotation": 180, "texture": "#1"},
				"down": {"uv": [0, 9, 2, 11], "rotation": 180, "texture": "#1"}
			}
		},
		{
			"from": [8.90354, 17.10681, 7.51028],
			"to": [9.90354, 18.10681, 8.51028],
			"rotation": {"angle": 45, "axis": "y", "origin": [7.856, 18.28631, 8.01834]},
			"faces": {
				"north": {"uv": [0, 9, 2, 11], "rotation": 90, "texture": "#1"},
				"east": {"uv": [0, 9, 2, 11], "rotation": 90, "texture": "#1"},
				"south": {"uv": [0, 9, 2, 11], "rotation": 90, "texture": "#1"},
				"west": {"uv": [0, 9, 2, 11], "rotation": 90, "texture": "#1"},
				"up": {"uv": [0, 9, 2, 11], "rotation": 90, "texture": "#1"},
				"down": {"uv": [0, 9, 2, 11], "rotation": 90, "texture": "#1"}
			}
		},
		{
			"from": [6.01552, 19.08782, 6.71836],
			"to": [7.01552, 20.08782, 7.71836],
			"rotation": {"angle": 45, "axis": "y", "origin": [6.76616, 18.70771, 6.26746]},
			"faces": {
				"north": {"uv": [0, 9, 2, 11], "texture": "#1"},
				"east": {"uv": [0, 9, 2, 11], "rotation": 180, "texture": "#1"},
				"south": {"uv": [0, 9, 2, 11], "texture": "#1"},
				"west": {"uv": [0, 9, 2, 11], "texture": "#1"},
				"up": {"uv": [0, 9, 2, 11], "rotation": 90, "texture": "#1"},
				"down": {"uv": [0, 9, 2, 11], "rotation": 270, "texture": "#1"}
			}
		},
		{
			"from": [9.50354, 18.00681, 7.71028],
			"to": [10.10354, 18.60681, 8.31028],
			"rotation": {"angle": 45, "axis": "y", "origin": [7.856, 18.28631, 8.01834]},
			"faces": {
				"north": {"uv": [3, 13, 4, 14], "rotation": 90, "texture": "#1"},
				"east": {"uv": [3, 13, 4, 14], "rotation": 90, "texture": "#1"},
				"south": {"uv": [3, 13, 4, 14], "rotation": 90, "texture": "#1"},
				"west": {"uv": [3, 13, 4, 14], "rotation": 90, "texture": "#1"},
				"up": {"uv": [3, 13, 4, 14], "rotation": 90, "texture": "#1"},
				"down": {"uv": [3, 13, 4, 14], "rotation": 90, "texture": "#1"}
			}
		},
		{
			"from": [6.21552, 19.68782, 6.21836],
			"to": [6.81552, 20.28782, 6.81836],
			"rotation": {"angle": 45, "axis": "y", "origin": [6.76616, 18.70771, 6.26746]},
			"faces": {
				"north": {"uv": [3, 13, 4, 14], "texture": "#1"},
				"east": {"uv": [3, 13, 4, 14], "rotation": 180, "texture": "#1"},
				"south": {"uv": [3, 13, 4, 14], "texture": "#1"},
				"west": {"uv": [3, 13, 4, 14], "texture": "#1"},
				"up": {"uv": [3, 13, 4, 14], "rotation": 90, "texture": "#1"},
				"down": {"uv": [3, 13, 4, 14], "rotation": 270, "texture": "#1"}
			}
		},
		{
			"from": [8.25354, 16.00681, 7.71028],
			"to": [8.85354, 16.60681, 8.31028],
			"rotation": {"angle": 45, "axis": "y", "origin": [7.856, 18.28631, 8.01834]},
			"faces": {
				"north": {"uv": [3, 13, 4, 14], "rotation": 90, "texture": "#1"},
				"east": {"uv": [3, 13, 4, 14], "rotation": 90, "texture": "#1"},
				"south": {"uv": [3, 13, 4, 14], "rotation": 90, "texture": "#1"},
				"west": {"uv": [3, 13, 4, 14], "rotation": 90, "texture": "#1"},
				"up": {"uv": [3, 13, 4, 14], "rotation": 90, "texture": "#1"},
				"down": {"uv": [3, 13, 4, 14], "rotation": 90, "texture": "#1"}
			}
		},
		{
			"from": [6.2648, 19.36563, 7.71028],
			"to": [6.8648, 19.96563, 8.31028],
			"rotation": {"angle": 45, "axis": "y", "origin": [7.856, 18.28631, 8.01834]},
			"faces": {
				"north": {"uv": [3, 13, 4, 14], "texture": "#1"},
				"east": {"uv": [3, 13, 4, 14], "rotation": 180, "texture": "#1"},
				"south": {"uv": [3, 13, 4, 14], "rotation": 180, "texture": "#1"},
				"west": {"uv": [3, 13, 4, 14], "rotation": 180, "texture": "#1"},
				"up": {"uv": [3, 13, 4, 14], "rotation": 180, "texture": "#1"},
				"down": {"uv": [3, 13, 4, 14], "rotation": 180, "texture": "#1"}
			}
		},
		{
			"from": [6.90354, 15.60681, 7.71028],
			"to": [7.50354, 16.20681, 8.31028],
			"rotation": {"angle": 45, "axis": "y", "origin": [7.856, 18.28631, 8.01834]},
			"faces": {
				"north": {"uv": [3, 13, 4, 14], "rotation": 90, "texture": "#1"},
				"east": {"uv": [3, 13, 4, 14], "rotation": 90, "texture": "#1"},
				"south": {"uv": [3, 13, 4, 14], "rotation": 90, "texture": "#1"},
				"west": {"uv": [3, 13, 4, 14], "rotation": 90, "texture": "#1"},
				"up": {"uv": [3, 13, 4, 14], "rotation": 90, "texture": "#1"},
				"down": {"uv": [3, 13, 4, 14], "rotation": 90, "texture": "#1"}
			}
		},
		{
			"from": [5.8648, 20.71563, 7.71028],
			"to": [6.4648, 21.31563, 8.31028],
			"rotation": {"angle": 45, "axis": "y", "origin": [7.856, 18.28631, 8.01834]},
			"faces": {
				"north": {"uv": [3, 13, 4, 14], "texture": "#1"},
				"east": {"uv": [3, 13, 4, 14], "rotation": 180, "texture": "#1"},
				"south": {"uv": [3, 13, 4, 14], "rotation": 180, "texture": "#1"},
				"west": {"uv": [3, 13, 4, 14], "rotation": 180, "texture": "#1"},
				"up": {"uv": [3, 13, 4, 14], "rotation": 180, "texture": "#1"},
				"down": {"uv": [3, 13, 4, 14], "rotation": 180, "texture": "#1"}
			}
		}
	],
		"display": {
		"thirdperson": {
			"rotation": [0, 90, -90],
			"translation": [0, 0.5, -4],
			"scale": [1.4, 1.4, 1.4]
		},
		"firstperson": {
			"rotation": [0, -135, 15],
			"translation": [6, 6, 2],
			"scale": [1.8, 1.8, 1.8]
		},
		"ground": {
			"rotation": [0, 0, 0],
			"translation": [0, 5, 0],
			"scale": [2, 2, 2]
		},
		"gui": {
			"rotation": [50, -45, -40],
			"translation": [1.7, 2, 0],
			"scale": [1.2, 1, 1.2]
		},
		"head": {
			"rotation": [0, 0, 0],
			"translation": [0, 0, 0],
			"scale": [1, 1, 1]
		},
		"fixed": {
			"rotation": [0, 0, 0],
			"translation": [0, 0, 0],
			"scale": [2, 2, 2]
		}
	}
}