{
	"credit": "Made with Blockbench",
	"textures": {
		"0": "skins/midas",
		"particle": "skins/midas"
	},
	"elements": [
		{
			"from": [8.37078, 3.36, 7.88262],
			"to": [8.65078, 17.64, 8.16262],
			"rotation": {"angle": 0, "axis": "y", "origin": [7.9947, 15.05798, 8.02792]},
			"faces": {
				"north": {"uv": [0, 11, 9, 12], "rotation": 90, "texture": "#0"},
				"east": {"uv": [0, 11, 9, 12], "rotation": 90, "texture": "#0"},
				"south": {"uv": [0, 11, 9, 12], "rotation": 90, "texture": "#0"},
				"west": {"uv": [0, 11, 9, 12], "rotation": 90, "texture": "#0"},
				"up": {"uv": [0, 11, 9, 12], "rotation": 90, "texture": "#0"},
				"down": {"uv": [0, 11, 9, 12], "rotation": 90, "texture": "#0"}
			}
		},
		{
			"from": [7.32678, 3.36, 7.88262],
			"to": [7.60678, 17.64, 8.16262],
			"rotation": {"angle": 0, "axis": "y", "origin": [7.9947, 15.05798, 8.02792]},
			"faces": {
				"north": {"uv": [0, 11, 9, 12], "rotation": 90, "texture": "#0"},
				"east": {"uv": [0, 11, 9, 12], "rotation": 90, "texture": "#0"},
				"south": {"uv": [0, 11, 9, 12], "rotation": 90, "texture": "#0"},
				"west": {"uv": [0, 11, 9, 12], "rotation": 90, "texture": "#0"},
				"up": {"uv": [0, 11, 9, 12], "rotation": 90, "texture": "#0"},
				"down": {"uv": [0, 11, 9, 12], "rotation": 90, "texture": "#0"}
			}
		},
		{
			"from": [7.55491, 17.47633, 7.88762],
			"to": [7.82491, 18.74633, 8.15762],
			"rotation": {"angle": -22.5, "axis": "z", "origin": [7.67754, 18.11073, 8.03559]},
			"faces": {
				"north": {"uv": [0, 13, 1.27, 13.27], "rotation": 90, "texture": "#0"},
				"east": {"uv": [0, 13, 1.27, 13.27], "rotation": 90, "texture": "#0"},
				"south": {"uv": [0, 13, 1.27, 13.27], "rotation": 90, "texture": "#0"},
				"west": {"uv": [0, 13, 1.27, 13.27], "rotation": 90, "texture": "#0"},
				"up": {"uv": [0, 13, 1.27, 13.27], "rotation": 90, "texture": "#0"},
				"down": {"uv": [0, 13, 1.27, 13.27], "rotation": 90, "texture": "#0"}
			}
		},
		{
			"from": [8.15495, 17.48578, 7.88762],
			"to": [8.42495, 18.75578, 8.15762],
			"rotation": {"angle": 22.5, "axis": "z", "origin": [8.27756, 18.12122, 8.03456]},
			"faces": {
				"north": {"uv": [0, 13, 1.27, 13.27], "rotation": 90, "texture": "#0"},
				"east": {"uv": [0, 13, 1.27, 13.27], "rotation": 90, "texture": "#0"},
				"south": {"uv": [0, 13, 1.27, 13.27], "rotation": 90, "texture": "#0"},
				"west": {"uv": [0, 13, 1.27, 13.27], "rotation": 90, "texture": "#0"},
				"up": {"uv": [0, 13, 1.27, 13.27], "rotation": 90, "texture": "#0"},
				"down": {"uv": [0, 13, 1.27, 13.27], "rotation": 90, "texture": "#0"}
			}
		},
		{
			"from": [7.4, -4.1, 7.4],
			"to": [8.6, 1.1, 8.6],
			"rotation": {"angle": 0, "axis": "y", "origin": [15, 3.5, 15]},
			"faces": {
				"north": {"uv": [13, 0, 15, 9], "texture": "#0"},
				"east": {"uv": [13, 0, 15, 9], "texture": "#0"},
				"south": {"uv": [12, 0, 14, 9], "texture": "#0"},
				"west": {"uv": [14, 0, 16, 9], "texture": "#0"},
				"up": {"uv": [12, 0, 14, 9], "texture": "#0"},
				"down": {"uv": [12, 0, 14, 9], "texture": "#0"}
			}
		},
		{
			"from": [8.5, 1.4, 7.5],
			"to": [10.5, 2, 8.5],
			"rotation": {"angle": 22.5, "axis": "z", "origin": [9.01134, 1.40002, 7.98864]},
			"faces": {
				"north": {"uv": [0, 7, 8, 8], "texture": "#0"},
				"east": {"uv": [0, 7, 8, 8], "texture": "#0"},
				"south": {"uv": [0, 7, 8, 8], "texture": "#0"},
				"west": {"uv": [0, 7, 8, 8], "texture": "#0"},
				"up": {"uv": [0, 7, 8, 8], "texture": "#0"},
				"down": {"uv": [0, 7, 8, 8], "rotation": 180, "texture": "#0"}
			}
		},
		{
			"from": [6.80813, -4.56179, 7.5],
			"to": [7.80813, -3.96179, 8.5],
			"rotation": {"angle": 22.5, "axis": "z", "origin": [8.01103, -4.85142, 7.98942]},
			"faces": {
				"north": {"uv": [0, 7, 8, 8], "rotation": 180, "texture": "#0"},
				"east": {"uv": [0, 7, 8, 8], "rotation": 180, "texture": "#0"},
				"south": {"uv": [0, 7, 8, 8], "rotation": 180, "texture": "#0"},
				"west": {"uv": [0, 7, 8, 8], "rotation": 180, "texture": "#0"},
				"up": {"uv": [0, 7, 8, 8], "rotation": 180, "texture": "#0"},
				"down": {"uv": [0, 7, 8, 8], "rotation": 180, "texture": "#0"}
			}
		},
		{
			"from": [7.85, 1.55, 7.35],
			"to": [10.15, 2.45, 8.65],
			"rotation": {"angle": 22.5, "axis": "z", "origin": [9.01134, 1.70002, 7.98864]},
			"faces": {
				"north": {"uv": [0, 9, 6, 7], "texture": "#0"},
				"east": {"uv": [0, 7, 8, 8], "rotation": 180, "texture": "#0"},
				"south": {"uv": [0, 7, 6, 9], "rotation": 180, "texture": "#0"},
				"west": {"uv": [0, 7, 8, 8], "rotation": 180, "texture": "#0"},
				"up": {"uv": [0, 7, 8, 8], "rotation": 180, "texture": "#0"},
				"down": {"uv": [0, 7, 8, 8], "rotation": 180, "texture": "#0"}
			}
		},
		{
			"from": [6.64787, -5.07024, 7.2],
			"to": [8.24787, -4.27024, 8.8],
			"rotation": {"angle": 22.5, "axis": "z", "origin": [8.01103, -4.85142, 7.98942]},
			"faces": {
				"north": {"uv": [0, 7, 7, 8], "rotation": 180, "texture": "#0"},
				"east": {"uv": [0, 7, 8, 8], "rotation": 180, "texture": "#0"},
				"south": {"uv": [0, 7, 7, 8], "texture": "#0"},
				"west": {"uv": [0, 7, 8, 8], "rotation": 180, "texture": "#0"},
				"up": {"uv": [0, 7, 8, 8], "rotation": 180, "texture": "#0"},
				"down": {"uv": [0, 7, 8, 8], "rotation": 180, "texture": "#0"}
			}
		},
		{
			"from": [7.76927, -5.07711, 7.19998],
			"to": [9.36927, -4.27711, 8.79998],
			"rotation": {"angle": -22.5, "axis": "z", "origin": [8.02232, -4.84908, 7.9794]},
			"faces": {
				"north": {"uv": [0, 7, 7, 8], "texture": "#0"},
				"east": {"uv": [0, 7, 8, 8], "rotation": 180, "texture": "#0"},
				"south": {"uv": [0, 7, 7, 8], "rotation": 180, "texture": "#0"},
				"west": {"uv": [0, 7, 8, 8], "rotation": 180, "texture": "#0"},
				"up": {"uv": [0, 7, 8, 8], "rotation": 180, "texture": "#0"},
				"down": {"uv": [0, 7, 8, 8], "rotation": 180, "texture": "#0"}
			}
		},
		{
			"from": [7.32206, -6.15319, 7.3],
			"to": [8.72206, -4.75319, 8.7],
			"rotation": {"angle": 45, "axis": "z", "origin": [8.04572, -5.45311, 7.97627]},
			"faces": {
				"north": {"uv": [0, 7, 8, 8], "rotation": 180, "texture": "#0"},
				"east": {"uv": [0, 7, 8, 8], "rotation": 180, "texture": "#0"},
				"south": {"uv": [0, 7, 8, 8], "rotation": 180, "texture": "#0"},
				"west": {"uv": [0, 7, 8, 8], "rotation": 180, "texture": "#0"},
				"up": {"uv": [0, 7, 8, 8], "rotation": 180, "texture": "#0"},
				"down": {"uv": [0, 7, 8, 8], "rotation": 180, "texture": "#0"}
			}
		},
		{
			"from": [7.52206, -5.95319, 7.25],
			"to": [8.52206, -4.95319, 8.75],
			"rotation": {"angle": 45, "axis": "z", "origin": [8.04572, -5.45311, 7.72627]},
			"faces": {
				"north": {"uv": [10, 10, 16, 16], "rotation": 180, "texture": "#0"},
				"east": {"uv": [11, 11, 15, 15], "rotation": 180, "texture": "#0"},
				"south": {"uv": [10, 10, 16, 16], "rotation": 270, "texture": "#0"},
				"west": {"uv": [11, 11, 15, 15], "rotation": 180, "texture": "#0"},
				"up": {"uv": [11, 11, 15, 15], "rotation": 180, "texture": "#0"},
				"down": {"uv": [11, 11, 15, 15], "rotation": 180, "texture": "#0"}
			}
		},
		{
			"from": [7.51206, 2.03681, 7.24],
			"to": [8.73206, 3.25681, 8.76],
			"rotation": {"angle": 45, "axis": "z", "origin": [8.04572, 2.54689, 7.72627]},
			"faces": {
				"north": {"uv": [10, 10, 16, 16], "texture": "#0"},
				"east": {"uv": [10, 10, 11, 16], "texture": "#0"},
				"south": {"uv": [10, 10, 16, 16], "rotation": 90, "texture": "#0"},
				"west": {"uv": [15, 10, 16, 16], "texture": "#0"},
				"up": {"uv": [10, 10, 11, 16], "rotation": 90, "texture": "#0"},
				"down": {"uv": [10, 15, 16, 16], "texture": "#0"}
			}
		},
		{
			"from": [7.53206, 1.55681, 7.36],
			"to": [9.26206, 3.28681, 8.64],
			"rotation": {"angle": 45, "axis": "z", "origin": [8.04572, 2.04689, 7.82627]},
			"faces": {
				"north": {"uv": [0, 5, 4, 9], "texture": "#0"},
				"east": {"uv": [0, 5, 4, 9], "texture": "#0"},
				"south": {"uv": [0, 5, 4, 9], "texture": "#0"},
				"west": {"uv": [0, 5, 4, 9], "texture": "#0"},
				"up": {"uv": [0, 5, 4, 9], "texture": "#0"},
				"down": {"uv": [0, 5, 4, 9], "texture": "#0"}
			}
		},
		{
			"from": [5.89463, 1.57233, 7.35015],
			"to": [8.19463, 2.47233, 8.65015],
			"rotation": {"angle": -22.5, "axis": "z", "origin": [6.95529, 1.81975, 7.98761]},
			"faces": {
				"north": {"uv": [0, 7, 6, 9], "rotation": 180, "texture": "#0"},
				"east": {"uv": [0, 7, 8, 8], "texture": "#0"},
				"south": {"uv": [0, 9, 6, 7], "texture": "#0"},
				"west": {"uv": [0, 7, 8, 8], "texture": "#0"},
				"up": {"uv": [0, 7, 8, 8], "texture": "#0"},
				"down": {"uv": [0, 7, 8, 8], "texture": "#0"}
			}
		},
		{
			"from": [7.31, 1.10253, 7.31],
			"to": [8.69, 1.68253, 8.69],
			"rotation": {"angle": 0, "axis": "z", "origin": [7.97397, 1.38975, 7.98694]},
			"faces": {
				"north": {"uv": [0, 7, 1.38, 7.58], "texture": "#0"},
				"east": {"uv": [0, 7, 1.38, 7.58], "texture": "#0"},
				"south": {"uv": [0, 7, 1.38, 7.58], "texture": "#0"},
				"west": {"uv": [0, 7, 1.38, 7.58], "texture": "#0"},
				"up": {"uv": [0, 7, 1.38, 7.58], "texture": "#0"},
				"down": {"uv": [0, 7, 1.38, 7.58], "texture": "#0"}
			}
		},
		{
			"from": [7.33206, -4.58536, 7.31],
			"to": [8.71206, -4.00536, 8.69],
			"rotation": {"angle": 0, "axis": "z", "origin": [8.01103, -4.85142, 7.98942]},
			"faces": {
				"north": {"uv": [0, 7, 8, 8], "rotation": 180, "texture": "#0"},
				"east": {"uv": [0, 7, 8, 8], "rotation": 180, "texture": "#0"},
				"south": {"uv": [0, 7, 8, 8], "rotation": 180, "texture": "#0"},
				"west": {"uv": [0, 7, 8, 8], "rotation": 180, "texture": "#0"},
				"up": {"uv": [0, 7, 8, 8], "rotation": 180, "texture": "#0"},
				"down": {"uv": [0, 7, 8, 8], "rotation": 180, "texture": "#0"}
			}
		},
		{
			"from": [5.50106, 1.40014, 7.5],
			"to": [7.50106, 2.00014, 8.5],
			"rotation": {"angle": -22.5, "axis": "z", "origin": [7.01222, 1.39743, 7.98688]},
			"faces": {
				"north": {"uv": [0, 7, 8, 8], "texture": "#0"},
				"east": {"uv": [0, 7, 8, 8], "texture": "#0"},
				"south": {"uv": [0, 7, 8, 8], "texture": "#0"},
				"west": {"uv": [0, 7, 8, 8], "texture": "#0"},
				"up": {"uv": [0, 7, 8, 8], "texture": "#0"},
				"down": {"uv": [0, 7, 8, 8], "texture": "#0"}
			}
		},
		{
			"from": [5.15474, 2.11517, 7.50116],
			"to": [6.15474, 3.11517, 8.50116],
			"rotation": {"angle": 45, "axis": "z", "origin": [5.55203, 2.60401, 7.98804]},
			"faces": {
				"north": {"uv": [0, 7, 1, 8], "rotation": 270, "texture": "#0"},
				"east": {"uv": [0, 7, 1, 8], "rotation": 270, "texture": "#0"},
				"south": {"uv": [0, 7, 1, 8], "rotation": 270, "texture": "#0"},
				"west": {"uv": [0, 7, 1, 8], "rotation": 270, "texture": "#0"},
				"up": {"uv": [0, 7, 1, 8], "rotation": 270, "texture": "#0"},
				"down": {"uv": [0, 7, 1, 8], "rotation": 270, "texture": "#0"}
			}
		},
		{
			"from": [10.29119, 2.17291, 7.49926],
			"to": [11.29119, 3.17291, 8.49926],
			"rotation": {"angle": -45, "axis": "z", "origin": [10.59477, 3.16408, 7.99419]},
			"faces": {
				"north": {"uv": [0, 7, 1, 8], "rotation": 270, "texture": "#0"},
				"east": {"uv": [0, 7, 1, 8], "rotation": 270, "texture": "#0"},
				"south": {"uv": [0, 7, 1, 8], "rotation": 270, "texture": "#0"},
				"west": {"uv": [0, 7, 1, 8], "rotation": 270, "texture": "#0"},
				"up": {"uv": [0, 7, 1, 8], "rotation": 270, "texture": "#0"},
				"down": {"uv": [0, 7, 1, 8], "rotation": 270, "texture": "#0"}
			}
		},
		{
			"from": [8.23406, -4.5627, 7.5],
			"to": [9.23406, -3.9627, 8.5],
			"rotation": {"angle": -22.5, "axis": "z", "origin": [8.01103, -4.85142, 7.98942]},
			"faces": {
				"north": {"uv": [0, 7, 8, 8], "rotation": 180, "texture": "#0"},
				"east": {"uv": [0, 7, 8, 8], "rotation": 180, "texture": "#0"},
				"south": {"uv": [0, 7, 8, 8], "rotation": 180, "texture": "#0"},
				"west": {"uv": [0, 7, 8, 8], "rotation": 180, "texture": "#0"},
				"up": {"uv": [0, 7, 8, 8], "rotation": 180, "texture": "#0"},
				"down": {"uv": [0, 7, 8, 8], "rotation": 180, "texture": "#0"}
			}
		},
		{
			"from": [7.70427, 4.80137, 7.651],
			"to": [8.41227, 5.50937, 8.349],
			"rotation": {"angle": -45, "axis": "z", "origin": [8.1865, 5.27717, 8.17539]},
			"faces": {
				"north": {"uv": [4, 11, 4.71, 11.71], "rotation": 90, "texture": "#0"},
				"east": {"uv": [4, 11, 4.71, 11.71], "rotation": 90, "texture": "#0"},
				"south": {"uv": [4, 11, 4.71, 11.71], "rotation": 90, "texture": "#0"},
				"west": {"uv": [4, 11, 4.71, 11.71], "rotation": 90, "texture": "#0"},
				"up": {"uv": [4, 11, 4.71, 11.71], "rotation": 90, "texture": "#0"},
				"down": {"uv": [4, 11, 4.71, 11.71], "rotation": 90, "texture": "#0"}
			}
		},
		{
			"from": [7.51175, 3.28167, 7.65],
			"to": [8.51175, 5.28167, 8.35],
			"rotation": {"angle": 0, "axis": "z", "origin": [8.01693, 3.78689, 8.19262]},
			"faces": {
				"north": {"uv": [5, 9, 9, 11], "rotation": 90, "texture": "#0"},
				"east": {"uv": [5, 9, 9, 11], "rotation": 90, "texture": "#0"},
				"south": {"uv": [5, 9, 9, 11], "rotation": 90, "texture": "#0"},
				"west": {"uv": [5, 9, 9, 11], "rotation": 90, "texture": "#0"},
				"up": {"uv": [5, 9, 9, 11], "rotation": 90, "texture": "#0"},
				"down": {"uv": [5, 9, 9, 11], "rotation": 90, "texture": "#0"}
			}
		},
		{
			"from": [6.45, 2.45, 7.95],
			"to": [9.55, 17.55, 8.05],
			"rotation": {"angle": 0, "axis": "y", "origin": [14, 10, 15.5]},
			"faces": {
				"north": {"uv": [0, 0, 8, 1], "rotation": 90, "texture": "#0"},
				"east": {"uv": [0, 0, 8, 1], "rotation": 90, "texture": "#0"},
				"south": {"uv": [0, 0, 8, 1], "rotation": 90, "texture": "#0"},
				"west": {"uv": [0, 0, 8, 1], "rotation": 90, "texture": "#0"},
				"up": {"uv": [0, 0, 8, 1], "rotation": 90, "texture": "#0"},
				"down": {"uv": [0, 0, 8, 1], "rotation": 90, "texture": "#0"}
			}
		},
		{
			"from": [6.9, 2.4, 7.9],
			"to": [9.1, 17.6, 8.1],
			"rotation": {"angle": 0, "axis": "y", "origin": [14.5, 10, 15.5]},
			"faces": {
				"north": {"uv": [0, 5, 12, 8], "rotation": 90, "texture": "#0"},
				"east": {"uv": [0, 5, 12, 8], "rotation": 90, "texture": "#0"},
				"south": {"uv": [0, 5, 12, 8], "rotation": 90, "texture": "#0"},
				"west": {"uv": [0, 5, 12, 8], "rotation": 90, "texture": "#0"},
				"up": {"uv": [0, 5, 12, 8], "rotation": 90, "texture": "#0"},
				"down": {"uv": [0, 5, 12, 8], "rotation": 90, "texture": "#0"}
			}
		},
		{
			"from": [6.5, 19.45, 7.9],
			"to": [7.1, 20.05, 8.1],
			"rotation": {"angle": 45, "axis": "z", "origin": [7.97993, 20.94996, 8.42011]},
			"faces": {
				"north": {"uv": [0, 7, 0.6, 7.6], "texture": "#0"},
				"east": {"uv": [0, 7, 8, 8], "texture": "#0"},
				"south": {"uv": [0, 7, 0.6, 7.6], "texture": "#0"},
				"west": {"uv": [0, 7, 8, 8], "texture": "#0"},
				"up": {"uv": [0, 7, 8, 8], "texture": "#0"},
				"down": {"uv": [0, 7, 8, 8], "texture": "#0"}
			}
		},
		{
			"from": [6.55686, 19.72741, 7.94967],
			"to": [7.43686, 20.60741, 8.02967],
			"rotation": {"angle": 45, "axis": "z", "origin": [7.97679, 21.16738, 8.40977]},
			"faces": {
				"north": {"uv": [0, 0, 8, 1], "texture": "#0"},
				"east": {"uv": [0, 0, 8, 1], "texture": "#0"},
				"south": {"uv": [0, 0, 8, 1], "texture": "#0"},
				"west": {"uv": [0, 0, 8, 1], "texture": "#0"},
				"up": {"uv": [0, 0, 8, 1], "texture": "#0"},
				"down": {"uv": [0, 0, 8, 1], "texture": "#0"}
			}
		},
		{
			"from": [7.24121, 17.33934, 7.89891],
			"to": [8.24121, 19.13934, 8.09891],
			"rotation": {"angle": -22.5, "axis": "z", "origin": [7.72778, 18.32672, 8.01675]},
			"faces": {
				"north": {"uv": [0, 7, 1.8, 8], "rotation": 90, "texture": "#0"},
				"east": {"uv": [0, 7, 8, 8], "rotation": 90, "texture": "#0"},
				"south": {"uv": [0, 7, 1.8, 8], "rotation": 90, "texture": "#0"},
				"west": {"uv": [0, 7, 8, 8], "rotation": 90, "texture": "#0"},
				"up": {"uv": [0, 7, 8, 8], "rotation": 90, "texture": "#0"},
				"down": {"uv": [0, 7, 8, 8], "rotation": 90, "texture": "#0"}
			}
		},
		{
			"from": [6.77563, 17.31164, 7.9498],
			"to": [7.67563, 19.71164, 8.0498],
			"rotation": {"angle": -22.5, "axis": "z", "origin": [7.21219, 18.24902, 8.01765]},
			"faces": {
				"north": {"uv": [0, 0, 8, 1], "rotation": 90, "texture": "#0"},
				"east": {"uv": [0, 0, 8, 1], "rotation": 90, "texture": "#0"},
				"south": {"uv": [0, 0, 8, 1], "rotation": 90, "texture": "#0"},
				"west": {"uv": [0, 0, 8, 1], "rotation": 90, "texture": "#0"},
				"up": {"uv": [0, 0, 8, 1], "rotation": 90, "texture": "#0"},
				"down": {"uv": [0, 0, 8, 1], "rotation": 90, "texture": "#0"}
			}
		},
		{
			"from": [8.22941, 17.28664, 7.94413],
			"to": [9.12941, 19.68664, 8.04413],
			"rotation": {"angle": 22.5, "axis": "z", "origin": [8.66296, 18.47852, 8.01364]},
			"faces": {
				"north": {"uv": [0, 0, 8, 1], "rotation": 90, "texture": "#0"},
				"east": {"uv": [0, 0, 8, 1], "rotation": 90, "texture": "#0"},
				"south": {"uv": [0, 0, 8, 1], "rotation": 90, "texture": "#0"},
				"west": {"uv": [0, 0, 8, 1], "rotation": 90, "texture": "#0"},
				"up": {"uv": [0, 0, 8, 1], "rotation": 90, "texture": "#0"},
				"down": {"uv": [0, 0, 8, 1], "rotation": 90, "texture": "#0"}
			}
		},
		{
			"from": [7.76121, 17.32769, 7.89733],
			"to": [8.76121, 19.12769, 8.09733],
			"rotation": {"angle": 22.5, "axis": "z", "origin": [8.24473, 18.32035, 8.01584]},
			"faces": {
				"north": {"uv": [0, 7, 1.8, 8], "rotation": 90, "texture": "#0"},
				"east": {"uv": [0, 7, 8, 8], "rotation": 90, "texture": "#0"},
				"south": {"uv": [0, 7, 1.8, 8], "rotation": 90, "texture": "#0"},
				"west": {"uv": [0, 7, 8, 8], "rotation": 90, "texture": "#0"},
				"up": {"uv": [0, 7, 8, 8], "rotation": 90, "texture": "#0"},
				"down": {"uv": [0, 7, 8, 8], "rotation": 90, "texture": "#0"}
			}
		}
	],
		"display": {
		"thirdperson": {
			"rotation": [0, 90, -90],
			"translation": [0, 0.5, -7],
			"scale": [1.4, 1.4, 1.4]
		},
		"firstperson": {
			"rotation": [0, -135, 0],
			"translation": [6, 10, 4],
			"scale": [1.8, 1.8, 1.8]
		},
		"ground": {
			"rotation": [0, 0, 0],
			"translation": [0, 5, 0],
			"scale": [2, 2, 2]
		},
		"gui": {
			"rotation": [50, -45, -40],
			"translation": [1.7, 2, 0],
			"scale": [1.2, 1, 1.2]
		},
		"head": {
			"rotation": [0, 0, 0],
			"translation": [0, 0, 0],
			"scale": [1, 1, 1]
		},
		"fixed": {
			"rotation": [0, 0, 0],
			"translation": [0, 0, 0],
			"scale": [2, 2, 2]
		}
	}
}