{
	"credit": "Made with Blockbench",
	"textures": {
		"0": "skins/necron",
		"particle": "skins/necron"
	},
	"elements": [
		{
			"from": [7.25, -11.1, 7.25],
			"to": [8.75, -10.6, 8.75],
			"rotation": {"angle": 0, "axis": "y", "origin": [15, -3.35, 1]},
			"faces": {
				"north": {"uv": [11.5, 3, 9.5, 4], "texture": "#0"},
				"east": {"uv": [11.5, 3, 9.5, 4], "texture": "#0"},
				"south": {"uv": [11.5, 3, 9.5, 4], "texture": "#0"},
				"west": {"uv": [11.5, 3, 9.5, 4], "texture": "#0"},
				"up": {"uv": [9.5, 4, 11.5, 3], "texture": "#0"},
				"down": {"uv": [9.5, 4, 11.5, 3], "texture": "#0"}
			}
		},
		{
			"from": [7.25, -8.1, 7.25],
			"to": [8.75, -7.6, 8.75],
			"rotation": {"angle": 0, "axis": "y", "origin": [15, -0.35, 1]},
			"faces": {
				"north": {"uv": [11.5, 3, 9.5, 4], "texture": "#0"},
				"east": {"uv": [11.5, 3, 9.5, 4], "texture": "#0"},
				"south": {"uv": [11.5, 3, 9.5, 4], "texture": "#0"},
				"west": {"uv": [11.5, 3, 9.5, 4], "texture": "#0"},
				"up": {"uv": [9.5, 4, 11.5, 3], "texture": "#0"},
				"down": {"uv": [9.5, 4, 11.5, 3], "texture": "#0"}
			}
		},
		{
			"from": [7.5, -11.6, 7.5],
			"to": [8.5, -5.6, 8.5],
			"rotation": {"angle": 0, "axis": "y", "origin": [15.5, -3.6, 0.5]},
			"faces": {
				"north": {"uv": [0, 1, 6, 0], "rotation": 90, "texture": "#0"},
				"east": {"uv": [0, 1, 6, 0], "rotation": 90, "texture": "#0"},
				"south": {"uv": [0, 1, 6, 0], "rotation": 90, "texture": "#0"},
				"west": {"uv": [0, 1, 6, 0], "rotation": 90, "texture": "#0"},
				"up": {"uv": [6, 0, 0, 1], "rotation": 90, "texture": "#0"},
				"down": {"uv": [6, 0, 0, 1], "rotation": 90, "texture": "#0"}
			}
		},
		{
			"from": [7.3, -9.55, 7.3],
			"to": [8.7, -9.15, 8.7],
			"rotation": {"angle": 0, "axis": "y", "origin": [15, -1.85, 1]},
			"faces": {
				"north": {"uv": [5.5, 9.5, 3.5, 10.5], "texture": "#0"},
				"east": {"uv": [5.5, 9.5, 3.5, 10.5], "texture": "#0"},
				"south": {"uv": [5.5, 9.5, 3.5, 10.5], "texture": "#0"},
				"west": {"uv": [5.5, 9.5, 3.5, 10.5], "texture": "#0"},
				"up": {"uv": [3, 10.5, 5, 8.5], "texture": "#0"},
				"down": {"uv": [3.5, 10.5, 5.5, 9.5], "texture": "#0"}
			}
		},
		{
			"from": [7.3, -10.3, 7.3],
			"to": [8.7, -9.9, 8.7],
			"rotation": {"angle": 0, "axis": "y", "origin": [15, -2.6, 1]},
			"faces": {
				"north": {"uv": [5.5, 9.5, 3.5, 10.5], "texture": "#0"},
				"east": {"uv": [5.5, 9.5, 3.5, 10.5], "texture": "#0"},
				"south": {"uv": [5.5, 9.5, 3.5, 10.5], "texture": "#0"},
				"west": {"uv": [5.5, 9.5, 3.5, 10.5], "texture": "#0"},
				"up": {"uv": [3, 10.5, 5, 8.5], "texture": "#0"},
				"down": {"uv": [3.5, 10.5, 5.5, 9.5], "texture": "#0"}
			}
		},
		{
			"from": [7.2, -7.4, 7.2],
			"to": [8.8, -5.8, 8.8],
			"rotation": {"angle": 0, "axis": "y", "origin": [15, 0.4, 1]},
			"faces": {
				"north": {"uv": [12.5, 8, 10.5, 10], "texture": "#0"},
				"east": {"uv": [12.5, 8, 10.5, 10], "texture": "#0"},
				"south": {"uv": [12.5, 8, 10.5, 10], "texture": "#0"},
				"west": {"uv": [12.5, 8, 10.5, 10], "texture": "#0"},
				"up": {"uv": [10.5, 10, 12.5, 8], "texture": "#0"},
				"down": {"uv": [10.5, 10, 12.5, 8], "texture": "#0"}
			}
		},
		{
			"from": [7.4, -12.8, 7.4],
			"to": [9.1, -11.1, 8.6],
			"rotation": {"angle": 45, "axis": "z", "origin": [8.00846, -12.19999, 8.00848]},
			"faces": {
				"north": {"uv": [12.5, 0, 11, 1.5], "texture": "#0"},
				"east": {"uv": [12.5, 0, 11.5, 1.5], "texture": "#0"},
				"south": {"uv": [11, 1.5, 12.5, 0], "rotation": 270, "texture": "#0"},
				"west": {"uv": [12.5, 1, 11.5, 2.5], "texture": "#0"},
				"up": {"uv": [12.5, 0, 11.5, 1.5], "rotation": 90, "texture": "#0"},
				"down": {"uv": [12.5, 1, 11.5, 2.5], "rotation": 90, "texture": "#0"}
			}
		},
		{
			"from": [7.1, 11.3, 7.6],
			"to": [9.4, 13.6, 8.4],
			"rotation": {"angle": 45, "axis": "z", "origin": [8.00846, 12.20001, 7.50848]},
			"faces": {
				"north": {"uv": [4.5, 1, 2, 3.5], "texture": "#0"},
				"east": {"uv": [6, 0.5, 5, 3], "texture": "#0"},
				"south": {"uv": [2, 3.5, 4.5, 1], "rotation": 270, "texture": "#0"},
				"west": {"uv": [2.5, 1, 2, 3.5], "texture": "#0"},
				"up": {"uv": [5, 3, 6, 0.5], "texture": "#0"},
				"down": {"uv": [2.5, 1, 2, 3.5], "rotation": 90, "texture": "#0"}
			}
		},
		{
			"from": [6.73907, 12.03331, 7.61189],
			"to": [7.76707, 14.81131, 8.38989],
			"rotation": {"angle": -22.5, "axis": "z", "origin": [7.87246, 13.16669, 7.99294]},
			"faces": {
				"north": {"uv": [5.5, 1, 6.75, 4], "texture": "#0"},
				"east": {"uv": [5.5, 1, 6.75, 4], "texture": "#0"},
				"south": {"uv": [6.75, 1, 5.5, 4], "texture": "#0"},
				"west": {"uv": [5.5, 1, 6.75, 4], "texture": "#0"},
				"up": {"uv": [6.75, 4, 5.5, 1], "texture": "#0"},
				"down": {"uv": [6.75, 4, 5.5, 1], "texture": "#0"}
			}
		},
		{
			"from": [8.09131, 12.30142, 7.61089],
			"to": [9.12131, 15.08142, 8.39089],
			"rotation": {"angle": 22.5, "axis": "z", "origin": [8.72263, 13.68645, 7.98969]},
			"faces": {
				"north": {"uv": [6.75, 1, 5.5, 4], "texture": "#0"},
				"east": {"uv": [6.75, 1, 5.5, 4], "texture": "#0"},
				"south": {"uv": [5.5, 1, 6.75, 4], "texture": "#0"},
				"west": {"uv": [6.75, 1, 5.5, 4], "texture": "#0"},
				"up": {"uv": [5.5, 4, 6.75, 1], "texture": "#0"},
				"down": {"uv": [5.5, 4, 6.75, 1], "texture": "#0"}
			}
		},
		{
			"from": [7.61935, 14.74651, 7.6198],
			"to": [8.37935, 15.50651, 8.3798],
			"rotation": {"angle": -45, "axis": "z", "origin": [7.99482, 15.11519, 7.98746]},
			"faces": {
				"north": {"uv": [5.5, 1.5, 6.5, 0.5], "rotation": 270, "texture": "#0"},
				"east": {"uv": [5.5, 1.5, 6.5, 0.5], "rotation": 270, "texture": "#0"},
				"south": {"uv": [5.5, 1.5, 6.5, 0.5], "rotation": 270, "texture": "#0"},
				"west": {"uv": [5.5, 1.5, 6.5, 0.5], "rotation": 270, "texture": "#0"},
				"up": {"uv": [6.5, 0.5, 5.5, 1.5], "rotation": 270, "texture": "#0"},
				"down": {"uv": [6.5, 0.5, 5.5, 1.5], "rotation": 270, "texture": "#0"}
			}
		},
		{
			"from": [8.2, -4.35, 7.85],
			"to": [10.3, -2.75, 8.15],
			"rotation": {"angle": 45, "axis": "z", "origin": [8.00846, -3.54999, 7.35848]},
			"faces": {
				"north": {"uv": [16, 14, 13.5, 16], "texture": "#0"},
				"east": {"uv": [14.7, 14, 14, 16], "texture": "#0"},
				"south": {"uv": [16, 14, 13.5, 16], "texture": "#0"},
				"west": {"uv": [14.7, 14, 14, 16], "texture": "#0"},
				"up": {"uv": [13.5, 16, 16, 15.3], "texture": "#0"},
				"down": {"uv": [13.5, 16, 16, 15.3], "texture": "#0"}
			}
		},
		{
			"from": [5.7, -4.35, 7.85],
			"to": [7.8, -2.75, 8.15],
			"rotation": {"angle": -45, "axis": "z", "origin": [7.99154, -3.54999, 7.35848]},
			"faces": {
				"north": {"uv": [16, 14, 13.5, 16], "texture": "#0"},
				"east": {"uv": [14.7, 14, 14, 16], "texture": "#0"},
				"south": {"uv": [16, 14, 13.5, 16], "texture": "#0"},
				"west": {"uv": [14.7, 14, 14, 16], "texture": "#0"},
				"up": {"uv": [13.5, 16, 16, 15.3], "texture": "#0"},
				"down": {"uv": [13.5, 16, 16, 15.3], "texture": "#0"}
			}
		},
		{
			"from": [9.21002, -2.68855, 7.84803],
			"to": [9.81002, -1.08855, 8.14803],
			"rotation": {"angle": 22.5, "axis": "z", "origin": [9.51418, -1.6313, 8.00828]},
			"faces": {
				"north": {"uv": [14, 16, 16, 15], "rotation": 90, "texture": "#0"},
				"east": {"uv": [14, 16, 16, 15.3], "rotation": 90, "texture": "#0"},
				"south": {"uv": [14, 16, 16, 15], "rotation": 90, "texture": "#0"},
				"west": {"uv": [14, 16, 16, 15.3], "rotation": 90, "texture": "#0"},
				"up": {"uv": [14.7, 15, 14, 16], "rotation": 90, "texture": "#0"},
				"down": {"uv": [14.7, 15, 14, 16], "rotation": 90, "texture": "#0"}
			}
		},
		{
			"from": [6.18998, -2.68855, 7.84803],
			"to": [6.78998, -1.08855, 8.14803],
			"rotation": {"angle": -22.5, "axis": "z", "origin": [6.48582, -1.6313, 8.00828]},
			"faces": {
				"north": {"uv": [14, 16, 16, 15], "rotation": 90, "texture": "#0"},
				"east": {"uv": [14, 16, 16, 15.3], "rotation": 90, "texture": "#0"},
				"south": {"uv": [14, 16, 16, 15], "rotation": 90, "texture": "#0"},
				"west": {"uv": [14, 16, 16, 15.3], "rotation": 90, "texture": "#0"},
				"up": {"uv": [14.7, 15, 14, 16], "rotation": 90, "texture": "#0"},
				"down": {"uv": [14.7, 15, 14, 16], "rotation": 90, "texture": "#0"}
			}
		},
		{
			"from": [7.49587, 10.13952, 7.84673],
			"to": [10.09587, 12.73952, 8.14673],
			"rotation": {"angle": -22.5, "axis": "z", "origin": [9.80085, 11.43587, 7.9922]},
			"faces": {
				"north": {"uv": [0, 16, 3, 13.5], "rotation": 270, "texture": "#0"},
				"east": {"uv": [0, 14.5, 3, 14], "rotation": 270, "texture": "#0"},
				"south": {"uv": [0, 16, 3, 13.5], "rotation": 270, "texture": "#0"},
				"west": {"uv": [0, 16, 3, 13.5], "rotation": 270, "texture": "#0"},
				"up": {"uv": [3, 13.5, 0, 16], "rotation": 270, "texture": "#0"},
				"down": {"uv": [3, 13.5, 0, 16], "rotation": 270, "texture": "#0"}
			}
		},
		{
			"from": [5.90513, 10.14052, 7.84773],
			"to": [8.50313, 12.73852, 8.14573],
			"rotation": {"angle": 22.5, "axis": "z", "origin": [6.19915, 11.43587, 7.9922]},
			"faces": {
				"north": {"uv": [0, 16, 3, 13.5], "rotation": 270, "texture": "#0"},
				"east": {"uv": [0, 16, 3, 13.5], "rotation": 270, "texture": "#0"},
				"south": {"uv": [0, 16, 3, 13.5], "rotation": 270, "texture": "#0"},
				"west": {"uv": [0, 14.5, 3, 14], "rotation": 270, "texture": "#0"},
				"up": {"uv": [3, 13.5, 0, 16], "rotation": 270, "texture": "#0"},
				"down": {"uv": [3, 13.5, 0, 16], "rotation": 270, "texture": "#0"}
			}
		},
		{
			"from": [8.49516, 12.31199, 7.84394],
			"to": [10.09316, 16.90999, 8.14194],
			"rotation": {"angle": 22.5, "axis": "z", "origin": [9.78741, 13.61159, 7.99006]},
			"faces": {
				"north": {"uv": [0, 16, 5, 14], "rotation": 270, "texture": "#0"},
				"east": {"uv": [0, 14.5, 5, 14], "rotation": 270, "texture": "#0"},
				"south": {"uv": [0, 16, 5, 14], "rotation": 270, "texture": "#0"},
				"west": {"uv": [0, 16, 3, 13.5], "rotation": 270, "texture": "#0"},
				"up": {"uv": [3, 13.5, 0, 16], "rotation": 270, "texture": "#0"},
				"down": {"uv": [3, 13.5, 0, 16], "rotation": 270, "texture": "#0"}
			}
		},
		{
			"from": [5.90584, 12.31099, 7.84294],
			"to": [7.50584, 16.91099, 8.14294],
			"rotation": {"angle": -22.5, "axis": "z", "origin": [6.21259, 13.61159, 7.99006]},
			"faces": {
				"north": {"uv": [0, 14, 5, 16], "rotation": 270, "texture": "#0"},
				"east": {"uv": [0, 16, 5, 14], "rotation": 270, "texture": "#0"},
				"south": {"uv": [0, 16, 5, 14], "rotation": 270, "texture": "#0"},
				"west": {"uv": [0, 14.5, 5, 14], "rotation": 270, "texture": "#0"},
				"up": {"uv": [5, 14, 0, 16], "rotation": 270, "texture": "#0"},
				"down": {"uv": [5, 14, 0, 16], "rotation": 270, "texture": "#0"}
			}
		},
		{
			"from": [7.21698, 16.29039, 7.84496],
			"to": [8.35798, 17.43639, 8.14096],
			"rotation": {"angle": 45, "axis": "z", "origin": [8.00158, 17.07992, 7.97464]},
			"faces": {
				"north": {"uv": [6, 16, 7.55, 14.5], "rotation": 270, "texture": "#0"},
				"east": {"uv": [6, 15, 7.55, 14.5], "rotation": 270, "texture": "#0"},
				"south": {"uv": [6, 16, 7.55, 14.5], "rotation": 270, "texture": "#0"},
				"west": {"uv": [6, 16, 7.55, 14.5], "rotation": 270, "texture": "#0"},
				"up": {"uv": [5.5, 14.5, 7.05, 14], "rotation": 180, "texture": "#0"},
				"down": {"uv": [7.55, 14.5, 6, 16], "rotation": 270, "texture": "#0"}
			}
		},
		{
			"from": [6.37901, -1.24476, 7.84706],
			"to": [9.62501, 10.35124, 8.14306],
			"rotation": {"angle": 0, "axis": "z", "origin": [6.67034, -0.44647, 8.00393]},
			"faces": {
				"north": {"uv": [4, 16, 16, 14], "rotation": 90, "texture": "#0"},
				"east": {"uv": [4, 15, 16, 14.5], "rotation": 90, "texture": "#0"},
				"south": {"uv": [4, 16, 16, 14], "rotation": 90, "texture": "#0"},
				"west": {"uv": [4, 15, 16, 14.5], "rotation": 90, "texture": "#0"},
				"up": {"uv": [16, 14, 4, 16], "rotation": 90, "texture": "#0"},
				"down": {"uv": [16, 14, 4, 16], "rotation": 90, "texture": "#0"}
			}
		},
		{
			"from": [6.952, -2.74476, 7.69706],
			"to": [9.048, 12.85124, 8.29306],
			"rotation": {"angle": 0, "axis": "z", "origin": [6.67034, -0.94647, 8.00393]},
			"faces": {
				"north": {"uv": [0, 13.5, 16, 11], "rotation": 90, "texture": "#0"},
				"east": {"uv": [0, 13.5, 16, 11], "rotation": 90, "texture": "#0"},
				"south": {"uv": [0, 13.5, 16, 11], "rotation": 90, "texture": "#0"},
				"west": {"uv": [0, 13.5, 16, 11], "rotation": 90, "texture": "#0"},
				"up": {"uv": [16, 11, 0, 13.5], "rotation": 90, "texture": "#0"},
				"down": {"uv": [16, 11, 0, 13.5], "rotation": 90, "texture": "#0"}
			}
		},
		{
			"from": [7.69, -2.75676, 7.68506],
			"to": [8.31, 12.86324, 8.30506],
			"rotation": {"angle": 0, "axis": "z", "origin": [7.42034, -0.94647, 8.00393]},
			"faces": {
				"north": {"uv": [0, 11, 16, 10.5], "rotation": 90, "texture": "#0"},
				"east": {"uv": [0, 11, 16, 10.5], "rotation": 90, "texture": "#0"},
				"south": {"uv": [0, 11, 16, 10.5], "rotation": 90, "texture": "#0"},
				"west": {"uv": [0, 11, 16, 10.5], "rotation": 90, "texture": "#0"},
				"up": {"uv": [16, 10.5, 0, 11], "rotation": 90, "texture": "#0"},
				"down": {"uv": [16, 10.5, 0, 11], "rotation": 90, "texture": "#0"}
			}
		},
		{
			"from": [6.47, -7.13, 7.47],
			"to": [9.53, -6.07, 8.53],
			"rotation": {"angle": 0, "axis": "y", "origin": [13.5, 0.4, 1]},
			"faces": {
				"north": {"uv": [2, 13.5, 0, 14.5], "texture": "#0"},
				"east": {"uv": [2.5, 14, 1.5, 15], "texture": "#0"},
				"south": {"uv": [2, 14, 0, 15], "texture": "#0"},
				"west": {"uv": [2.5, 14, 1.5, 15], "texture": "#0"},
				"up": {"uv": [1.5, 15, 3.5, 14], "texture": "#0"},
				"down": {"uv": [1.5, 15, 3.5, 14], "texture": "#0"}
			}
		},
		{
			"from": [9.36806, -5.05, 7.62532],
			"to": [11.16806, -4.25, 8.42532],
			"rotation": {"angle": 22.5, "axis": "z", "origin": [11.54742, -4.23743, 8.02744]},
			"faces": {
				"north": {"uv": [8, 15, 6.5, 16], "texture": "#0"},
				"east": {"uv": [7.5, 15, 6.5, 16], "texture": "#0"},
				"south": {"uv": [8, 15, 6.5, 16], "rotation": 180, "texture": "#0"},
				"west": {"uv": [8, 15, 6.5, 16], "texture": "#0"},
				"up": {"uv": [6.5, 16, 8, 15], "texture": "#0"},
				"down": {"uv": [5, 15, 6.5, 14], "texture": "#0"}
			}
		},
		{
			"from": [4.83194, -5.05, 7.62532],
			"to": [6.63194, -4.25, 8.42532],
			"rotation": {"angle": -22.5, "axis": "z", "origin": [4.45258, -4.23743, 8.02744]},
			"faces": {
				"north": {"uv": [6.5, 15, 8, 16], "texture": "#0"},
				"east": {"uv": [6.5, 15, 8, 16], "texture": "#0"},
				"south": {"uv": [6.5, 15, 8, 16], "rotation": 180, "texture": "#0"},
				"west": {"uv": [6.5, 15, 7.5, 16], "texture": "#0"},
				"up": {"uv": [8, 16, 6.5, 15], "texture": "#0"},
				"down": {"uv": [6.5, 15, 5, 14], "texture": "#0"}
			}
		},
		{
			"from": [9.07329, -3.15872, 7.62532],
			"to": [10.87329, -2.35872, 8.42532],
			"rotation": {"angle": 45, "axis": "z", "origin": [11.22812, -2.35492, 8.01285]},
			"faces": {
				"north": {"uv": [7.5, 14.5, 6, 15.5], "texture": "#0"},
				"east": {"uv": [7, 14.5, 6, 15.5], "texture": "#0"},
				"south": {"uv": [7.5, 14.5, 6, 15.5], "rotation": 180, "texture": "#0"},
				"west": {"uv": [7.5, 14.5, 6, 15.5], "texture": "#0"},
				"up": {"uv": [6, 15.5, 7.5, 14.5], "texture": "#0"},
				"down": {"uv": [6, 15.5, 7.5, 14.5], "texture": "#0"}
			}
		},
		{
			"from": [5.12671, -3.15872, 7.62532],
			"to": [6.92671, -2.35872, 8.42532],
			"rotation": {"angle": -45, "axis": "z", "origin": [4.77188, -2.35492, 8.01285]},
			"faces": {
				"north": {"uv": [6, 14.5, 7.5, 15.5], "texture": "#0"},
				"east": {"uv": [6, 14.5, 7.5, 15.5], "texture": "#0"},
				"south": {"uv": [6, 14.5, 7.5, 15.5], "rotation": 180, "texture": "#0"},
				"west": {"uv": [6, 14.5, 7, 15.5], "texture": "#0"},
				"up": {"uv": [7.5, 15.5, 6, 14.5], "texture": "#0"},
				"down": {"uv": [7.5, 15.5, 6, 14.5], "texture": "#0"}
			}
		},
		{
			"from": [9.15, -7, 7.95],
			"to": [10.45, -6.2, 8.75],
			"rotation": {"angle": -22.5, "axis": "y", "origin": [10.265, -6.59517, 8.36983]},
			"faces": {
				"north": {"uv": [7.25, 14, 6, 15], "texture": "#0"},
				"east": {"uv": [8, 13.5, 7, 14.5], "texture": "#0"},
				"south": {"uv": [6, 14, 7.25, 15], "texture": "#0"},
				"west": {"uv": [7.25, 14, 6, 15], "texture": "#0"},
				"up": {"uv": [6, 16, 7.25, 15], "texture": "#0"},
				"down": {"uv": [6, 16, 7.25, 15], "texture": "#0"}
			}
		},
		{
			"from": [5.55, -7, 7.95],
			"to": [6.85, -6.2, 8.75],
			"rotation": {"angle": 22.5, "axis": "y", "origin": [5.735, -6.59517, 8.36983]},
			"faces": {
				"north": {"uv": [6, 14, 7.25, 15], "texture": "#0"},
				"east": {"uv": [6, 14, 7.25, 15], "texture": "#0"},
				"south": {"uv": [7.25, 14, 6, 15], "texture": "#0"},
				"west": {"uv": [7, 13.5, 8, 14.5], "texture": "#0"},
				"up": {"uv": [7.25, 16, 6, 15], "texture": "#0"},
				"down": {"uv": [7.25, 16, 6, 15], "texture": "#0"}
			}
		},
		{
			"from": [10.77627, -4.69786, 7.69914],
			"to": [12.37627, -4.09786, 8.29914],
			"rotation": {"angle": 45, "axis": "z", "origin": [11.54742, -4.23743, 8.02744]},
			"faces": {
				"north": {"uv": [9.5, 14.5, 8.5, 15], "texture": "#0"},
				"east": {"uv": [9.5, 14, 9, 14.5], "texture": "#0"},
				"south": {"uv": [9.5, 14.5, 8.5, 15], "rotation": 180, "texture": "#0"},
				"west": {"uv": [9.5, 14.5, 8.5, 15], "texture": "#0"},
				"up": {"uv": [8.5, 15, 9.5, 14.5], "texture": "#0"},
				"down": {"uv": [8.5, 15, 9.5, 14.5], "texture": "#0"}
			}
		},
		{
			"from": [3.62373, -4.69786, 7.69914],
			"to": [5.22373, -4.09786, 8.29914],
			"rotation": {"angle": -45, "axis": "z", "origin": [4.45258, -4.23743, 8.02744]},
			"faces": {
				"north": {"uv": [8.5, 14.5, 9.5, 15], "texture": "#0"},
				"east": {"uv": [8.5, 14.5, 9.5, 15], "texture": "#0"},
				"south": {"uv": [8.5, 14.5, 9.5, 15], "rotation": 180, "texture": "#0"},
				"west": {"uv": [9, 14, 9.5, 14.5], "texture": "#0"},
				"up": {"uv": [9.5, 15, 8.5, 14.5], "texture": "#0"},
				"down": {"uv": [9.5, 15, 8.5, 14.5], "texture": "#0"}
			}
		},
		{
			"from": [11.08983, -3.10005, 7.69914],
			"to": [11.68983, -1.50005, 8.29914],
			"rotation": {"angle": -22.5, "axis": "z", "origin": [11.22812, -2.35492, 8.01285]},
			"faces": {
				"north": {"uv": [10, 16, 11, 15.5], "rotation": 270, "texture": "#0"},
				"east": {"uv": [10, 16, 11, 15.5], "rotation": 270, "texture": "#0"},
				"south": {"uv": [10, 16, 11, 15.5], "rotation": 270, "texture": "#0"},
				"west": {"uv": [10, 16, 11, 15.5], "rotation": 270, "texture": "#0"},
				"up": {"uv": [11, 15, 10.5, 15.5], "rotation": 270, "texture": "#0"},
				"down": {"uv": [11, 15.5, 10, 16], "rotation": 270, "texture": "#0"}
			}
		},
		{
			"from": [4.31017, -3.10005, 7.69914],
			"to": [4.91017, -1.50005, 8.29914],
			"rotation": {"angle": 22.5, "axis": "z", "origin": [4.77188, -2.35492, 8.01285]},
			"faces": {
				"north": {"uv": [10, 15.5, 11, 16], "rotation": 270, "texture": "#0"},
				"east": {"uv": [10, 15.5, 11, 16], "rotation": 270, "texture": "#0"},
				"south": {"uv": [10, 15.5, 11, 16], "rotation": 270, "texture": "#0"},
				"west": {"uv": [10, 15.5, 11, 16], "rotation": 270, "texture": "#0"},
				"up": {"uv": [11, 15.5, 10.5, 15], "rotation": 270, "texture": "#0"},
				"down": {"uv": [11, 16, 10, 15.5], "rotation": 270, "texture": "#0"}
			}
		},
		{
			"from": [10.1237, -6.6312, 8.09914],
			"to": [11.7237, -6.0312, 8.69914],
			"rotation": {"angle": 22.5, "axis": "z", "origin": [11.0387, -6.32331, 8.42201]},
			"faces": {
				"north": {"uv": [11, 14.5, 10, 15], "texture": "#0"},
				"east": {"uv": [11, 14.5, 10.5, 15], "texture": "#0"},
				"south": {"uv": [11, 14.5, 10, 15], "rotation": 180, "texture": "#0"},
				"west": {"uv": [11, 14.5, 10, 15], "texture": "#0"},
				"up": {"uv": [10, 15, 11, 14.5], "texture": "#0"},
				"down": {"uv": [10, 15, 11, 14.5], "texture": "#0"}
			}
		},
		{
			"from": [4.2763, -6.6312, 8.09914],
			"to": [5.8763, -6.0312, 8.69914],
			"rotation": {"angle": -22.5, "axis": "z", "origin": [4.9613, -6.32331, 8.42201]},
			"faces": {
				"north": {"uv": [10, 14.5, 11, 15], "texture": "#0"},
				"east": {"uv": [10, 14.5, 11, 15], "texture": "#0"},
				"south": {"uv": [10, 14.5, 11, 15], "rotation": 180, "texture": "#0"},
				"west": {"uv": [10.5, 14.5, 11, 15], "texture": "#0"},
				"up": {"uv": [11, 15, 10, 14.5], "texture": "#0"},
				"down": {"uv": [11, 15, 10, 14.5], "texture": "#0"}
			}
		},
		{
			"from": [5.97, -5.88, 7.47],
			"to": [10.03, -4.82, 8.53],
			"rotation": {"angle": 0, "axis": "y", "origin": [13, 1.65, 1]},
			"faces": {
				"north": {"uv": [2.5, 14, 0, 15], "texture": "#0"},
				"east": {"uv": [2.5, 14, 1.5, 15], "texture": "#0"},
				"south": {"uv": [2.5, 14.5, 0, 15.5], "texture": "#0"},
				"west": {"uv": [2.5, 14, 1.5, 15], "texture": "#0"},
				"up": {"uv": [1.5, 15, 4, 14], "texture": "#0"},
				"down": {"uv": [1.5, 15, 4, 14], "texture": "#0"}
			}
		},
		{
			"from": [5.47, -4.63, 7.47],
			"to": [10.53, -3.57, 8.53],
			"rotation": {"angle": 0, "axis": "y", "origin": [12.5, 2.9, 1]},
			"faces": {
				"north": {"uv": [4.5, 15, 0, 16], "texture": "#0"},
				"east": {"uv": [1, 15, 0, 16], "texture": "#0"},
				"south": {"uv": [5.5, 14, 1, 15], "texture": "#0"},
				"west": {"uv": [1, 15, 0, 16], "texture": "#0"},
				"up": {"uv": [0, 16, 4.5, 15], "texture": "#0"},
				"down": {"uv": [0, 16, 4.5, 15], "texture": "#0"}
			}
		},
		{
			"from": [7.3, -8.8, 7.3],
			"to": [8.7, -8.4, 8.7],
			"rotation": {"angle": 0, "axis": "y", "origin": [15, -1.1, 1]},
			"faces": {
				"north": {"uv": [5.5, 9.5, 3.5, 10.5], "texture": "#0"},
				"east": {"uv": [5.5, 9.5, 3.5, 10.5], "texture": "#0"},
				"south": {"uv": [5.5, 9.5, 3.5, 10.5], "texture": "#0"},
				"west": {"uv": [5.5, 9.5, 3.5, 10.5], "texture": "#0"},
				"up": {"uv": [3, 10.5, 5, 8.5], "texture": "#0"},
				"down": {"uv": [3.5, 10.5, 5.5, 9.5], "texture": "#0"}
			}
		},
		{
			"from": [6.5, -4.75, 6.5],
			"to": [9.5, -1.75, 9.5],
			"rotation": {"angle": 0, "axis": "y", "origin": [14.5, 3.25, 1.5]},
			"faces": {
				"north": {"uv": [4.5, 4.5, 9, 0], "rotation": 90, "texture": "#0"},
				"east": {"uv": [4.5, 0, 9, 4.5], "texture": "#0"},
				"south": {"uv": [4.5, 0, 0, 4.5], "texture": "#0"},
				"west": {"uv": [9, 0, 4.5, 4.5], "texture": "#0"},
				"up": {"uv": [4.5, 4.5, 9, 0], "texture": "#0"},
				"down": {"uv": [5, 4.5, 9, 0.5], "texture": "#0"}
			}
		},
		{
			"from": [7.15, -5.75, 7.75],
			"to": [8.82, -4.75, 9.25],
			"rotation": {"angle": 0, "axis": "y", "origin": [15.25, 2.25, 1.25]},
			"faces": {
				"north": {"uv": [8, 3, 5.5, 4.5], "texture": "#0"},
				"east": {"uv": [8, 3, 6.5, 4.5], "texture": "#0"},
				"south": {"uv": [3.5, 4.5, 1, 6], "texture": "#0"},
				"west": {"uv": [7, 3, 5.5, 4.5], "texture": "#0"},
				"up": {"uv": [1, 6, 3.5, 4.5], "texture": "#0"},
				"down": {"uv": [6.5, 4.5, 9, 3], "texture": "#0"}
			}
		}
	],
	"display": {
		"thirdperson": {
			"rotation": [0, 90, -90],
			"translation": [0, 0.5, -11.5],
			"scale": [1.3, 1.3, 1.3]
		},
		"firstperson": {
			"rotation": [0, -135, -15],
			"translation": [0, 11, 3.2],
			"scale": [1.3, 1.3, 1.3]
		},
		"ground": {
			"translation": [0, 5, 0],
			"scale": [2, 2, 2]
		},
		"gui": {
			"rotation": [0, -45, 35],
			"translation": [-3.7, 2.5, 0],
			"scale": [1.3, 1.3, 1.3]
		},
		"fixed": {
			"scale": [2, 2, 2]
		}
	}
}