{
	"credit": "Made with Blockbench",
	"textures": {
		"0": "skins/ornate_sword",
		"particle": "skins/ornate_sword"
	},
	"elements": [
		{
			"from": [7.69937, -0.20134, 7.02994],
			"to": [9.45937, 2.75866, 8.78994],
			"rotation": {"angle": 22.5, "axis": "z", "origin": [8.58594, 1.27935, 7.90549]},
			"faces": {
				"north": {"uv": [2.5, 7.5, 5.5, 9], "rotation": 270, "texture": "#0"},
				"east": {"uv": [2, 7.5, 5, 9], "rotation": 270, "texture": "#0"},
				"south": {"uv": [0, 9, 3, 7.5], "rotation": 270, "texture": "#0"},
				"west": {"uv": [2, 7.5, 5, 9], "rotation": 270, "texture": "#0"},
				"up": {"uv": [2, 7.5, 5, 9], "rotation": 270, "texture": "#0"},
				"down": {"uv": [2, 7.5, 5, 9], "rotation": 270, "texture": "#0"}
			}
		},
		{
			"from": [6.59056, -0.20928, 7.01994],
			"to": [8.37056, 2.77072, 8.79994],
			"rotation": {"angle": -22.5, "axis": "z", "origin": [7.49171, 1.27739, 7.89717]},
			"faces": {
				"north": {"uv": [2, 9, 5, 7.5], "rotation": 270, "texture": "#0"},
				"east": {"uv": [2, 7.5, 5, 9], "rotation": 270, "texture": "#0"},
				"south": {"uv": [0, 7, 3, 8.5], "rotation": 270, "texture": "#0"},
				"west": {"uv": [2, 7.5, 5, 9], "rotation": 270, "texture": "#0"},
				"up": {"uv": [2, 7.5, 5, 9], "rotation": 270, "texture": "#0"},
				"down": {"uv": [2, 7.5, 5, 9], "rotation": 270, "texture": "#0"}
			}
		},
		{
			"from": [7.36442, -1.25873, 6.8126],
			"to": [8.36042, 0.23727, 8.8086],
			"rotation": {"angle": 45, "axis": "z", "origin": [7.87073, -0.49937, 7.54455]},
			"faces": {
				"north": {"uv": [2, 8.5, 3, 7], "texture": "#0"},
				"east": {"uv": [2, 8.5, 3, 7], "rotation": 180, "texture": "#0"},
				"south": {"uv": [2, 9, 3, 7.5], "rotation": 180, "texture": "#0"},
				"west": {"uv": [3.5, 8, 4.5, 6.5], "rotation": 180, "texture": "#0"},
				"up": {"uv": [2, 8.5, 3, 7], "rotation": 180, "texture": "#0"},
				"down": {"uv": [2, 8.5, 3, 7], "rotation": 180, "texture": "#0"}
			}
		},
		{
			"from": [7.7369, -1.26056, 6.81043],
			"to": [8.7369, 0.23944, 8.81043],
			"rotation": {"angle": -45, "axis": "z", "origin": [8.22859, -0.4992, 7.54437]},
			"faces": {
				"north": {"uv": [7, 8.5, 6, 7], "texture": "#0"},
				"east": {"uv": [7.5, 8, 6, 7], "rotation": 270, "texture": "#0"},
				"south": {"uv": [7.5, 8.5, 6.5, 7], "rotation": 180, "texture": "#0"},
				"west": {"uv": [3, 8.5, 2, 7], "rotation": 180, "texture": "#0"},
				"up": {"uv": [3, 8.5, 2, 7], "rotation": 180, "texture": "#0"},
				"down": {"uv": [7.5, 8, 6, 7], "rotation": 270, "texture": "#0"}
			}
		},
		{
			"from": [6.52719, -0.49934, 6.80946],
			"to": [7.52719, 0.50066, 8.80946],
			"rotation": {"angle": -22.5, "axis": "z", "origin": [7.28694, 0.01059, 7.54541]},
			"faces": {
				"north": {"uv": [0.5, 8, 1.5, 7], "rotation": 90, "texture": "#0"},
				"east": {"uv": [2, 8, 3, 7], "rotation": 90, "texture": "#0"},
				"south": {"uv": [2, 8, 3, 7], "rotation": 90, "texture": "#0"},
				"west": {"uv": [2, 8, 3, 7], "rotation": 90, "texture": "#0"},
				"up": {"uv": [2, 8, 3, 7], "rotation": 90, "texture": "#0"},
				"down": {"uv": [6, 8.5, 7, 7.5], "rotation": 90, "texture": "#0"}
			}
		},
		{
			"from": [8.57213, -0.49917, 6.80929],
			"to": [9.57213, 0.50083, 8.80929],
			"rotation": {"angle": 22.5, "axis": "z", "origin": [8.81238, 0.01076, 7.54524]},
			"faces": {
				"north": {"uv": [0.5, 7, 1.5, 8], "rotation": 90, "texture": "#0"},
				"east": {"uv": [2, 7, 3, 8], "rotation": 90, "texture": "#0"},
				"south": {"uv": [2, 7, 3, 8], "rotation": 90, "texture": "#0"},
				"west": {"uv": [2, 7, 3, 8], "rotation": 90, "texture": "#0"},
				"up": {"uv": [2, 7, 3, 8], "rotation": 90, "texture": "#0"},
				"down": {"uv": [6, 7.5, 7, 8.5], "rotation": 90, "texture": "#0"}
			}
		},
		{
			"from": [5.059, -0.54009, 6.81317],
			"to": [6.059, 0.45991, 8.81317],
			"rotation": {"angle": 22.5, "axis": "z", "origin": [5.18634, -0.11438, 7.55325]},
			"faces": {
				"north": {"uv": [3.5, 5.5, 4.5, 4.5], "rotation": 270, "texture": "#0"},
				"east": {"uv": [2, 8, 3, 7], "rotation": 90, "texture": "#0"},
				"south": {"uv": [5, 6.5, 6, 5.5], "rotation": 90, "texture": "#0"},
				"west": {"uv": [2, 8, 3, 7], "rotation": 90, "texture": "#0"},
				"up": {"uv": [6, 2.5, 7.5, 1.5], "rotation": 90, "texture": "#0"},
				"down": {"uv": [7, 8.5, 7.5, 7.5], "rotation": 90, "texture": "#0"}
			}
		},
		{
			"from": [10.04033, -0.53991, 6.81299],
			"to": [11.04033, 0.46009, 8.81299],
			"rotation": {"angle": -22.5, "axis": "z", "origin": [10.91298, -0.11421, 7.55308]},
			"faces": {
				"north": {"uv": [3.5, 4.5, 4.5, 5.5], "rotation": 270, "texture": "#0"},
				"east": {"uv": [2, 7, 3, 8], "rotation": 90, "texture": "#0"},
				"south": {"uv": [5, 5.5, 6, 6.5], "rotation": 90, "texture": "#0"},
				"west": {"uv": [2, 7, 3, 8], "rotation": 90, "texture": "#0"},
				"up": {"uv": [6, 1.5, 7.5, 2.5], "rotation": 90, "texture": "#0"},
				"down": {"uv": [7, 7.5, 7.5, 8.5], "rotation": 90, "texture": "#0"}
			}
		},
		{
			"from": [5.77229, -0.24725, 6.81108],
			"to": [6.77229, 0.75275, 8.81108],
			"rotation": {"angle": 0, "axis": "z", "origin": [6.28466, 0.25644, 7.54955]},
			"faces": {
				"north": {"uv": [2, 5.5, 3, 4.5], "rotation": 270, "texture": "#0"},
				"east": {"uv": [2, 8, 3, 7], "rotation": 90, "texture": "#0"},
				"south": {"uv": [8.5, 4.5, 9.5, 3.5], "texture": "#0"},
				"west": {"uv": [2, 8, 3, 7], "rotation": 90, "texture": "#0"},
				"up": {"uv": [2, 8, 3, 7], "rotation": 90, "texture": "#0"},
				"down": {"uv": [7, 8.5, 7.5, 7.5], "rotation": 90, "texture": "#0"}
			}
		},
		{
			"from": [9.32703, -0.24708, 6.81091],
			"to": [10.32703, 0.75292, 8.81091],
			"rotation": {"angle": 0, "axis": "z", "origin": [9.81466, 0.25662, 7.54938]},
			"faces": {
				"north": {"uv": [2, 4.5, 3, 5.5], "rotation": 270, "texture": "#0"},
				"east": {"uv": [2, 7, 3, 8], "rotation": 90, "texture": "#0"},
				"south": {"uv": [9.5, 4.5, 8.5, 3.5], "texture": "#0"},
				"west": {"uv": [2, 7, 3, 8], "rotation": 90, "texture": "#0"},
				"up": {"uv": [2, 7, 3, 8], "rotation": 90, "texture": "#0"},
				"down": {"uv": [7, 7.5, 7.5, 8.5], "rotation": 90, "texture": "#0"}
			}
		},
		{
			"from": [4.28819, -0.53642, 6.81479],
			"to": [5.28819, 0.46358, 8.81479],
			"rotation": {"angle": 45, "axis": "z", "origin": [5.18634, -0.11438, 7.55325]},
			"faces": {
				"north": {"uv": [6, 6.5, 7, 5.5], "rotation": 180, "texture": "#0"},
				"east": {"uv": [2, 8, 3, 7], "rotation": 90, "texture": "#0"},
				"south": {"uv": [8, 7, 9, 6], "texture": "#0"},
				"west": {"uv": [2, 8, 3, 7], "rotation": 90, "texture": "#0"},
				"up": {"uv": [5, 1, 6.5, 0], "rotation": 90, "texture": "#0"},
				"down": {"uv": [7, 8.5, 7.5, 7.5], "rotation": 90, "texture": "#0"}
			}
		},
		{
			"from": [10.81113, -0.53625, 6.81461],
			"to": [11.81113, 0.46375, 8.81461],
			"rotation": {"angle": -45, "axis": "z", "origin": [10.91298, -0.11421, 7.55308]},
			"faces": {
				"north": {"uv": [7, 6.5, 6, 5.5], "rotation": 180, "texture": "#0"},
				"east": {"uv": [2, 7, 3, 8], "rotation": 90, "texture": "#0"},
				"south": {"uv": [9, 7, 8, 6], "texture": "#0"},
				"west": {"uv": [2, 7, 3, 8], "rotation": 90, "texture": "#0"},
				"up": {"uv": [5, 0, 6.5, 1], "rotation": 90, "texture": "#0"},
				"down": {"uv": [7, 7.5, 7.5, 8.5], "rotation": 90, "texture": "#0"}
			}
		},
		{
			"from": [3.76359, -2.26594, 6.81235],
			"to": [4.76359, -1.26594, 8.81235],
			"rotation": {"angle": 0, "axis": "z", "origin": [4.35486, -2.14498, 7.55349]},
			"faces": {
				"north": {"uv": [5.5, 5.5, 6.5, 4.5], "rotation": 180, "texture": "#0"},
				"east": {"uv": [2, 8.5, 3, 7.5], "texture": "#0"},
				"south": {"uv": [4.5, 6, 5.5, 5], "rotation": 270, "texture": "#0"},
				"west": {"uv": [2, 8, 3, 7], "texture": "#0"},
				"up": {"uv": [2, 8, 3, 7], "texture": "#0"},
				"down": {"uv": [2, 8, 3, 7], "texture": "#0"}
			}
		},
		{
			"from": [11.33573, -2.26576, 6.81218],
			"to": [12.33573, -1.26576, 8.81218],
			"rotation": {"angle": 0, "axis": "z", "origin": [11.74446, -2.1448, 7.55332]},
			"faces": {
				"north": {"uv": [6.5, 5.5, 5.5, 4.5], "rotation": 180, "texture": "#0"},
				"east": {"uv": [3, 8, 2, 7], "texture": "#0"},
				"south": {"uv": [4.5, 5, 5.5, 6], "rotation": 270, "texture": "#0"},
				"west": {"uv": [3, 8.5, 2, 7.5], "texture": "#0"},
				"up": {"uv": [3, 8, 2, 7], "texture": "#0"},
				"down": {"uv": [3, 8, 2, 7], "texture": "#0"}
			}
		},
		{
			"from": [3.91558, -1.50037, 6.81441],
			"to": [4.91558, -0.50037, 8.81441],
			"rotation": {"angle": -22.5, "axis": "z", "origin": [4.42887, -0.99438, 7.55593]},
			"faces": {
				"north": {"uv": [6.5, 7, 7.5, 6], "rotation": 270, "texture": "#0"},
				"east": {"uv": [3, 9, 4, 8], "texture": "#0"},
				"south": {"uv": [5.5, 6, 6.5, 5], "texture": "#0"},
				"west": {"uv": [7, 7, 8.5, 6], "rotation": 180, "texture": "#0"},
				"up": {"uv": [2, 8, 3, 7], "texture": "#0"},
				"down": {"uv": [2, 8, 3, 7], "texture": "#0"}
			}
		},
		{
			"from": [11.18374, -1.5002, 6.81424],
			"to": [12.18374, -0.5002, 8.81424],
			"rotation": {"angle": 22.5, "axis": "z", "origin": [11.67045, -0.99421, 7.55576]},
			"faces": {
				"north": {"uv": [6.5, 6, 7.5, 7], "rotation": 270, "texture": "#0"},
				"east": {"uv": [8.5, 7, 7, 6], "rotation": 180, "texture": "#0"},
				"south": {"uv": [6.5, 6, 5.5, 5], "texture": "#0"},
				"west": {"uv": [4, 9, 3, 8], "texture": "#0"},
				"up": {"uv": [3, 8, 2, 7], "texture": "#0"},
				"down": {"uv": [3, 8, 2, 7], "texture": "#0"}
			}
		},
		{
			"from": [3.76364, -3.03073, 6.81198],
			"to": [4.76364, -2.03073, 8.81198],
			"rotation": {"angle": 22.5, "axis": "z", "origin": [4.35486, -2.14498, 7.55349]},
			"faces": {
				"north": {"uv": [8, 7, 9, 6], "rotation": 180, "texture": "#0"},
				"east": {"uv": [2, 8, 3, 7], "texture": "#0"},
				"south": {"uv": [2.5, 8, 3.5, 7], "rotation": 270, "texture": "#0"},
				"west": {"uv": [5.5, 5, 6.5, 4], "texture": "#0"},
				"up": {"uv": [2, 8, 3, 7], "texture": "#0"},
				"down": {"uv": [2, 8, 3, 7], "texture": "#0"}
			}
		},
		{
			"from": [11.33568, -3.03056, 6.81181],
			"to": [12.33568, -2.03056, 8.81181],
			"rotation": {"angle": -22.5, "axis": "z", "origin": [11.74446, -2.1448, 7.55332]},
			"faces": {
				"north": {"uv": [9, 7, 8, 6], "rotation": 180, "texture": "#0"},
				"east": {"uv": [6.5, 5, 5.5, 4], "texture": "#0"},
				"south": {"uv": [2.5, 7, 3.5, 8], "rotation": 270, "texture": "#0"},
				"west": {"uv": [3, 8, 2, 7], "texture": "#0"},
				"up": {"uv": [3, 8, 2, 7], "texture": "#0"},
				"down": {"uv": [3, 8, 2, 7], "texture": "#0"}
			}
		},
		{
			"from": [4.36036, -8.17717, 6.81183],
			"to": [5.36036, -2.67717, 8.81183],
			"rotation": {"angle": 45, "axis": "z", "origin": [4.87424, -3.18931, 7.55026]},
			"faces": {
				"north": {"uv": [3, 9, 4, 3.5], "rotation": 180, "texture": "#0"},
				"east": {"uv": [4.5, 9, 6, 3.5], "rotation": 180, "texture": "#0"},
				"south": {"uv": [5, 9, 6, 3.5], "rotation": 180, "texture": "#0"},
				"west": {"uv": [5, 9, 3.5, 3.5], "rotation": 180, "texture": "#0"},
				"up": {"uv": [3, 9, 4, 3.5], "rotation": 180, "texture": "#0"},
				"down": {"uv": [6.5, 8.5, 7.5, 7], "rotation": 180, "texture": "#0"}
			}
		},
		{
			"from": [10.73896, -8.177, 6.81166],
			"to": [11.73896, -2.677, 8.81166],
			"rotation": {"angle": -45, "axis": "z", "origin": [11.22509, -3.18913, 7.55009]},
			"faces": {
				"north": {"uv": [4, 9, 3, 3.5], "rotation": 180, "texture": "#0"},
				"east": {"uv": [3.5, 9, 5, 3.5], "rotation": 180, "texture": "#0"},
				"south": {"uv": [6, 9, 5, 3.5], "rotation": 180, "texture": "#0"},
				"west": {"uv": [6, 9, 4.5, 3.5], "rotation": 180, "texture": "#0"},
				"up": {"uv": [4, 9, 3, 3.5], "rotation": 180, "texture": "#0"},
				"down": {"uv": [7.5, 8.5, 6.5, 7], "rotation": 180, "texture": "#0"}
			}
		},
		{
			"from": [7.34956, 2.22216, 7.20994],
			"to": [8.74956, 5.82216, 8.60994],
			"rotation": {"angle": 0, "axis": "z", "origin": [7.0506, 4.97152, 7.90893]},
			"faces": {
				"north": {"uv": [3.5, 8.8, 7.5, 7], "rotation": 270, "texture": "#0"},
				"east": {"uv": [5.5, 8.8, 9.5, 7], "rotation": 270, "texture": "#0"},
				"south": {"uv": [3.5, 7, 7.5, 8.8], "rotation": 270, "texture": "#0"},
				"west": {"uv": [5, 8.8, 9, 7], "rotation": 270, "texture": "#0"},
				"up": {"uv": [3.5, 8.8, 7.5, 7], "rotation": 270, "texture": "#0"},
				"down": {"uv": [3.5, 8.8, 7.5, 7], "rotation": 270, "texture": "#0"}
			}
		},
		{
			"from": [7.14956, -15.37784, 6.95994],
			"to": [8.94956, -8.57784, 8.75994],
			"rotation": {"angle": 0, "axis": "z", "origin": [7.0506, 4.97152, 7.75893]},
			"faces": {
				"north": {"uv": [0, 12, 7, 14], "rotation": 90, "texture": "#0"},
				"east": {"uv": [0, 12, 7, 14], "rotation": 90, "texture": "#0"},
				"south": {"uv": [0, 12, 7, 14], "rotation": 90, "texture": "#0"},
				"west": {"uv": [0, 12, 7, 14], "rotation": 90, "texture": "#0"},
				"up": {"uv": [0, 12, 7, 14], "rotation": 90, "texture": "#0"},
				"down": {"uv": [14, 12, 16, 14], "rotation": 90, "texture": "#0"}
			}
		},
		{
			"from": [6.79956, -15.72784, 6.85994],
			"to": [9.29956, -14.72784, 8.85994],
			"rotation": {"angle": 0, "axis": "z", "origin": [9.17641, -8.00587, 7.83804]},
			"faces": {
				"north": {"uv": [0, 12, 1, 14.5], "rotation": 90, "texture": "#0"},
				"east": {"uv": [0, 12, 1, 14.5], "rotation": 90, "texture": "#0"},
				"south": {"uv": [0, 12, 1, 14.5], "rotation": 90, "texture": "#0"},
				"west": {"uv": [0, 12, 1, 14.5], "rotation": 90, "texture": "#0"},
				"up": {"uv": [0, 12, 1, 14.5], "rotation": 90, "texture": "#0"},
				"down": {"uv": [0, 12, 1, 14.5], "rotation": 90, "texture": "#0"}
			}
		},
		{
			"from": [6.68506, -8.82258, 6.83307],
			"to": [9.38506, -7.62258, 9.03307],
			"rotation": {"angle": 0, "axis": "z", "origin": [6.90822, -8.00061, 7.81116]},
			"faces": {
				"north": {"uv": [0, 14.5, 1, 12], "rotation": 90, "texture": "#0"},
				"east": {"uv": [0, 14.5, 1, 12], "rotation": 90, "texture": "#0"},
				"south": {"uv": [0, 14.5, 1, 12], "rotation": 90, "texture": "#0"},
				"west": {"uv": [0, 14.5, 1, 12], "rotation": 90, "texture": "#0"},
				"up": {"uv": [0, 14.5, 1, 12], "rotation": 90, "texture": "#0"},
				"down": {"uv": [0, 14.5, 1, 12], "rotation": 90, "texture": "#0"}
			}
		},
		{
			"from": [7.44956, 5.82216, 7.30994],
			"to": [8.64956, 9.22216, 8.50994],
			"rotation": {"angle": 0, "axis": "z", "origin": [8.04675, 7.52328, 7.91165]},
			"faces": {
				"north": {"uv": [6, 4.5, 7.8, 8.5], "texture": "#0"},
				"east": {"uv": [6, 4.5, 7.8, 8.5], "texture": "#0"},
				"south": {"uv": [7.8, 4.5, 6, 8.5], "texture": "#0"},
				"west": {"uv": [6, 4.5, 7.8, 8.5], "texture": "#0"},
				"up": {"uv": [6, 4.5, 7.8, 8.5], "texture": "#0"},
				"down": {"uv": [6, 4.5, 7.8, 8.5], "texture": "#0"}
			}
		},
		{
			"from": [6.64956, 9.07216, 7.35994],
			"to": [7.24956, 12.47216, 8.45994],
			"rotation": {"angle": 22.5, "axis": "z", "origin": [8.03977, 11.52326, 7.91864]},
			"faces": {
				"north": {"uv": [7, 5, 8, 9], "texture": "#0"},
				"east": {"uv": [2, 2.5, 3.7, 6.5], "texture": "#0"},
				"south": {"uv": [2, 2.5, 3.2, 6.5], "texture": "#0"},
				"west": {"uv": [2, 2.5, 3.7, 6.5], "texture": "#0"},
				"up": {"uv": [2, 2.5, 3.2, 4.2], "texture": "#0"},
				"down": {"uv": [2, 2.5, 3.2, 4.2], "texture": "#0"}
			}
		},
		{
			"from": [6.45272, 11.78122, 7.37994],
			"to": [7.01272, 13.84122, 8.43994],
			"rotation": {"angle": 0, "axis": "z", "origin": [6.54354, 12.25838, 7.92254]},
			"faces": {
				"north": {"uv": [7.5, 7.5, 9.56, 8], "rotation": 90, "texture": "#0"},
				"east": {"uv": [7.5, 7.5, 9.56, 8], "rotation": 90, "texture": "#0"},
				"south": {"uv": [7.5, 7.5, 9.56, 8], "rotation": 90, "texture": "#0"},
				"west": {"uv": [7.5, 7.5, 9.56, 8], "rotation": 90, "texture": "#0"},
				"up": {"uv": [7.5, 7.5, 9.56, 8], "rotation": 90, "texture": "#0"},
				"down": {"uv": [7.5, 7.5, 9.56, 8], "rotation": 90, "texture": "#0"}
			}
		},
		{
			"from": [7.50272, 13.73122, 7.42994],
			"to": [7.96272, 15.99122, 8.38994],
			"rotation": {"angle": -22.5, "axis": "z", "origin": [6.71518, 15.96, 7.9287]},
			"faces": {
				"north": {"uv": [8, 8, 10.06, 8.5], "rotation": 270, "texture": "#0"},
				"east": {"uv": [8, 8, 10.06, 8.5], "rotation": 270, "texture": "#0"},
				"south": {"uv": [8, 8, 10.06, 8.5], "rotation": 270, "texture": "#0"},
				"west": {"uv": [8, 8, 10.06, 8.5], "rotation": 270, "texture": "#0"},
				"up": {"uv": [8, 8, 10.06, 8.5], "rotation": 270, "texture": "#0"},
				"down": {"uv": [8, 8, 10.06, 8.5], "rotation": 270, "texture": "#0"}
			}
		},
		{
			"from": [7.48131, 15.47216, 7.48761],
			"to": [7.82131, 17.61216, 8.32761],
			"rotation": {"angle": 0, "axis": "z", "origin": [7.63266, 16.53407, 7.92827]},
			"faces": {
				"north": {"uv": [5.5, 6, 7.56, 6.5], "rotation": 270, "texture": "#0"},
				"east": {"uv": [5.5, 6, 7.56, 6.5], "rotation": 270, "texture": "#0"},
				"south": {"uv": [5.5, 6, 7.56, 6.5], "rotation": 270, "texture": "#0"},
				"west": {"uv": [5.5, 6, 7.56, 6.5], "rotation": 270, "texture": "#0"},
				"up": {"uv": [5.5, 6, 7.56, 6.5], "rotation": 270, "texture": "#0"},
				"down": {"uv": [5.5, 6, 7.56, 6.5], "rotation": 270, "texture": "#0"}
			}
		},
		{
			"from": [7.20131, 17.44216, 7.55761],
			"to": [7.40131, 18.44216, 8.25761],
			"rotation": {"angle": 22.5, "axis": "z", "origin": [7.27926, 18.44255, 7.92927]},
			"faces": {
				"north": {"uv": [7, 6, 9.06, 6.5], "rotation": 270, "texture": "#0"},
				"east": {"uv": [7, 6, 9.06, 6.5], "rotation": 270, "texture": "#0"},
				"south": {"uv": [7, 6, 9.06, 6.5], "rotation": 270, "texture": "#0"},
				"west": {"uv": [7, 6, 9.06, 6.5], "rotation": 270, "texture": "#0"},
				"up": {"uv": [7, 6, 9.06, 6.5], "rotation": 270, "texture": "#0"},
				"down": {"uv": [7, 6, 9.06, 6.5], "rotation": 270, "texture": "#0"}
			}
		},
		{
			"from": [7.22754, 18.43212, 7.5777],
			"to": [7.38754, 19.39212, 8.2377],
			"rotation": {"angle": 0, "axis": "z", "origin": [7.32859, 18.90328, 7.93043]},
			"faces": {
				"north": {"uv": [7.5, 6, 9.56, 6.5], "rotation": 270, "texture": "#0"},
				"east": {"uv": [7.5, 6, 9.56, 6.5], "rotation": 270, "texture": "#0"},
				"south": {"uv": [7.5, 6, 9.56, 6.5], "rotation": 270, "texture": "#0"},
				"west": {"uv": [7.5, 6, 9.56, 6.5], "rotation": 270, "texture": "#0"},
				"up": {"uv": [7.5, 6, 9.56, 6.5], "rotation": 270, "texture": "#0"},
				"down": {"uv": [7.5, 6, 9.56, 6.5], "rotation": 270, "texture": "#0"}
			}
		},
		{
			"from": [6.1335, 13.16121, 7.45994],
			"to": [6.5335, 15.36121, 8.35994],
			"rotation": {"angle": 22.5, "axis": "z", "origin": [7.21969, 13.85513, 7.92536]},
			"faces": {
				"north": {"uv": [9.5, 4.5, 11.56, 5], "rotation": 270, "texture": "#0"},
				"east": {"uv": [9.5, 4.5, 11.56, 5], "rotation": 270, "texture": "#0"},
				"south": {"uv": [9.5, 4.5, 11.56, 5], "rotation": 270, "texture": "#0"},
				"west": {"uv": [9.5, 4.5, 11.56, 5], "rotation": 270, "texture": "#0"},
				"up": {"uv": [9.5, 4.5, 11.56, 5], "rotation": 270, "texture": "#0"},
				"down": {"uv": [9.5, 4.5, 11.56, 5], "rotation": 270, "texture": "#0"}
			}
		},
		{
			"from": [6.0579, 14.64452, 7.50994],
			"to": [6.3579, 15.74452, 8.30994],
			"rotation": {"angle": -22.5, "axis": "z", "origin": [6.2264, 15.6891, 7.93117]},
			"faces": {
				"north": {"uv": [5.5, 1.5, 7.5, 2], "rotation": 270, "texture": "#0"},
				"east": {"uv": [5.5, 1.5, 7.5, 2], "rotation": 270, "texture": "#0"},
				"south": {"uv": [5.5, 1.5, 7.5, 2], "rotation": 270, "texture": "#0"},
				"west": {"uv": [5.5, 1.5, 7.5, 2], "rotation": 270, "texture": "#0"},
				"up": {"uv": [5.5, 1.5, 7.5, 2], "rotation": 270, "texture": "#0"},
				"down": {"uv": [5.5, 1.5, 7.5, 2], "rotation": 270, "texture": "#0"}
			}
		},
		{
			"from": [5.88773, 15.51596, 7.52994],
			"to": [6.14773, 16.57596, 8.28994],
			"rotation": {"angle": 22.5, "axis": "z", "origin": [6.00202, 16.03679, 7.93042]},
			"faces": {
				"north": {"uv": [6.5, 1.5, 8.56, 2], "rotation": 270, "texture": "#0"},
				"east": {"uv": [6.5, 1.5, 8.56, 2], "rotation": 270, "texture": "#0"},
				"south": {"uv": [6.5, 1.5, 8.56, 2], "rotation": 270, "texture": "#0"},
				"west": {"uv": [6.5, 1.5, 8.56, 2], "rotation": 270, "texture": "#0"},
				"up": {"uv": [6.5, 1.5, 8.56, 2], "rotation": 270, "texture": "#0"},
				"down": {"uv": [6.5, 1.5, 8.56, 2], "rotation": 270, "texture": "#0"}
			}
		},
		{
			"from": [9.0048, 7.91481, 7.35994],
			"to": [9.6048, 11.31481, 8.45994],
			"rotation": {"angle": -22.5, "axis": "z", "origin": [7.31213, 10.41196, 7.91797]},
			"faces": {
				"north": {"uv": [6, 4.5, 7, 8], "rotation": 180, "texture": "#0"},
				"east": {"uv": [6, 4.5, 7, 8], "rotation": 180, "texture": "#0"},
				"south": {"uv": [6, 4.5, 7, 8], "rotation": 180, "texture": "#0"},
				"west": {"uv": [6, 4.5, 7, 8], "rotation": 180, "texture": "#0"},
				"up": {"uv": [6, 4.5, 7, 8], "rotation": 180, "texture": "#0"},
				"down": {"uv": [6, 4.5, 7, 8], "rotation": 180, "texture": "#0"}
			}
		},
		{
			"from": [9.24707, 10.23877, 7.40994],
			"to": [9.74707, 11.53877, 8.40994],
			"rotation": {"angle": 0, "axis": "z", "origin": [9.98603, 11.68907, 7.91553]},
			"faces": {
				"north": {"uv": [5, 7, 7.06, 7.5], "rotation": 270, "texture": "#0"},
				"east": {"uv": [5, 7, 7.06, 7.5], "rotation": 270, "texture": "#0"},
				"south": {"uv": [5, 7, 7.06, 7.5], "rotation": 270, "texture": "#0"},
				"west": {"uv": [5, 7, 7.06, 7.5], "rotation": 270, "texture": "#0"},
				"up": {"uv": [5, 7, 7.06, 7.5], "rotation": 270, "texture": "#0"},
				"down": {"uv": [5, 7, 7.06, 7.5], "rotation": 270, "texture": "#0"}
			}
		},
		{
			"from": [8.91707, 11.30877, 7.47994],
			"to": [9.27707, 13.46877, 8.33994],
			"rotation": {"angle": 22.5, "axis": "z", "origin": [9.0875, 12.3924, 7.91589]},
			"faces": {
				"north": {"uv": [6.5, 7.5, 8.5, 8], "rotation": 270, "texture": "#0"},
				"east": {"uv": [6.5, 7.5, 8.5, 8], "rotation": 270, "texture": "#0"},
				"south": {"uv": [6.5, 7.5, 8.5, 8], "rotation": 270, "texture": "#0"},
				"west": {"uv": [6.5, 7.5, 8.5, 8], "rotation": 270, "texture": "#0"},
				"up": {"uv": [6.5, 7.5, 8.5, 8], "rotation": 270, "texture": "#0"},
				"down": {"uv": [6.5, 7.5, 8.5, 8], "rotation": 270, "texture": "#0"}
			}
		},
		{
			"from": [9.32036, 12.354, 7.50994],
			"to": [9.62036, 14.454, 8.30994],
			"rotation": {"angle": -22.5, "axis": "z", "origin": [9.48292, 13.39563, 7.92183]},
			"faces": {
				"north": {"uv": [5.5, 6.5, 7.56, 7], "rotation": 270, "texture": "#0"},
				"east": {"uv": [5.5, 6.5, 7.56, 7], "rotation": 270, "texture": "#0"},
				"south": {"uv": [5.5, 6.5, 7.56, 7], "rotation": 270, "texture": "#0"},
				"west": {"uv": [5.5, 6.5, 7.56, 7], "rotation": 270, "texture": "#0"},
				"up": {"uv": [5.5, 6.5, 7.56, 7], "rotation": 270, "texture": "#0"},
				"down": {"uv": [5.5, 6.5, 7.56, 7], "rotation": 270, "texture": "#0"}
			}
		},
		{
			"from": [8.37964, 9.354, 7.50994],
			"to": [8.67964, 11.454, 8.30994],
			"rotation": {"angle": 22.5, "axis": "z", "origin": [8.51708, 10.39563, 7.92183]},
			"faces": {
				"north": {"uv": [5.5, 7, 7.56, 7.5], "rotation": 270, "texture": "#0"},
				"east": {"uv": [5.5, 7, 7.56, 7.5], "rotation": 270, "texture": "#0"},
				"south": {"uv": [5.5, 7, 7.56, 7.5], "rotation": 270, "texture": "#0"},
				"west": {"uv": [5.5, 7, 7.56, 7.5], "rotation": 270, "texture": "#0"},
				"up": {"uv": [5.5, 7, 7.56, 7.5], "rotation": 270, "texture": "#0"},
				"down": {"uv": [5.5, 7, 7.56, 7.5], "rotation": 270, "texture": "#0"}
			}
		},
		{
			"from": [9.37449, 14.11546, 7.55994],
			"to": [9.57449, 15.11546, 8.25994],
			"rotation": {"angle": 22.5, "axis": "z", "origin": [9.45619, 15.11175, 7.9247]},
			"faces": {
				"north": {"uv": [6.5, 6, 8.56, 6.5], "rotation": 270, "texture": "#0"},
				"east": {"uv": [6.5, 6, 8.56, 6.5], "rotation": 270, "texture": "#0"},
				"south": {"uv": [6.5, 6, 8.56, 6.5], "rotation": 270, "texture": "#0"},
				"west": {"uv": [6.5, 6, 8.56, 6.5], "rotation": 270, "texture": "#0"},
				"up": {"uv": [6.5, 6, 8.56, 6.5], "rotation": 270, "texture": "#0"},
				"down": {"uv": [6.5, 6, 8.56, 6.5], "rotation": 270, "texture": "#0"}
			}
		},
		{
			"from": [8.03683, 11.2642, 7.55994],
			"to": [8.23683, 12.2642, 8.25994],
			"rotation": {"angle": 0, "axis": "z", "origin": [8.12694, 11.76184, 7.91838]},
			"faces": {
				"north": {"uv": [5.5, 6, 7.56, 6.5], "rotation": 270, "texture": "#0"},
				"east": {"uv": [5.5, 6, 7.56, 6.5], "rotation": 270, "texture": "#0"},
				"south": {"uv": [5.5, 6, 7.56, 6.5], "rotation": 270, "texture": "#0"},
				"west": {"uv": [5.5, 6, 7.56, 6.5], "rotation": 270, "texture": "#0"},
				"up": {"uv": [5.5, 6, 7.56, 6.5], "rotation": 270, "texture": "#0"},
				"down": {"uv": [5.5, 6, 7.56, 6.5], "rotation": 270, "texture": "#0"}
			}
		},
		{
			"from": [8.73512, 13.17361, 7.55994],
			"to": [8.93512, 14.17361, 8.25994],
			"rotation": {"angle": -22.5, "axis": "z", "origin": [8.84774, 13.66415, 7.92132]},
			"faces": {
				"north": {"uv": [5.5, 6.5, 7.56, 7], "rotation": 270, "texture": "#0"},
				"east": {"uv": [5.5, 6.5, 7.56, 7], "rotation": 270, "texture": "#0"},
				"south": {"uv": [5.5, 6.5, 7.56, 7], "rotation": 270, "texture": "#0"},
				"west": {"uv": [5.5, 6.5, 7.56, 7], "rotation": 270, "texture": "#0"},
				"up": {"uv": [5.5, 6.5, 7.56, 7], "rotation": 270, "texture": "#0"},
				"down": {"uv": [5.5, 6.5, 7.56, 7], "rotation": 270, "texture": "#0"}
			}
		},
		{
			"from": [5.55519, 0.25375, 7.64961],
			"to": [10.55519, 27.25375, 8.14961],
			"rotation": {"angle": 0, "axis": "z", "origin": [1.65988, 0.23694, 7.90255]},
			"faces": {
				"north": {"uv": [0, 11.5, 16, 14.5], "rotation": 270, "texture": "#0"},
				"east": {"uv": [0, 13.5, 16, 14], "rotation": 270, "texture": "#0"},
				"south": {"uv": [0, 11.5, 16, 14.5], "rotation": 270, "texture": "#0"},
				"west": {"uv": [0, 11.5, 16, 12], "rotation": 270, "texture": "#0"},
				"up": {"uv": [0, 11.5, 16, 15], "rotation": 270, "texture": "#0"},
				"down": {"uv": [0, 11.5, 16, 15], "rotation": 270, "texture": "#0"}
			}
		},
		{
			"from": [6.65519, 0.25375, 7.54961],
			"to": [7.15519, 27.25375, 8.24961],
			"rotation": {"angle": 0, "axis": "z", "origin": [1.75988, 0.23694, 7.90255]},
			"faces": {
				"north": {"uv": [0, 10.5, 16, 11], "rotation": 270, "texture": "#0"},
				"east": {"uv": [0, 10.5, 16, 11], "rotation": 270, "texture": "#0"},
				"south": {"uv": [0, 10.5, 16, 11], "rotation": 270, "texture": "#0"},
				"west": {"uv": [0, 10.5, 16, 11], "rotation": 270, "texture": "#0"},
				"up": {"uv": [0, 10.5, 16, 11], "rotation": 270, "texture": "#0"},
				"down": {"uv": [0, 10.5, 16, 11], "rotation": 270, "texture": "#0"}
			}
		},
		{
			"from": [7.02132, 27.09622, 7.5487],
			"to": [7.52132, 30.09622, 8.2487],
			"rotation": {"angle": -22.5, "axis": "z", "origin": [7.23597, 28.09494, 7.93532]},
			"faces": {
				"north": {"uv": [13, 10.5, 16, 11], "rotation": 270, "texture": "#0"},
				"east": {"uv": [13, 10.5, 16, 11.2], "rotation": 270, "texture": "#0"},
				"south": {"uv": [13, 10.5, 16, 11], "rotation": 270, "texture": "#0"},
				"west": {"uv": [13, 10.5, 16, 11.2], "rotation": 270, "texture": "#0"},
				"up": {"uv": [15, 10.5, 15.7, 11], "rotation": 270, "texture": "#0"},
				"down": {"uv": [15, 10.5, 15.7, 11], "rotation": 270, "texture": "#0"}
			}
		},
		{
			"from": [7.79379, 29.92607, 7.54701],
			"to": [8.15379, 30.28607, 8.24701],
			"rotation": {"angle": 45, "axis": "z", "origin": [8.10766, 30.16223, 7.93466]},
			"faces": {
				"north": {"uv": [15, 10.5, 15.36, 10.86], "rotation": 270, "texture": "#0"},
				"east": {"uv": [15, 10.5, 15.36, 11.2], "rotation": 270, "texture": "#0"},
				"south": {"uv": [15, 10.5, 15.36, 10.86], "rotation": 270, "texture": "#0"},
				"west": {"uv": [15, 10.5, 15.36, 11.2], "rotation": 270, "texture": "#0"},
				"up": {"uv": [15, 10.5, 15.7, 10.86], "rotation": 270, "texture": "#0"},
				"down": {"uv": [15, 10.5, 15.7, 10.86], "rotation": 270, "texture": "#0"}
			}
		},
		{
			"from": [8.40811, 27.03477, 7.54713],
			"to": [8.90811, 30.03477, 8.24713],
			"rotation": {"angle": 22.5, "axis": "z", "origin": [8.62509, 28.52077, 7.93329]},
			"faces": {
				"north": {"uv": [13, 10.5, 16, 11], "rotation": 270, "texture": "#0"},
				"east": {"uv": [13, 10.5, 16, 11.2], "rotation": 270, "texture": "#0"},
				"south": {"uv": [13, 10.5, 16, 11], "rotation": 270, "texture": "#0"},
				"west": {"uv": [13, 10.5, 16, 11.2], "rotation": 270, "texture": "#0"},
				"up": {"uv": [15, 10.5, 15.7, 11], "rotation": 270, "texture": "#0"},
				"down": {"uv": [15, 10.5, 15.7, 11], "rotation": 270, "texture": "#0"}
			}
		},
		{
			"from": [8.95519, 0.25375, 7.54961],
			"to": [9.45519, 27.25375, 8.24961],
			"rotation": {"angle": 0, "axis": "z", "origin": [1.55988, 0.23694, 7.90255]},
			"faces": {
				"north": {"uv": [0, 10.5, 16, 11], "rotation": 270, "texture": "#0"},
				"east": {"uv": [0, 10.5, 16, 11], "rotation": 270, "texture": "#0"},
				"south": {"uv": [0, 10.5, 16, 11], "rotation": 270, "texture": "#0"},
				"west": {"uv": [0, 10.5, 16, 11], "rotation": 270, "texture": "#0"},
				"up": {"uv": [0, 10.5, 16, 11], "rotation": 270, "texture": "#0"},
				"down": {"uv": [0, 10.5, 16, 11], "rotation": 270, "texture": "#0"}
			}
		},
		{
			"from": [7.41441, 26.51304, 7.65735],
			"to": [9.90841, 30.50704, 8.15135],
			"rotation": {"angle": 22.5, "axis": "z", "origin": [8.37432, 28.50833, 7.94315]},
			"faces": {
				"north": {"uv": [11, 12, 15, 14.5], "rotation": 90, "texture": "#0"},
				"east": {"uv": [11, 12, 15, 12.5], "rotation": 90, "texture": "#0"},
				"south": {"uv": [11, 12, 15, 14.5], "rotation": 90, "texture": "#0"},
				"west": {"uv": [11, 12, 15, 12.5], "rotation": 90, "texture": "#0"},
				"up": {"uv": [11, 12, 11.5, 14.5], "rotation": 90, "texture": "#0"},
				"down": {"uv": [11, 12, 11.5, 14.5], "rotation": 90, "texture": "#0"}
			}
		},
		{
			"from": [6.20165, 26.51761, 7.65543],
			"to": [8.69565, 30.51161, 8.14943],
			"rotation": {"angle": -22.5, "axis": "z", "origin": [7.72762, 28.49998, 7.93238]},
			"faces": {
				"north": {"uv": [12.5, 11.5, 15, 15.5], "rotation": 180, "texture": "#0"},
				"east": {"uv": [12.5, 11.5, 13, 15.5], "rotation": 180, "texture": "#0"},
				"south": {"uv": [12.5, 11.5, 15, 15.5], "rotation": 180, "texture": "#0"},
				"west": {"uv": [12.5, 11.5, 13, 15.5], "rotation": 180, "texture": "#0"},
				"up": {"uv": [12.5, 11.5, 15, 12], "rotation": 180, "texture": "#0"},
				"down": {"uv": [12.5, 11.5, 15, 12], "rotation": 180, "texture": "#0"}
			}
		},
		{
			"from": [6.58182, 30.56949, 7.65536],
			"to": [7.95582, 31.94349, 8.14936],
			"rotation": {"angle": 45, "axis": "z", "origin": [8.04306, 32.05359, 7.93858]},
			"faces": {
				"north": {"uv": [13, 13, 14.38, 14.38], "rotation": 180, "texture": "#0"},
				"east": {"uv": [13, 13, 13.5, 14.38], "rotation": 180, "texture": "#0"},
				"south": {"uv": [13, 13, 14.38, 14.38], "rotation": 180, "texture": "#0"},
				"west": {"uv": [13, 13, 13.5, 14.38], "rotation": 180, "texture": "#0"},
				"up": {"uv": [13, 13, 14.38, 13.5], "rotation": 180, "texture": "#0"},
				"down": {"uv": [13, 13, 14.38, 13.5], "rotation": 180, "texture": "#0"}
			}
		},
		{
			"from": [6.79116, -7.28523, 6.90605],
			"to": [9.29116, -6.28523, 8.90605],
			"rotation": {"angle": 22.5, "axis": "z", "origin": [11.68452, -1.73535, 7.87354]},
			"faces": {
				"north": {"uv": [2.5, 14, 0, 15], "rotation": 180, "texture": "#0"},
				"east": {"uv": [2.5, 14, 0, 16], "rotation": 180, "texture": "#0"},
				"south": {"uv": [2.5, 14, 0, 15], "rotation": 180, "texture": "#0"},
				"west": {"uv": [2.5, 14, 0, 16], "rotation": 180, "texture": "#0"},
				"up": {"uv": [2.5, 14, 0, 16], "rotation": 180, "texture": "#0"},
				"down": {"uv": [2.5, 14, 0, 16], "rotation": 180, "texture": "#0"}
			}
		},
		{
			"from": [14.89386, -6.06864, 6.90559],
			"to": [15.89386, -3.56864, 8.90559],
			"rotation": {"angle": -45, "axis": "z", "origin": [11.68452, -1.73535, 7.87354]},
			"faces": {
				"north": {"uv": [1, 12, 0, 14.5], "rotation": 180, "texture": "#0"},
				"east": {"uv": [2, 12, 0, 14.5], "rotation": 180, "texture": "#0"},
				"south": {"uv": [1, 12, 0, 14.5], "rotation": 180, "texture": "#0"},
				"west": {"uv": [2, 12, 0, 14.5], "rotation": 180, "texture": "#0"},
				"up": {"uv": [1, 12, 0, 14.5], "rotation": 180, "texture": "#0"},
				"down": {"uv": [1, 12, 0, 14.5], "rotation": 180, "texture": "#0"}
			}
		},
		{
			"from": [13.86961, -5.04544, 6.89718],
			"to": [14.86961, -2.54544, 8.89718],
			"rotation": {"angle": -22.5, "axis": "z", "origin": [11.68452, -1.73535, 7.87354]},
			"faces": {
				"north": {"uv": [1.5, 13.5, 0.5, 16], "rotation": 180, "texture": "#0"},
				"east": {"uv": [2.5, 13.5, 0.5, 16], "rotation": 180, "texture": "#0"},
				"south": {"uv": [1.5, 12, 0.5, 14.5], "rotation": 180, "texture": "#0"},
				"west": {"uv": [2.5, 13.5, 0.5, 16], "rotation": 180, "texture": "#0"},
				"up": {"uv": [1.5, 13.5, 0.5, 16], "rotation": 180, "texture": "#0"},
				"down": {"uv": [1.5, 13.5, 0.5, 16], "rotation": 180, "texture": "#0"}
			}
		},
		{
			"from": [13.31496, -3.70093, 6.89673],
			"to": [14.31496, -1.20093, 8.89673],
			"rotation": {"angle": 0, "axis": "z", "origin": [11.68452, -1.73535, 7.87354]},
			"faces": {
				"north": {"uv": [2.5, 11.5, 1.5, 14], "rotation": 180, "texture": "#0"},
				"east": {"uv": [3.5, 12, 1.5, 14.5], "rotation": 180, "texture": "#0"},
				"south": {"uv": [2, 13, 3, 15.5], "texture": "#0"},
				"west": {"uv": [3.5, 12, 1.5, 14.5], "rotation": 180, "texture": "#0"},
				"up": {"uv": [3.5, 12, 1.5, 14.5], "rotation": 180, "texture": "#0"},
				"down": {"uv": [3.5, 12, 1.5, 14.5], "rotation": 180, "texture": "#0"}
			}
		},
		{
			"from": [13.33191, -2.25082, 6.88649],
			"to": [14.33191, 0.24918, 8.88649],
			"rotation": {"angle": 22.5, "axis": "z", "origin": [11.68452, -1.73535, 7.87354]},
			"faces": {
				"north": {"uv": [4, 12, 3, 14.5], "rotation": 180, "texture": "#0"},
				"east": {"uv": [4.5, 12, 2.5, 14.5], "rotation": 180, "texture": "#0"},
				"south": {"uv": [4, 12, 3, 14.5], "rotation": 180, "texture": "#0"},
				"west": {"uv": [4, 12, 2, 14.5], "rotation": 180, "texture": "#0"},
				"up": {"uv": [4, 12, 3, 14.5], "rotation": 180, "texture": "#0"},
				"down": {"uv": [4, 12, 3, 14.5], "rotation": 180, "texture": "#0"}
			}
		},
		{
			"from": [10.14018, 0.61693, 6.88837],
			"to": [12.64018, 1.61693, 8.88837],
			"rotation": {"angle": -45, "axis": "z", "origin": [12.39281, 0.48094, 7.86099]},
			"faces": {
				"north": {"uv": [4.5, 12, 5.5, 14.5], "rotation": 270, "texture": "#0"},
				"east": {"uv": [4.5, 12, 5.5, 14.5], "rotation": 270, "texture": "#0"},
				"south": {"uv": [4.5, 12, 5.5, 14.5], "rotation": 270, "texture": "#0"},
				"west": {"uv": [4.5, 12, 5.5, 14.5], "rotation": 270, "texture": "#0"},
				"up": {"uv": [4.5, 12, 6.5, 14.5], "rotation": 270, "texture": "#0"},
				"down": {"uv": [4.5, 12, 5.5, 14.5], "rotation": 270, "texture": "#0"}
			}
		},
		{
			"from": [8.24562, 1.39518, 6.88883],
			"to": [10.74562, 2.39518, 8.88883],
			"rotation": {"angle": -22.5, "axis": "z", "origin": [12.39281, 0.48094, 7.86099]},
			"faces": {
				"north": {"uv": [6, 13, 7, 15.5], "rotation": 270, "texture": "#0"},
				"east": {"uv": [6, 13, 7, 15.5], "rotation": 270, "texture": "#0"},
				"south": {"uv": [6, 13, 7, 15.5], "rotation": 270, "texture": "#0"},
				"west": {"uv": [6, 13, 7, 15.5], "rotation": 270, "texture": "#0"},
				"up": {"uv": [6, 13, 8, 15.5], "rotation": 270, "texture": "#0"},
				"down": {"uv": [6, 13, 7, 15.5], "rotation": 270, "texture": "#0"}
			}
		},
		{
			"from": [6.79142, 2.82373, 6.90404],
			"to": [9.29142, 3.82373, 8.90404],
			"rotation": {"angle": 0, "axis": "z", "origin": [4.40011, -1.74061, 7.90041]},
			"faces": {
				"north": {"uv": [7, 13.5, 8, 16], "rotation": 270, "texture": "#0"},
				"east": {"uv": [7.5, 13.5, 8.5, 16], "rotation": 270, "texture": "#0"},
				"south": {"uv": [7, 13.5, 8, 16], "rotation": 270, "texture": "#0"},
				"west": {"uv": [7.5, 13.5, 8.5, 16], "rotation": 270, "texture": "#0"},
				"up": {"uv": [7.5, 13.5, 8.5, 16], "rotation": 270, "texture": "#0"},
				"down": {"uv": [7.5, 13.5, 8.5, 16], "rotation": 270, "texture": "#0"}
			}
		},
		{
			"from": [6.23802, 1.48774, 6.90449],
			"to": [8.73802, 2.48774, 8.90449],
			"rotation": {"angle": 22.5, "axis": "z", "origin": [4.40011, -1.74061, 7.90041]},
			"faces": {
				"north": {"uv": [6, 11.5, 7, 14], "rotation": 270, "texture": "#0"},
				"east": {"uv": [6, 11.5, 7, 14], "rotation": 270, "texture": "#0"},
				"south": {"uv": [6, 11.5, 7, 14], "rotation": 270, "texture": "#0"},
				"west": {"uv": [6, 11.5, 7, 14], "rotation": 270, "texture": "#0"},
				"up": {"uv": [4.5, 12, 6.5, 14.5], "rotation": 270, "texture": "#0"},
				"down": {"uv": [6, 11.5, 7, 14], "rotation": 270, "texture": "#0"}
			}
		},
		{
			"from": [5.22218, 0.46252, 6.91291],
			"to": [7.72218, 1.46252, 8.91291],
			"rotation": {"angle": 45, "axis": "z", "origin": [4.40011, -1.74061, 7.90041]},
			"faces": {
				"north": {"uv": [4.5, 12.5, 5.5, 15], "rotation": 270, "texture": "#0"},
				"east": {"uv": [4.5, 13, 5.5, 15.5], "rotation": 270, "texture": "#0"},
				"south": {"uv": [4.5, 12, 5.5, 14.5], "rotation": 270, "texture": "#0"},
				"west": {"uv": [4.5, 13, 5.5, 15.5], "rotation": 270, "texture": "#0"},
				"up": {"uv": [4.5, 12.5, 6.5, 15], "rotation": 270, "texture": "#0"},
				"down": {"uv": [4.5, 13, 5.5, 15.5], "rotation": 270, "texture": "#0"}
			}
		},
		{
			"from": [1.75272, -2.25608, 6.91336],
			"to": [2.75272, 0.24392, 8.91336],
			"rotation": {"angle": -22.5, "axis": "z", "origin": [4.40011, -1.74061, 7.90041]},
			"faces": {
				"north": {"uv": [3, 12, 4, 14.5], "rotation": 180, "texture": "#0"},
				"east": {"uv": [2, 12, 4, 14.5], "rotation": 180, "texture": "#0"},
				"south": {"uv": [3, 12, 4, 14.5], "rotation": 180, "texture": "#0"},
				"west": {"uv": [2.5, 12, 4.5, 14.5], "rotation": 180, "texture": "#0"},
				"up": {"uv": [3, 12, 4, 14.5], "rotation": 180, "texture": "#0"},
				"down": {"uv": [3, 12, 4, 14.5], "rotation": 180, "texture": "#0"}
			}
		},
		{
			"from": [1.76967, -3.70619, 6.9236],
			"to": [2.76967, -1.20619, 8.9236],
			"rotation": {"angle": 0, "axis": "z", "origin": [4.40011, -1.74061, 7.90041]},
			"faces": {
				"north": {"uv": [1.5, 11.5, 2.5, 14], "rotation": 180, "texture": "#0"},
				"east": {"uv": [1.5, 12, 3.5, 14.5], "rotation": 180, "texture": "#0"},
				"south": {"uv": [3.5, 11.5, 2.5, 14], "texture": "#0"},
				"west": {"uv": [1.5, 12, 3.5, 14.5], "rotation": 180, "texture": "#0"},
				"up": {"uv": [1.5, 12, 3.5, 14.5], "rotation": 180, "texture": "#0"},
				"down": {"uv": [1.5, 12, 3.5, 14.5], "rotation": 180, "texture": "#0"}
			}
		},
		{
			"from": [1.21502, -5.0507, 6.92406],
			"to": [2.21502, -2.5507, 8.92406],
			"rotation": {"angle": 22.5, "axis": "z", "origin": [4.40011, -1.74061, 7.90041]},
			"faces": {
				"north": {"uv": [0.5, 13.5, 1.5, 16], "rotation": 180, "texture": "#0"},
				"east": {"uv": [0.5, 13.5, 2.5, 16], "rotation": 180, "texture": "#0"},
				"south": {"uv": [0.5, 12, 1.5, 14.5], "rotation": 180, "texture": "#0"},
				"west": {"uv": [0.5, 13.5, 2.5, 16], "rotation": 180, "texture": "#0"},
				"up": {"uv": [0.5, 13.5, 1.5, 16], "rotation": 180, "texture": "#0"},
				"down": {"uv": [0.5, 13.5, 1.5, 16], "rotation": 180, "texture": "#0"}
			}
		},
		{
			"from": [0.19077, -6.0739, 6.93247],
			"to": [1.19077, -3.5739, 8.93247],
			"rotation": {"angle": 45, "axis": "z", "origin": [4.40011, -1.74061, 7.90041]},
			"faces": {
				"north": {"uv": [0, 12, 1, 14.5], "rotation": 180, "texture": "#0"},
				"east": {"uv": [0, 12, 2, 14.5], "rotation": 180, "texture": "#0"},
				"south": {"uv": [0, 12, 1, 14.5], "rotation": 180, "texture": "#0"},
				"west": {"uv": [0, 12, 2, 14.5], "rotation": 180, "texture": "#0"},
				"up": {"uv": [0, 12, 1, 14.5], "rotation": 180, "texture": "#0"},
				"down": {"uv": [0, 12, 1, 14.5], "rotation": 180, "texture": "#0"}
			}
		},
		{
			"from": [6.79346, -7.29049, 6.93292],
			"to": [9.29346, -6.29049, 9.03292],
			"rotation": {"angle": -22.5, "axis": "z", "origin": [4.40011, -1.74061, 7.90041]},
			"faces": {
				"north": {"uv": [0, 14, 2.5, 15], "rotation": 180, "texture": "#0"},
				"east": {"uv": [0, 14, 2.5, 16], "rotation": 180, "texture": "#0"},
				"south": {"uv": [0, 14, 2.5, 15], "rotation": 180, "texture": "#0"},
				"west": {"uv": [0, 14, 2.5, 16], "rotation": 180, "texture": "#0"},
				"up": {"uv": [0, 14, 2.5, 16], "rotation": 180, "texture": "#0"},
				"down": {"uv": [0, 14, 2.5, 16], "rotation": 180, "texture": "#0"}
			}
		},
		{
			"from": [-0.63569, -3.3303, 6.90925],
			"to": [2.36431, -1.5303, 8.70925],
			"rotation": {"angle": 0, "axis": "z", "origin": [-0.34507, -2.41665, 7.81349]},
			"faces": {
				"north": {"uv": [4, 12, 7, 13.8], "rotation": 180, "texture": "#0"},
				"east": {"uv": [4, 12, 7, 13.8], "rotation": 180, "texture": "#0"},
				"south": {"uv": [4, 12, 7, 13.8], "rotation": 180, "texture": "#0"},
				"west": {"uv": [4, 12, 7, 13.8], "rotation": 180, "texture": "#0"},
				"up": {"uv": [4, 12, 7, 13.8], "rotation": 180, "texture": "#0"},
				"down": {"uv": [4, 12, 7, 13.8], "rotation": 180, "texture": "#0"}
			}
		},
		{
			"from": [13.87671, -3.30301, 6.95994],
			"to": [16.87671, -1.50301, 8.75994],
			"rotation": {"angle": 0, "axis": "z", "origin": [10.07572, -11.97685, 7.8328]},
			"faces": {
				"north": {"uv": [3.5, 12, 6.5, 13.8], "texture": "#0"},
				"east": {"uv": [3.5, 12, 6.5, 13.8], "texture": "#0"},
				"south": {"uv": [3.5, 12, 6.5, 13.8], "texture": "#0"},
				"west": {"uv": [3.5, 12, 6.5, 13.8], "texture": "#0"},
				"up": {"uv": [3.5, 12, 6.5, 13.8], "texture": "#0"},
				"down": {"uv": [3.5, 12, 6.5, 13.8], "texture": "#0"}
			}
		},
		{
			"from": [16.16843, -3.42216, 6.80994],
			"to": [17.16843, -1.42216, 8.80994],
			"rotation": {"angle": 0, "axis": "z", "origin": [0.08116, -15.24056, 7.84106]},
			"faces": {
				"north": {"uv": [0, 12.5, 1, 14.5], "texture": "#0"},
				"east": {"uv": [0, 12.5, 1, 14.5], "texture": "#0"},
				"south": {"uv": [0, 12.5, 1, 14.5], "texture": "#0"},
				"west": {"uv": [0, 12.5, 1, 14.5], "texture": "#0"},
				"up": {"uv": [0, 12.5, 1, 14.5], "texture": "#0"},
				"down": {"uv": [0, 12.5, 1, 14.5], "texture": "#0"}
			}
		},
		{
			"from": [-0.83157, -3.42216, 6.80994],
			"to": [0.16843, -1.42216, 8.80994],
			"rotation": {"angle": 0, "axis": "z", "origin": [0.08116, -15.24056, 7.84106]},
			"faces": {
				"north": {"uv": [0, 12, 1, 14], "texture": "#0"},
				"east": {"uv": [0, 12, 1, 14], "texture": "#0"},
				"south": {"uv": [0, 12, 1, 14], "texture": "#0"},
				"west": {"uv": [0, 12, 1, 14], "texture": "#0"},
				"up": {"uv": [0, 12, 1, 14], "texture": "#0"},
				"down": {"uv": [0, 12, 1, 14], "texture": "#0"}
			}
		}
	],
"display": {
		"thirdperson": {
			"rotation": [0, 90, -90],
			"translation": [0, 0.5, -8],
			"scale": [0.75, 0.75, 0.75]
		},
		"firstperson": {
			"rotation": [0, -135, 13],
			"translation": [6, 7.8, 2],
			"scale": [1, 1, 1]
		},
		"ground": {
			"rotation": [0, 0, 0],
			"translation": [0, 5, 0],
			"scale": [2, 2, 2]
		},
		"gui": {
			"rotation": [0, -45, 35],
			"translation": [-1, 1, 0],
			"scale": [1, 1, 1]
		},
		"head": {
			"rotation": [0, 0, 0],
			"translation": [0, 0, 0],
			"scale": [1, 1, 1]
		},
		"fixed": {
			"rotation": [0, 0, 0],
			"translation": [0, 0, 0],
			"scale": [2, 2, 2]
		}
	}
}