{
	"credit": "Made with Blockbench",
	"textures": {
		"0": "skins/roguesword",
		"particle": "skins/roguesword"
	},
	"elements": [
		{
			"from": [7.2, -14.15, 7.3],
			"to": [8.8, -5.15, 8.9],
			"rotation": {"angle": 0, "axis": "y", "origin": [15, -4.75, 15.1]},
			"faces": {
				"north": {"uv": [0, 12, 9, 14], "rotation": 90, "texture": "#0"},
				"east": {"uv": [0, 12, 9, 14], "rotation": 90, "texture": "#0"},
				"south": {"uv": [0, 14, 9, 16], "rotation": 90, "texture": "#0"},
				"west": {"uv": [0, 12, 9, 14], "rotation": 90, "texture": "#0"},
				"up": {"uv": [0, 12, 9, 14], "rotation": 90, "texture": "#0"},
				"down": {"uv": [0, 12, 9, 14], "rotation": 90, "texture": "#0"}
			}
		},
		{
			"from": [7, -14.9, 7.1],
			"to": [9, -12.9, 9.1],
			"rotation": {"angle": 0, "axis": "y", "origin": [15, -4.75, 15]},
			"faces": {
				"north": {"uv": [10, 10, 16, 16], "texture": "#0"},
				"east": {"uv": [10, 10, 16, 16], "texture": "#0"},
				"south": {"uv": [10, 10, 16, 16], "texture": "#0"},
				"west": {"uv": [10, 10, 16, 16], "texture": "#0"},
				"up": {"uv": [10, 10, 16, 16], "texture": "#0"},
				"down": {"uv": [10, 10, 16, 16], "texture": "#0"}
			}
		},
		{
			"from": [7, -6.7, 7.1],
			"to": [9, -4.7, 9.1],
			"rotation": {"angle": 0, "axis": "y", "origin": [15, 3.45, 15]},
			"faces": {
				"north": {"uv": [1, 9, 4, 12], "texture": "#0"},
				"east": {"uv": [4, 9, 7, 12], "texture": "#0"},
				"south": {"uv": [2, 9, 5, 12], "texture": "#0"},
				"west": {"uv": [0, 9, 3, 12], "texture": "#0"},
				"up": {"uv": [0, 9, 3, 12], "texture": "#0"},
				"down": {"uv": [0, 9, 3, 12], "texture": "#0"}
			}
		},
		{
			"from": [13.76318, -2.22495, 7.65],
			"to": [15.76318, -0.22495, 8.65],
			"rotation": {"angle": -45, "axis": "z", "origin": [9.61584, 6.20625, 8.15962]},
			"faces": {
				"north": {"uv": [10, 10, 16, 16], "texture": "#0"},
				"east": {"uv": [15, 10, 16, 16], "texture": "#0"},
				"south": {"uv": [10, 10, 16, 16], "texture": "#0"},
				"west": {"uv": [10, 10, 11, 16], "texture": "#0"},
				"up": {"uv": [10, 10, 16, 11], "texture": "#0"},
				"down": {"uv": [10, 15, 16, 16], "texture": "#0"}
			}
		},
		{
			"from": [7.49241, -4.65389, 7.80276],
			"to": [8.49241, 5.34611, 8.55276],
			"rotation": {"angle": 0, "axis": "z", "origin": [9.61584, 6.20625, 8.15962]},
			"faces": {
				"north": {"uv": [0, 6, 10, 7], "rotation": 90, "texture": "#0"},
				"east": {"uv": [0, 6, 16, 7], "rotation": 90, "texture": "#0"},
				"south": {"uv": [0, 6, 10, 7], "rotation": 90, "texture": "#0"},
				"west": {"uv": [0, 6, 16, 7], "rotation": 90, "texture": "#0"},
				"up": {"uv": [0, 6, 16, 7], "rotation": 90, "texture": "#0"},
				"down": {"uv": [0, 6, 16, 7], "rotation": 90, "texture": "#0"}
			}
		},
		{
			"from": [7.98319, 4.60004, 7.80172],
			"to": [8.88319, 12.60004, 8.55172],
			"rotation": {"angle": -22.5, "axis": "z", "origin": [9.61584, 6.20625, 8.15962]},
			"faces": {
				"north": {"uv": [2, 6, 9, 7], "rotation": 90, "texture": "#0"},
				"east": {"uv": [0, 6, 16, 7], "rotation": 90, "texture": "#0"},
				"south": {"uv": [2, 6, 9, 7], "rotation": 90, "texture": "#0"},
				"west": {"uv": [0, 6, 16, 7], "rotation": 90, "texture": "#0"},
				"up": {"uv": [0, 6, 16, 7], "rotation": 90, "texture": "#0"},
				"down": {"uv": [0, 6, 16, 7], "rotation": 90, "texture": "#0"}
			}
		},
		{
			"from": [5.66369, 11.49245, 7.795],
			"to": [6.46369, 16.89245, 8.545],
			"rotation": {"angle": -45, "axis": "z", "origin": [9.61584, 6.20625, 8.15962]},
			"faces": {
				"north": {"uv": [0, 4, 4, 5], "rotation": 90, "texture": "#0"},
				"east": {"uv": [0, 4, 4, 5], "rotation": 90, "texture": "#0"},
				"south": {"uv": [0, 4, 4, 5], "rotation": 90, "texture": "#0"},
				"west": {"uv": [0, 4, 4, 5], "rotation": 90, "texture": "#0"},
				"up": {"uv": [0, 4, 4, 5], "rotation": 90, "texture": "#0"},
				"down": {"uv": [0, 4, 4, 5], "rotation": 90, "texture": "#0"}
			}
		},
		{
			"from": [13.38859, 16.10396, 8.03746],
			"to": [17.38859, 17.10396, 8.28546],
			"rotation": {"angle": 22.5, "axis": "z", "origin": [14.37551, 16.11431, 8.16422]},
			"faces": {
				"north": {"uv": [5, 0, 7, 2], "rotation": 90, "texture": "#0"},
				"east": {"uv": [5, 0, 7, 2], "rotation": 90, "texture": "#0"},
				"south": {"uv": [5, 0, 7, 2], "rotation": 270, "texture": "#0"},
				"west": {"uv": [5, 0, 7, 2], "rotation": 90, "texture": "#0"},
				"up": {"uv": [5, 0, 7, 2], "rotation": 90, "texture": "#0"},
				"down": {"uv": [5, 0, 7, 2], "rotation": 90, "texture": "#0"}
			}
		},
		{
			"from": [13.84492, 15.28705, 8.0387],
			"to": [17.53492, 16.28705, 8.2867],
			"rotation": {"angle": 45, "axis": "z", "origin": [14.83625, 16.30241, 8.16574]},
			"faces": {
				"north": {"uv": [5, 0, 7, 2], "rotation": 90, "texture": "#0"},
				"east": {"uv": [5, 0, 7, 2], "rotation": 90, "texture": "#0"},
				"south": {"uv": [5, 0, 7, 2], "rotation": 270, "texture": "#0"},
				"west": {"uv": [5, 0, 7, 2], "rotation": 90, "texture": "#0"},
				"up": {"uv": [5, 0, 7, 2], "rotation": 90, "texture": "#0"},
				"down": {"uv": [5, 0, 7, 2], "rotation": 90, "texture": "#0"}
			}
		},
		{
			"from": [6.48935, -5.27523, 8.03596],
			"to": [9.48935, 5.72477, 8.28596],
			"rotation": {"angle": 0, "axis": "z", "origin": [9.61584, 6.20625, 8.15962]},
			"faces": {
				"north": {"uv": [0, 0, 11, 3], "rotation": 90, "texture": "#0"},
				"east": {"uv": [0, 0, 16, 0.75], "rotation": 90, "texture": "#0"},
				"south": {"uv": [0, 0, 11, 3], "rotation": 90, "texture": "#0"},
				"west": {"uv": [0, 0, 16, 0.25], "rotation": 270, "texture": "#0"},
				"up": {"uv": [0, 0, 1, 0.75], "texture": "#0"},
				"down": {"uv": [0, 0, 1, 0.75], "rotation": 180, "texture": "#0"}
			}
		},
		{
			"from": [6.91159, 4.56391, 8.03701],
			"to": [9.66159, 12.56391, 8.28701],
			"rotation": {"angle": -22.5, "axis": "z", "origin": [9.61584, 6.20625, 8.15962]},
			"faces": {
				"north": {"uv": [1, 0, 9, 3], "rotation": 90, "texture": "#0"},
				"east": {"uv": [0, 0, 16, 0.75], "rotation": 90, "texture": "#0"},
				"south": {"uv": [1, 0, 9, 3], "rotation": 90, "texture": "#0"},
				"west": {"uv": [0, 0, 16, 0.25], "rotation": 270, "texture": "#0"},
				"up": {"uv": [0, 0, 1, 0.75], "texture": "#0"},
				"down": {"uv": [0, 0, 1, 0.75], "rotation": 180, "texture": "#0"}
			}
		},
		{
			"from": [4.68431, 11.04502, 8.03718],
			"to": [7.18431, 16.04502, 8.28718],
			"rotation": {"angle": -45, "axis": "z", "origin": [9.61584, 6.20625, 8.15962]},
			"faces": {
				"north": {"uv": [4, 0, 9, 2.5], "rotation": 90, "texture": "#0"},
				"east": {"uv": [0, 0, 16, 0.75], "rotation": 90, "texture": "#0"},
				"south": {"uv": [4, 0, 9, 3], "rotation": 90, "texture": "#0"},
				"west": {"uv": [0, 0, 16, 0.25], "rotation": 270, "texture": "#0"},
				"up": {"uv": [0, 0, 1, 0.75], "texture": "#0"},
				"down": {"uv": [0, 0, 1, 0.75], "rotation": 180, "texture": "#0"}
			}
		},
		{
			"from": [8.09123, -6.45323, 6.602],
			"to": [11.29123, -5.95323, 9.602],
			"rotation": {"angle": -22.5, "axis": "z", "origin": [12.27365, -4.91892, 7.97056]},
			"faces": {
				"north": {"uv": [2, 0, 2.5, 3.2], "rotation": 270, "texture": "#0"},
				"east": {"uv": [2, 0, 5, 3], "rotation": 270, "texture": "#0"},
				"south": {"uv": [2, 0, 2.5, 3.2], "rotation": 90, "texture": "#0"},
				"west": {"uv": [2, 0, 5, 3], "rotation": 270, "texture": "#0"},
				"up": {"uv": [2, 0, 5, 3], "rotation": 270, "texture": "#0"},
				"down": {"uv": [0, 0, 3, 3], "rotation": 270, "texture": "#0"}
			}
		},
		{
			"from": [5.02532, -5.36087, 6.601],
			"to": [8.22532, -4.86087, 9.601],
			"rotation": {"angle": 22.5, "axis": "z", "origin": [6.64734, -5.09853, 7.97339]},
			"faces": {
				"north": {"uv": [2, 0, 2.5, 3.2], "rotation": 90, "texture": "#0"},
				"east": {"uv": [2, 0, 5, 3], "rotation": 270, "texture": "#0"},
				"south": {"uv": [2, 0, 2.5, 3.2], "rotation": 270, "texture": "#0"},
				"west": {"uv": [2, 0, 5, 3], "rotation": 270, "texture": "#0"},
				"up": {"uv": [2, 0, 5, 3], "rotation": 270, "texture": "#0"},
				"down": {"uv": [0, 0, 3, 3], "rotation": 270, "texture": "#0"}
			}
		},
		{
			"from": [10.7792, -5.95864, 6.5982],
			"to": [11.7792, -5.45864, 9.5982],
			"rotation": {"angle": 0, "axis": "z", "origin": [12.27364, -4.91892, 7.22056]},
			"faces": {
				"north": {"uv": [2, 0, 2.5, 1], "rotation": 270, "texture": "#0"},
				"east": {"uv": [2, 0, 5, 3], "rotation": 270, "texture": "#0"},
				"south": {"uv": [2, 0, 2.5, 1], "rotation": 270, "texture": "#0"},
				"west": {"uv": [2, 0, 5, 3], "rotation": 270, "texture": "#0"},
				"up": {"uv": [6, 3, 9, 4], "rotation": 270, "texture": "#0"},
				"down": {"uv": [8, 2, 11, 3], "rotation": 270, "texture": "#0"}
			}
		},
		{
			"from": [11.41924, -5.68878, 6.59641],
			"to": [12.41924, -5.18878, 9.59641],
			"rotation": {"angle": 22.5, "axis": "z", "origin": [12.27364, -4.91892, 7.12056]},
			"faces": {
				"north": {"uv": [2, 0, 2.5, 1], "rotation": 270, "texture": "#0"},
				"east": {"uv": [2, 0, 5, 3], "rotation": 270, "texture": "#0"},
				"south": {"uv": [2, 0, 2.5, 1], "rotation": 270, "texture": "#0"},
				"west": {"uv": [2, 0, 5, 3], "rotation": 270, "texture": "#0"},
				"up": {"uv": [6, 0, 9, 1], "rotation": 270, "texture": "#0"},
				"down": {"uv": [4, 1, 7, 2], "rotation": 270, "texture": "#0"}
			}
		},
		{
			"from": [12.11383, -5.68439, 6.59522],
			"to": [13.11383, -5.18439, 9.59522],
			"rotation": {"angle": 45, "axis": "z", "origin": [12.27364, -4.91892, 7.02056]},
			"faces": {
				"north": {"uv": [2, 0, 2.5, 1], "rotation": 270, "texture": "#0"},
				"east": {"uv": [2, 0, 5, 3], "rotation": 270, "texture": "#0"},
				"south": {"uv": [2, 0, 2.5, 1], "rotation": 270, "texture": "#0"},
				"west": {"uv": [2, 0, 5, 3], "rotation": 270, "texture": "#0"},
				"up": {"uv": [2, 0, 5, 1], "rotation": 270, "texture": "#0"},
				"down": {"uv": [6, 0, 9, 1], "rotation": 270, "texture": "#0"}
			}
		},
		{
			"from": [12.80085, -4.43533, 6.59482],
			"to": [13.30085, -3.43533, 9.59482],
			"rotation": {"angle": -22.5, "axis": "z", "origin": [12.27364, -4.91892, 6.92056]},
			"faces": {
				"north": {"uv": [2, 2, 2.5, 3], "rotation": 180, "texture": "#0"},
				"east": {"uv": [2, 2, 5, 3], "rotation": 180, "texture": "#0"},
				"south": {"uv": [0, 0, 0.5, 1], "rotation": 180, "texture": "#0"},
				"west": {"uv": [2, 2, 5, 3], "rotation": 180, "texture": "#0"},
				"up": {"uv": [2, 2, 5, 3], "rotation": 180, "texture": "#0"},
				"down": {"uv": [2, 2, 5, 3], "rotation": 180, "texture": "#0"}
			}
		},
		{
			"from": [13.28888, -3.94108, 6.59527],
			"to": [13.78888, -2.94108, 9.59527],
			"rotation": {"angle": 0, "axis": "z", "origin": [12.27364, -4.91892, 6.92056]},
			"faces": {
				"north": {"uv": [2, 0, 2.5, 1], "rotation": 180, "texture": "#0"},
				"east": {"uv": [2, 0, 5, 1], "rotation": 180, "texture": "#0"},
				"south": {"uv": [0, 0, 0.5, 1], "rotation": 180, "texture": "#0"},
				"west": {"uv": [2, 0, 5, 1], "rotation": 180, "texture": "#0"},
				"up": {"uv": [2, 0, 5, 1], "rotation": 180, "texture": "#0"},
				"down": {"uv": [2, 0, 5, 1], "rotation": 180, "texture": "#0"}
			}
		},
		{
			"from": [2.51079, -7.34272, 6.599],
			"to": [3.01079, -5.84272, 9.599],
			"rotation": {"angle": -45, "axis": "z", "origin": [4.19731, -8.73502, 7.72775]},
			"faces": {
				"north": {"uv": [2, 0, 2.5, 1.5], "texture": "#0"},
				"east": {"uv": [4, 1, 7, 2], "texture": "#0"},
				"south": {"uv": [2, 0, 2.5, 1.5], "texture": "#0"},
				"west": {"uv": [2, 0, 5, 1], "texture": "#0"},
				"up": {"uv": [2, 0, 5, 3], "texture": "#0"},
				"down": {"uv": [2, 0, 5, 3], "texture": "#0"}
			}
		},
		{
			"from": [3.42169, -9.44599, 6.601],
			"to": [3.92169, -7.94599, 9.601],
			"rotation": {"angle": 0, "axis": "z", "origin": [4.19731, -8.73502, 7.72775]},
			"faces": {
				"north": {"uv": [2, 0, 2.5, 1.5], "texture": "#0"},
				"east": {"uv": [6, 2, 9, 3], "texture": "#0"},
				"south": {"uv": [2, 0, 2.5, 1.5], "texture": "#0"},
				"west": {"uv": [2, 0, 5, 1], "texture": "#0"},
				"up": {"uv": [2, 0, 5, 3], "texture": "#0"},
				"down": {"uv": [2, 0, 5, 3], "texture": "#0"}
			}
		},
		{
			"from": [5.53959, -10.35375, 6.601],
			"to": [8.53959, -9.85375, 9.601],
			"rotation": {"angle": -45, "axis": "z", "origin": [4.19731, -8.73502, 7.72775]},
			"faces": {
				"north": {"uv": [2, 0, 2.5, 3], "rotation": 90, "texture": "#0"},
				"east": {"uv": [2, 0, 5, 3], "rotation": 270, "texture": "#0"},
				"south": {"uv": [2, 0, 2.5, 3], "rotation": 270, "texture": "#0"},
				"west": {"uv": [2, 0, 5, 3], "rotation": 270, "texture": "#0"},
				"up": {"uv": [2, 0, 5, 3], "rotation": 270, "texture": "#0"},
				"down": {"uv": [5, 1, 8, 4], "rotation": 270, "texture": "#0"}
			}
		},
		{
			"from": [6.12482, -12.94593, 6.59518],
			"to": [9.12482, -12.44593, 9.59518],
			"rotation": {"angle": 0, "axis": "z", "origin": [7.65278, -12.67496, 8.06552]},
			"faces": {
				"north": {"uv": [2, 0, 2.5, 3], "rotation": 270, "texture": "#0"},
				"east": {"uv": [2, 0, 5, 3], "rotation": 270, "texture": "#0"},
				"south": {"uv": [2, 0, 2.5, 3], "rotation": 90, "texture": "#0"},
				"west": {"uv": [2, 0, 5, 3], "rotation": 270, "texture": "#0"},
				"up": {"uv": [2, 0, 5, 3], "rotation": 270, "texture": "#0"},
				"down": {"uv": [2, 0, 5, 3], "rotation": 270, "texture": "#0"}
			}
		},
		{
			"from": [6.53482, -5.43593, 6.60518],
			"to": [9.51482, -4.95593, 9.58518],
			"rotation": {"angle": 0, "axis": "z", "origin": [8.05278, -5.17496, 8.06552]},
			"faces": {
				"north": {"uv": [0, 0, 0.5, 3], "rotation": 270, "texture": "#0"},
				"east": {"uv": [0, 0, 0.5, 3], "rotation": 270, "texture": "#0"},
				"south": {"uv": [0, 0, 0.5, 3], "rotation": 270, "texture": "#0"},
				"west": {"uv": [0, 0, 0.5, 3], "rotation": 270, "texture": "#0"},
				"up": {"uv": [0, 0, 0.5, 3], "rotation": 270, "texture": "#0"},
				"down": {"uv": [0, 0, 0.5, 3], "rotation": 270, "texture": "#0"}
			}
		},
		{
			"from": [3.1743, -8.30376, 6.6],
			"to": [3.6743, -6.80376, 9.6],
			"rotation": {"angle": -22.5, "axis": "z", "origin": [4.19731, -8.73502, 7.72775]},
			"faces": {
				"north": {"uv": [2, 0, 2.5, 1.5], "texture": "#0"},
				"east": {"uv": [4, 2, 7, 3], "texture": "#0"},
				"south": {"uv": [2, 0, 2.5, 1.5], "texture": "#0"},
				"west": {"uv": [7, 1, 10, 2], "texture": "#0"},
				"up": {"uv": [2, 0, 5, 3], "texture": "#0"},
				"down": {"uv": [2, 0, 5, 3], "texture": "#0"}
			}
		},
		{
			"from": [3.21099, -10.59552, 6.602],
			"to": [3.71099, -9.09552, 9.602],
			"rotation": {"angle": 22.5, "axis": "z", "origin": [4.19731, -8.73502, 7.72775]},
			"faces": {
				"north": {"uv": [2, 0, 2.5, 1.5], "texture": "#0"},
				"east": {"uv": [5, 2, 8, 3], "texture": "#0"},
				"south": {"uv": [2, 0, 2.5, 1.5], "texture": "#0"},
				"west": {"uv": [3, 1, 6, 2], "texture": "#0"},
				"up": {"uv": [2, 0, 5, 3], "texture": "#0"},
				"down": {"uv": [2, 0, 5, 3], "texture": "#0"}
			}
		}
	],
	"display": {
		"thirdperson": {
			"rotation": [0, 90, -90],
			"translation": [0, 0.5, -7],
			"scale": [0.8, 0.8, 0.8]
		},
		"firstperson": {
			"rotation": [0, -135, 15],
			"translation": [6, 10, 3],
			"scale": [1.2, 1.2, 1.2]
		},
		"ground": {
			"translation": [0, 5, 0],
			"scale": [2, 2, 2]
		},
		"gui": {
			"rotation": [50, -45, -20],
			"translation": [-1.7, 4, 0],
			"scale": [1.2, 1, 1.2]
		},
		"fixed": {
			"scale": [2, 2, 2]
		}
	}
}