{
	"credit": "Made with Blockbench",
	"textures": {
		"0": "skins/rose",
		"particle": "skins/rose"
	},
	"elements": [
		{
			"from": [7.5, -7.15729, 5.79923],
			"to": [8.5, -1.15729, 6.79923],
			"rotation": {"angle": 22.5, "axis": "x", "origin": [8.02042, -3.35171, 6.28129]},
			"faces": {
				"north": {"uv": [4, 5.5, 13, 7], "rotation": 90, "texture": "#0"},
				"east": {"uv": [2, 6, 11, 7.5], "rotation": 90, "texture": "#0"},
				"south": {"uv": [3.5, 7, 12.5, 8.5], "rotation": 90, "texture": "#0"},
				"west": {"uv": [5, 6, 14, 7.5], "rotation": 270, "texture": "#0"},
				"up": {"uv": [4, 6, 5, 7], "rotation": 90, "texture": "#0"},
				"down": {"uv": [4, 6, 16, 8], "rotation": 90, "texture": "#0"}
			}
		},
		{
			"from": [7.55201, -8.20917, 4.41186],
			"to": [8.45201, -6.70917, 5.31186],
			"rotation": {"angle": 0, "axis": "x", "origin": [7.82668, -7.56683, 4.63479]},
			"faces": {
				"north": {"uv": [11.5, 6, 13, 8.5], "texture": "#0"},
				"east": {"uv": [8, 6, 9.5, 8.5], "texture": "#0"},
				"south": {"uv": [0, 6, 1.5, 8.5], "texture": "#0"},
				"west": {"uv": [14.5, 5.5, 16, 8], "texture": "#0"},
				"up": {"uv": [8, 6, 9.5, 8.5], "texture": "#0"},
				"down": {"uv": [8, 6, 9.5, 8.5], "texture": "#0"}
			}
		},
		{
			"from": [7.70201, -6.05917, 4.66186],
			"to": [8.30201, -4.85917, 5.26186],
			"rotation": {"angle": 0, "axis": "x", "origin": [7.82668, -5.56683, 4.73479]},
			"faces": {
				"north": {"uv": [12.5, 9.5, 13.5, 11.1], "texture": "#0"},
				"east": {"uv": [12.5, 9.5, 13.5, 11.1], "texture": "#0"},
				"south": {"uv": [12.5, 9.5, 13.5, 11.1], "texture": "#0"},
				"west": {"uv": [12.5, 9.5, 13.5, 11.1], "texture": "#0"},
				"up": {"uv": [12.5, 9.5, 13.5, 10.5], "texture": "#0"},
				"down": {"uv": [12.5, 9.5, 13.5, 11.1], "texture": "#0"}
			}
		},
		{
			"from": [7.70201, -2.45917, 6.26186],
			"to": [8.30201, -1.25917, 6.86186],
			"rotation": {"angle": -22.5, "axis": "x", "origin": [8.01776, -1.85558, 6.54253]},
			"faces": {
				"north": {"uv": [12.5, 9.5, 13.5, 11.1], "texture": "#0"},
				"east": {"uv": [12.5, 9.5, 13.5, 11.1], "texture": "#0"},
				"south": {"uv": [12.5, 9.5, 13.5, 11.1], "texture": "#0"},
				"west": {"uv": [12.5, 9.5, 13.5, 11.1], "texture": "#0"},
				"up": {"uv": [12.5, 9.5, 13.5, 10.5], "texture": "#0"},
				"down": {"uv": [12.5, 9.5, 13.5, 11.1], "texture": "#0"}
			}
		},
		{
			"from": [7.70201, 0.34083, 6.46186],
			"to": [8.30201, 1.54083, 7.06186],
			"rotation": {"angle": -22.5, "axis": "x", "origin": [8.01776, 0.94442, 6.74253]},
			"faces": {
				"north": {"uv": [12.5, 9.5, 13.5, 11.1], "texture": "#0"},
				"east": {"uv": [12.5, 9.5, 13.5, 11.1], "texture": "#0"},
				"south": {"uv": [12.5, 9.5, 13.5, 11.1], "texture": "#0"},
				"west": {"uv": [12.5, 9.5, 13.5, 11.1], "texture": "#0"},
				"up": {"uv": [12.5, 9.5, 13.5, 10.5], "texture": "#0"},
				"down": {"uv": [12.5, 9.5, 13.5, 11.1], "texture": "#0"}
			}
		},
		{
			"from": [7.70201, -1.35605, 7.15999],
			"to": [8.30201, -0.15605, 7.75999],
			"rotation": {"angle": 22.5, "axis": "x", "origin": [8.01216, -0.74931, 7.44944]},
			"faces": {
				"north": {"uv": [12.5, 9.5, 13.5, 11.1], "texture": "#0"},
				"east": {"uv": [12.5, 9.5, 13.5, 11.1], "texture": "#0"},
				"south": {"uv": [12.5, 9.5, 13.5, 11.1], "texture": "#0"},
				"west": {"uv": [12.5, 9.5, 13.5, 11.1], "texture": "#0"},
				"up": {"uv": [12.5, 9.5, 13.5, 10.5], "rotation": 180, "texture": "#0"},
				"down": {"uv": [12.5, 9.5, 13.5, 11.1], "texture": "#0"}
			}
		},
		{
			"from": [7.60485, -9.41874, 4.72832],
			"to": [8.40485, -8.01874, 5.52832],
			"rotation": {"angle": -22.5, "axis": "x", "origin": [7.83133, -8.81496, 4.89806]},
			"faces": {
				"north": {"uv": [0, 7, 1, 8.5], "texture": "#0"},
				"east": {"uv": [0, 7, 1, 8.5], "texture": "#0"},
				"south": {"uv": [0, 7, 1, 8.5], "texture": "#0"},
				"west": {"uv": [0, 7, 1, 8.5], "texture": "#0"},
				"up": {"uv": [0, 7, 1, 8.5], "texture": "#0"},
				"down": {"uv": [0, 7, 1, 8.5], "texture": "#0"}
			}
		},
		{
			"from": [7.7, -0.56702, 6.65358],
			"to": [8.3, 1.03298, 7.25358],
			"rotation": {"angle": 45, "axis": "z", "origin": [8.01985, -0.86472, 6.23144]},
			"faces": {
				"north": {"uv": [6, 7, 11, 6], "rotation": 90, "texture": "#0"},
				"east": {"uv": [4.5, 6.5, 9.5, 5.5], "rotation": 90, "texture": "#0"},
				"south": {"uv": [5, 6.5, 10, 7.5], "rotation": 90, "texture": "#0"},
				"west": {"uv": [6, 8, 11, 7], "rotation": 90, "texture": "#0"},
				"up": {"uv": [6, 7, 11, 6], "rotation": 90, "texture": "#0"},
				"down": {"uv": [6, 7, 11, 6], "rotation": 90, "texture": "#0"}
			}
		},
		{
			"from": [4.33208, 0.15085, 7.19553],
			"to": [6.93208, 2.15085, 7.21553],
			"rotation": {"angle": 22.5, "axis": "x", "origin": [5.64012, 1.14746, 7.30019]},
			"faces": {
				"north": {"uv": [6, 14.5, 1.5, 10.5], "rotation": 180, "texture": "#0"},
				"south": {"uv": [1.5, 14.5, 6, 10.5], "rotation": 180, "texture": "#0"}
			}
		},
		{
			"from": [9.16792, -0.74915, 7.19553],
			"to": [11.76792, 1.25085, 7.21553],
			"rotation": {"angle": 22.5, "axis": "x", "origin": [10.45988, 0.24746, 7.30019]},
			"faces": {
				"north": {"uv": [1.5, 14.5, 6, 10.5], "rotation": 180, "texture": "#0"},
				"south": {"uv": [6, 14.5, 1.5, 10.5], "rotation": 180, "texture": "#0"}
			}
		},
		{
			"from": [9.27279, -2.08256, 6.65358],
			"to": [9.87279, -0.48256, 7.25358],
			"rotation": {"angle": -45, "axis": "z", "origin": [9.56244, -0.27075, 6.93895]},
			"faces": {
				"north": {"uv": [6, 6, 11, 7], "rotation": 90, "texture": "#0"},
				"east": {"uv": [6, 7, 11, 8], "rotation": 90, "texture": "#0"},
				"south": {"uv": [5.5, 6.5, 10.5, 7.5], "rotation": 270, "texture": "#0"},
				"west": {"uv": [5.5, 6.5, 10.5, 5.5], "rotation": 90, "texture": "#0"},
				"up": {"uv": [6, 6, 11, 7], "rotation": 90, "texture": "#0"},
				"down": {"uv": [6, 6, 11, 7], "rotation": 90, "texture": "#0"}
			}
		},
		{
			"from": [8.50754, -1.55626, 6.75358],
			"to": [9.30754, -1.15626, 7.15358],
			"rotation": {"angle": 22.5, "axis": "z", "origin": [8.71523, -1.34347, 6.9355]},
			"faces": {
				"north": {"uv": [12.5, 9.5, 13.5, 11], "rotation": 270, "texture": "#0"},
				"east": {"uv": [13.5, 9.5, 14.1, 10.1], "rotation": 270, "texture": "#0"},
				"south": {"uv": [12.5, 9.5, 13.5, 11], "rotation": 90, "texture": "#0"},
				"west": {"uv": [12.5, 9.5, 13.5, 11], "rotation": 270, "texture": "#0"},
				"up": {"uv": [12.5, 9.5, 13.5, 11], "rotation": 270, "texture": "#0"},
				"down": {"uv": [12.5, 9.5, 13.5, 11], "rotation": 90, "texture": "#0"}
			}
		},
		{
			"from": [8.90983, -0.89286, 6.75358],
			"to": [9.30983, -0.09286, 7.15358],
			"rotation": {"angle": -22.5, "axis": "z", "origin": [9.11217, -0.47827, 6.93579]},
			"faces": {
				"north": {"uv": [12.5, 9.5, 13.5, 11], "texture": "#0"},
				"east": {"uv": [12.5, 9.5, 13.5, 11], "texture": "#0"},
				"south": {"uv": [12.5, 9.5, 13.5, 11], "texture": "#0"},
				"west": {"uv": [12.5, 9.5, 13.5, 11], "texture": "#0"},
				"up": {"uv": [13, 9.5, 14, 10.5], "texture": "#0"},
				"down": {"uv": [12.5, 9.5, 13.5, 11], "texture": "#0"}
			}
		},
		{
			"from": [6.57962, -0.14318, 6.75358],
			"to": [6.97962, 0.65682, 7.15358],
			"rotation": {"angle": 22.5, "axis": "z", "origin": [6.50955, 0.9226, 6.93755]},
			"faces": {
				"north": {"uv": [12.5, 9.5, 13.5, 11], "texture": "#0"},
				"east": {"uv": [12.5, 9.5, 13.5, 11], "texture": "#0"},
				"south": {"uv": [12.5, 9.5, 13.5, 11], "texture": "#0"},
				"west": {"uv": [12.5, 9.5, 13.5, 11], "texture": "#0"},
				"up": {"uv": [13.5, 9.5, 14.1, 10.1], "texture": "#0"},
				"down": {"uv": [12.5, 9.5, 13.5, 11], "texture": "#0"}
			}
		},
		{
			"from": [7.4993, -1.52278, 6.60052],
			"to": [8.4993, 1.47722, 7.60052],
			"rotation": {"angle": 0, "axis": "x", "origin": [8.01468, 0.77103, 7.08704]},
			"faces": {
				"north": {"uv": [7, 5.5, 11.5, 7], "rotation": 90, "texture": "#0"},
				"east": {"uv": [5.5, 6, 10, 7.5], "rotation": 90, "texture": "#0"},
				"south": {"uv": [1, 7, 5.5, 8.5], "rotation": 90, "texture": "#0"},
				"west": {"uv": [6, 6, 10.5, 7.5], "rotation": 270, "texture": "#0"},
				"up": {"uv": [7, 5.5, 11.5, 7], "rotation": 90, "texture": "#0"},
				"down": {"uv": [7, 5.5, 11.5, 7], "rotation": 90, "texture": "#0"}
			}
		},
		{
			"from": [7.44832, 1.04972, 7.09613],
			"to": [8.54832, 3.14972, 8.19613],
			"rotation": {"angle": 45, "axis": "x", "origin": [7.81407, 1.90034, 7.42976]},
			"faces": {
				"north": {"uv": [5.5, 5.5, 7, 8.5], "rotation": 180, "texture": "#0"},
				"east": {"uv": [5.5, 5.5, 4, 8.5], "rotation": 180, "texture": "#0"},
				"south": {"uv": [14.5, 5.5, 16, 8.5], "rotation": 180, "texture": "#0"},
				"west": {"uv": [2.5, 5.5, 4, 8.5], "rotation": 180, "texture": "#0"},
				"up": {"uv": [12, 5.5, 13.5, 8.5], "rotation": 180, "texture": "#0"},
				"down": {"uv": [9.5, 6.5, 11, 8], "rotation": 180, "texture": "#0"}
			}
		},
		{
			"from": [7.39873, 1.86999, 7.36717],
			"to": [8.59873, 3.06999, 8.56717],
			"rotation": {"angle": -22.5, "axis": "x", "origin": [7.81296, 2.78005, 7.77815]},
			"faces": {
				"north": {"uv": [13, 7.5, 13.85, 8.35], "texture": "#0"},
				"east": {"uv": [13, 7.5, 13.85, 8.35], "texture": "#0"},
				"south": {"uv": [13, 7.5, 13.85, 8.35], "texture": "#0"},
				"west": {"uv": [13, 7.5, 13.85, 8.35], "texture": "#0"},
				"up": {"uv": [13, 7.5, 13.85, 8.35], "texture": "#0"},
				"down": {"uv": [13, 7.5, 13.85, 8.35], "texture": "#0"}
			}
		},
		{
			"from": [7, 3.15, 7],
			"to": [9, 4.15, 9],
			"rotation": {"angle": 0, "axis": "y", "origin": [15, 11.15, 15]},
			"faces": {
				"north": {"uv": [10.5, 0, 12.5, 2], "texture": "#0"},
				"east": {"uv": [10.5, 0, 12.5, 2], "texture": "#0"},
				"south": {"uv": [10.5, 0, 12.5, 2], "texture": "#0"},
				"west": {"uv": [10.5, 0, 12.5, 2], "texture": "#0"},
				"up": {"uv": [9, 0, 11, 2], "texture": "#0"},
				"down": {"uv": [10.5, 0, 12.5, 2], "texture": "#0"}
			}
		},
		{
			"from": [6.25, 2.9, 6.25],
			"to": [9.75, 3.9, 9.75],
			"rotation": {"angle": 45, "axis": "y", "origin": [8.01152, 3.40002, 7.98846]},
			"faces": {
				"north": {"uv": [3.5, 3.5, 8.5, 5], "texture": "#0"},
				"east": {"uv": [3.5, 3.5, 8.5, 5], "texture": "#0"},
				"south": {"uv": [3.5, 3.5, 8.5, 5], "texture": "#0"},
				"west": {"uv": [3.5, 3.5, 8.5, 5], "texture": "#0"},
				"up": {"uv": [12, 1, 16, 5], "texture": "#0"},
				"down": {"uv": [1, 1.5, 4.5, 5], "texture": "#0"}
			}
		},
		{
			"from": [7, 3.1, 4.95],
			"to": [9, 3.35, 7.95],
			"rotation": {"angle": 45, "axis": "y", "origin": [8, 4.875, 8]},
			"faces": {
				"north": {"uv": [9.5, 0, 11.5, 0.25], "texture": "#0"},
				"east": {"uv": [3.5, 0.5, 6.5, 0.75], "texture": "#0"},
				"south": {"uv": [7.5, 4, 9.5, 4.25], "texture": "#0"},
				"west": {"uv": [12.5, 0, 15.5, 0.25], "texture": "#0"},
				"up": {"uv": [7, 0.5, 9, 3.5], "texture": "#0"},
				"down": {"uv": [12.5, 0, 14.5, 3], "rotation": 180, "texture": "#0"}
			}
		},
		{
			"from": [7.38602, 3.1, 8.74611],
			"to": [9.38602, 3.35, 11.74611],
			"rotation": {"angle": 45, "axis": "y", "origin": [7.25832, 3.98967, 8.96351]},
			"faces": {
				"north": {"uv": [7.5, 4, 9.5, 4.25], "texture": "#0"},
				"east": {"uv": [12.5, 0, 15.5, 0.25], "texture": "#0"},
				"south": {"uv": [9.5, 0, 11.5, 0.25], "texture": "#0"},
				"west": {"uv": [3.5, 0.5, 6.5, 0.75], "texture": "#0"},
				"up": {"uv": [7, 0.5, 9, 3.5], "rotation": 180, "texture": "#0"},
				"down": {"uv": [12.5, 0, 14.5, 3], "texture": "#0"}
			}
		},
		{
			"from": [8.2, 3.1, 7.05],
			"to": [11.2, 3.35, 9.05],
			"rotation": {"angle": 45, "axis": "y", "origin": [8.15, 4.875, 8.05]},
			"faces": {
				"north": {"uv": [12.5, 0, 15.5, 0.25], "texture": "#0"},
				"east": {"uv": [9.5, 0, 11.5, 0.25], "texture": "#0"},
				"south": {"uv": [3.5, 0.5, 6.5, 0.75], "texture": "#0"},
				"west": {"uv": [7.5, 4, 9.5, 4.25], "texture": "#0"},
				"up": {"uv": [7, 0.5, 9, 3.5], "rotation": 90, "texture": "#0"},
				"down": {"uv": [12.5, 0, 14.5, 3], "rotation": 90, "texture": "#0"}
			}
		},
		{
			"from": [5.56531, 3.1, 7.55469],
			"to": [8.56531, 3.35, 9.55469],
			"rotation": {"angle": 45, "axis": "y", "origin": [7.55832, 3.98967, 8.96351]},
			"faces": {
				"north": {"uv": [3.5, 0.5, 6.5, 0.75], "texture": "#0"},
				"east": {"uv": [7.5, 4, 9.5, 4.25], "texture": "#0"},
				"south": {"uv": [12.5, 0, 15.5, 0.25], "texture": "#0"},
				"west": {"uv": [9.5, 0, 11.5, 0.25], "texture": "#0"},
				"up": {"uv": [7, 0.5, 9, 3.5], "rotation": 270, "texture": "#0"},
				"down": {"uv": [12.5, 0, 14.5, 3], "rotation": 270, "texture": "#0"}
			}
		},
		{
			"from": [7.3, 2.75, 7.3],
			"to": [8.7, 4.55, 8.7],
			"rotation": {"angle": 0, "axis": "y", "origin": [8.01108, 3.65002, 7.9889]},
			"faces": {
				"north": {"uv": [0, 3, 1.4, 4.8], "texture": "#0"},
				"east": {"uv": [0, 3, 1.4, 4.8], "texture": "#0"},
				"south": {"uv": [0, 3, 1.4, 4.8], "texture": "#0"},
				"west": {"uv": [0, 3, 1.4, 4.8], "texture": "#0"},
				"up": {"uv": [12, 3, 13.5, 4.5], "texture": "#0"},
				"down": {"uv": [0, 3, 1.4, 4.8], "texture": "#0"}
			}
		},
		{
			"from": [6.5, 3.55, 4.45],
			"to": [9.5, 3.8, 7.45],
			"rotation": {"angle": 22.5, "axis": "x", "origin": [7.5, 3.675, 6.45]},
			"faces": {
				"north": {"uv": [7.5, 2, 10.5, 2.25], "texture": "#0"},
				"east": {"uv": [7.5, 4, 10.5, 4.25], "texture": "#0"},
				"south": {"uv": [7.5, 4, 10.5, 4.25], "texture": "#0"},
				"west": {"uv": [7.5, 2.5, 10.5, 2.75], "texture": "#0"},
				"up": {"uv": [6, 2, 9, 5], "texture": "#0"},
				"down": {"uv": [3.5, 2, 6.5, 5], "rotation": 180, "texture": "#0"}
			}
		},
		{
			"from": [6.46664, 3.35831, 8.36372],
			"to": [9.46664, 3.60831, 11.36372],
			"rotation": {"angle": -22.5, "axis": "x", "origin": [7.35832, 3.98967, 8.96351]},
			"faces": {
				"north": {"uv": [7.5, 4, 10.5, 4.25], "texture": "#0"},
				"east": {"uv": [7.5, 2.5, 10.5, 2.75], "texture": "#0"},
				"south": {"uv": [7.5, 2, 10.5, 2.25], "texture": "#0"},
				"west": {"uv": [7.5, 4, 10.5, 4.25], "texture": "#0"},
				"up": {"uv": [6, 2, 9, 5], "rotation": 180, "texture": "#0"},
				"down": {"uv": [3.5, 2, 6.5, 5], "texture": "#0"}
			}
		},
		{
			"from": [8.6, 3.55, 6.55],
			"to": [11.6, 3.8, 9.55],
			"rotation": {"angle": 22.5, "axis": "z", "origin": [9.6, 3.675, 7.55]},
			"faces": {
				"north": {"uv": [7.5, 2.5, 10.5, 2.75], "texture": "#0"},
				"east": {"uv": [7.5, 2, 10.5, 2.25], "texture": "#0"},
				"south": {"uv": [7.5, 4, 10.5, 4.25], "texture": "#0"},
				"west": {"uv": [7.5, 4, 10.5, 4.25], "texture": "#0"},
				"up": {"uv": [6, 2, 9, 5], "rotation": 90, "texture": "#0"},
				"down": {"uv": [3.5, 2, 6.5, 5], "rotation": 90, "texture": "#0"}
			}
		},
		{
			"from": [4.67016, 3.15619, 6.42703],
			"to": [7.67016, 3.40619, 9.42703],
			"rotation": {"angle": -22.5, "axis": "z", "origin": [7.55832, 3.98967, 8.96351]},
			"faces": {
				"north": {"uv": [7.5, 4, 10.5, 4.25], "texture": "#0"},
				"east": {"uv": [7.5, 4, 10.5, 4.25], "texture": "#0"},
				"south": {"uv": [7.5, 2.5, 10.5, 2.75], "texture": "#0"},
				"west": {"uv": [7.5, 2, 10.5, 2.25], "texture": "#0"},
				"up": {"uv": [6, 2, 9, 5], "rotation": 270, "texture": "#0"},
				"down": {"uv": [3.5, 2, 6.5, 5], "rotation": 270, "texture": "#0"}
			}
		},
		{
			"from": [6, 3.74504, 4.98873],
			"to": [9, 3.99504, 6.98873],
			"rotation": {"angle": 45, "axis": "x", "origin": [7.50545, 3.86987, 6.47909]},
			"faces": {
				"north": {"uv": [7.5, 0, 10.5, 0.25], "texture": "#0"},
				"east": {"uv": [8, 1, 10, 1.25], "texture": "#0"},
				"south": {"uv": [7.5, 4, 10.5, 4.25], "texture": "#0"},
				"west": {"uv": [10, 1, 12, 1.25], "texture": "#0"},
				"up": {"uv": [7, 0, 10, 2], "texture": "#0"},
				"down": {"uv": [6, 1, 9, 3], "rotation": 180, "texture": "#0"}
			}
		},
		{
			"from": [6.96664, 3.40224, 8.74706],
			"to": [9.96664, 3.65224, 10.74706],
			"rotation": {"angle": -45, "axis": "x", "origin": [7.35832, 3.98967, 8.96351]},
			"faces": {
				"north": {"uv": [7.5, 4, 10.5, 4.25], "texture": "#0"},
				"east": {"uv": [10, 1, 12, 1.25], "texture": "#0"},
				"south": {"uv": [7.5, 0, 10.5, 0.25], "texture": "#0"},
				"west": {"uv": [8, 1, 10, 1.25], "texture": "#0"},
				"up": {"uv": [7, 0, 10, 2], "rotation": 180, "texture": "#0"},
				"down": {"uv": [6, 1, 9, 3], "texture": "#0"}
			}
		},
		{
			"from": [9.06127, 3.74504, 6.05],
			"to": [11.06127, 3.99504, 9.05],
			"rotation": {"angle": 45, "axis": "z", "origin": [9.57091, 3.86987, 7.55545]},
			"faces": {
				"north": {"uv": [10, 1, 12, 1.25], "texture": "#0"},
				"east": {"uv": [7.5, 0, 10.5, 0.25], "texture": "#0"},
				"south": {"uv": [8, 1, 10, 1.25], "texture": "#0"},
				"west": {"uv": [7.5, 4, 10.5, 4.25], "texture": "#0"},
				"up": {"uv": [7, 0, 10, 2], "rotation": 90, "texture": "#0"},
				"down": {"uv": [6, 1, 9, 3], "rotation": 90, "texture": "#0"}
			}
		},
		{
			"from": [5.40131, 3.02877, 6.92703],
			"to": [7.40131, 3.27877, 9.92703],
			"rotation": {"angle": -45, "axis": "z", "origin": [7.55832, 3.98967, 8.96351]},
			"faces": {
				"north": {"uv": [8, 1, 10, 1.25], "texture": "#0"},
				"east": {"uv": [7.5, 4, 10.5, 4.25], "texture": "#0"},
				"south": {"uv": [10, 1, 12, 1.25], "texture": "#0"},
				"west": {"uv": [7.5, 0, 10.5, 0.25], "texture": "#0"},
				"up": {"uv": [7, 0, 10, 2], "rotation": 270, "texture": "#0"},
				"down": {"uv": [6, 1, 9, 3], "rotation": 270, "texture": "#0"}
			}
		},
		{
			"from": [7.03236, 3.86321, 6.45608],
			"to": [9.03236, 4.86321, 6.70608],
			"rotation": {"angle": -22.5, "axis": "y", "origin": [8.02296, 4.36323, 7.99657]},
			"faces": {
				"north": {"uv": [7.5, 0.5, 9.5, 1.5], "texture": "#0"},
				"east": {"uv": [11, 0, 11.25, 1], "texture": "#0"},
				"south": {"uv": [9, 0, 11, 1], "texture": "#0"},
				"west": {"uv": [12.5, 0, 12.75, 1], "texture": "#0"},
				"up": {"uv": [8.5, 1, 10.5, 1.25], "texture": "#0"},
				"down": {"uv": [7.5, 4, 8.35, 4.85], "texture": "#0"}
			}
		},
		{
			"from": [6.51353, 3.86321, 9.12177],
			"to": [8.51353, 4.86321, 9.37177],
			"rotation": {"angle": -22.5, "axis": "y", "origin": [7.35832, 3.98967, 8.96351]},
			"faces": {
				"north": {"uv": [9, 0, 11, 1], "texture": "#0"},
				"east": {"uv": [12.5, 0, 12.75, 1], "texture": "#0"},
				"south": {"uv": [7.5, 0.5, 9.5, 1.5], "texture": "#0"},
				"west": {"uv": [11, 0, 11.25, 1], "texture": "#0"},
				"up": {"uv": [8.5, 1, 10.5, 1.25], "rotation": 180, "texture": "#0"},
				"down": {"uv": [7.5, 4, 8.35, 4.85], "rotation": 180, "texture": "#0"}
			}
		},
		{
			"from": [9.34392, 3.86321, 7.08236],
			"to": [9.59392, 4.86321, 9.08236],
			"rotation": {"angle": -22.5, "axis": "y", "origin": [8.05343, 4.36323, 8.07296]},
			"faces": {
				"north": {"uv": [12.5, 0, 12.75, 1], "texture": "#0"},
				"east": {"uv": [7.5, 0.5, 9.5, 1.5], "texture": "#0"},
				"south": {"uv": [11, 0, 11.25, 1], "texture": "#0"},
				"west": {"uv": [9, 0, 11, 1], "texture": "#0"},
				"up": {"uv": [8.5, 1, 10.5, 1.25], "rotation": 90, "texture": "#0"},
				"down": {"uv": [7.5, 4, 8.35, 4.85], "rotation": 270, "texture": "#0"}
			}
		},
		{
			"from": [6.03267, 3.86321, 6.80124],
			"to": [6.28267, 4.86321, 8.80124],
			"rotation": {"angle": -22.5, "axis": "y", "origin": [7.55832, 3.98967, 8.96351]},
			"faces": {
				"north": {"uv": [11, 0, 11.25, 1], "texture": "#0"},
				"east": {"uv": [9, 0, 11, 1], "texture": "#0"},
				"south": {"uv": [12.5, 0, 12.75, 1], "texture": "#0"},
				"west": {"uv": [7.5, 0.5, 9.5, 1.5], "texture": "#0"},
				"up": {"uv": [8.5, 1, 10.5, 1.25], "rotation": 270, "texture": "#0"},
				"down": {"uv": [7.5, 4, 8.35, 4.85], "rotation": 90, "texture": "#0"}
			}
		},
		{
			"from": [7.02532, 3.26321, 5.93144],
			"to": [9.02532, 5.26321, 6.18144],
			"rotation": {"angle": 45, "axis": "y", "origin": [8.02281, 4.46322, 8.00644]},
			"faces": {
				"north": {"uv": [5.5, 0, 7.5, 2], "texture": "#0"},
				"east": {"uv": [6.5, 0, 6.75, 2], "texture": "#0"},
				"south": {"uv": [5.5, 0, 7.5, 2], "texture": "#0"},
				"west": {"uv": [8.5, 0.5, 8.75, 2.5], "texture": "#0"},
				"up": {"uv": [5.5, 0, 7.5, 0.25], "texture": "#0"},
				"down": {"uv": [7.5, 4, 8.35, 4.85], "texture": "#0"}
			}
		},
		{
			"from": [7.37194, 3.26321, 10.50043],
			"to": [9.37194, 5.26321, 10.75043],
			"rotation": {"angle": 45, "axis": "y", "origin": [7.25832, 3.98967, 8.96351]},
			"faces": {
				"north": {"uv": [5.5, 0, 7.5, 2], "texture": "#0"},
				"east": {"uv": [8.5, 0.5, 8.75, 2.5], "texture": "#0"},
				"south": {"uv": [5.5, 0, 7.5, 2], "texture": "#0"},
				"west": {"uv": [6.5, 0, 6.75, 2], "texture": "#0"},
				"up": {"uv": [5.5, 0, 7.5, 0.25], "rotation": 180, "texture": "#0"},
				"down": {"uv": [7.5, 4, 8.35, 4.85], "rotation": 180, "texture": "#0"}
			}
		},
		{
			"from": [9.96856, 3.26321, 7.07532],
			"to": [10.21856, 5.26321, 9.07532],
			"rotation": {"angle": 45, "axis": "y", "origin": [8.14356, 4.46322, 8.07281]},
			"faces": {
				"north": {"uv": [8.5, 0.5, 8.75, 2.5], "texture": "#0"},
				"east": {"uv": [5.5, 0, 7.5, 2], "texture": "#0"},
				"south": {"uv": [6.5, 0, 6.75, 2], "texture": "#0"},
				"west": {"uv": [5.5, 0, 7.5, 2], "texture": "#0"},
				"up": {"uv": [5.5, 0, 7.5, 0.25], "rotation": 90, "texture": "#0"},
				"down": {"uv": [7.5, 4, 8.35, 4.85], "rotation": 270, "texture": "#0"}
			}
		},
		{
			"from": [6.56099, 3.26321, 7.54061],
			"to": [6.81099, 5.26321, 9.54061],
			"rotation": {"angle": 45, "axis": "y", "origin": [7.55832, 3.98967, 8.96351]},
			"faces": {
				"north": {"uv": [6.5, 0, 6.75, 2], "texture": "#0"},
				"east": {"uv": [5.5, 0, 7.5, 2], "texture": "#0"},
				"south": {"uv": [8.5, 0.5, 8.75, 2.5], "texture": "#0"},
				"west": {"uv": [5.5, 0, 7.5, 2], "texture": "#0"},
				"up": {"uv": [5.5, 0, 7.5, 0.25], "rotation": 270, "texture": "#0"},
				"down": {"uv": [7.5, 4, 8.35, 4.85], "rotation": 90, "texture": "#0"}
			}
		}
	],
	"display": {
		"thirdperson": {
			"rotation": [60, 90, -90],
			"translation": [0.5, -0, -8],
			"scale": [1.5, 1.5, 1.5]
		},
		"firstperson": {
			"rotation": [-30, 70, 0],
			"translation": [2, 10, 0],
			"scale": [2, 2, 2]
		},
		"ground": {
			"translation": [0, 5, 0],
			"scale": [2, 2, 2]
		},
		"gui": {
			"rotation": [-30, -30, 35],
			"translation": [-8.6, 4, 0],
			"scale": [2.5, 2.5, 2.5]
		},
		"fixed": {
			"scale": [2, 2, 2]
		}
	}
}