{
	"credit": "Made with Blockbench",
	"texture_size": [32, 32],
	"textures": {
		"0": "skins/scorpion",
		"particle": "skins/scorpion"
	},
	"elements": [
		{
			"from": [7.251, -5.63587, 7.86413],
			"to": [8.749, -4.63787, 8.86213],
			"rotation": {"angle": 0, "axis": "y", "origin": [8, -7.63687, 15.86313]},
			"faces": {
				"north": {"uv": [0.5, 9, 2, 10], "rotation": 180, "texture": "#0"},
				"east": {"uv": [0.5, 9, 2, 10], "rotation": 180, "texture": "#0"},
				"south": {"uv": [0.5, 9, 2, 10], "rotation": 180, "texture": "#0"},
				"west": {"uv": [0.5, 9, 2, 10], "rotation": 180, "texture": "#0"},
				"up": {"uv": [0.5, 9, 2, 10], "rotation": 180, "texture": "#0"},
				"down": {"uv": [0.5, 9, 2, 10], "rotation": 180, "texture": "#0"}
			}
		},
		{
			"from": [7.4, -12.23687, 7.76313],
			"to": [8.6, -6.03687, 8.96313],
			"rotation": {"angle": 0, "axis": "y", "origin": [8, -3.63687, 15.86313]},
			"faces": {
				"north": {"uv": [3, 0, 5, 7], "rotation": 180, "texture": "#0"},
				"east": {"uv": [3, 0, 5, 7], "rotation": 180, "texture": "#0"},
				"south": {"uv": [3, 0, 5, 7], "rotation": 180, "texture": "#0"},
				"west": {"uv": [3, 0, 5, 7], "rotation": 180, "texture": "#0"},
				"up": {"uv": [3, 0, 5, 7], "rotation": 180, "texture": "#0"},
				"down": {"uv": [3, 0, 5, 7], "rotation": 180, "texture": "#0"}
			}
		},
		{
			"from": [7.2, -10.93687, 7.56313],
			"to": [8.8, -10.33687, 9.16313],
			"rotation": {"angle": 0, "axis": "y", "origin": [8, -4.88687, 15.86313]},
			"faces": {
				"north": {"uv": [0, 0, 2.5, 1], "texture": "#0"},
				"east": {"uv": [2.5, 0, 5, 1], "texture": "#0"},
				"south": {"uv": [0, 0.5, 2.5, 1.5], "texture": "#0"},
				"west": {"uv": [3, 7, 5.5, 8], "texture": "#0"},
				"up": {"uv": [0, 0, 2.5, 1], "texture": "#0"},
				"down": {"uv": [3, 0.5, 5, 2.5], "texture": "#0"}
			}
		},
		{
			"from": [7.2, -9.93687, 7.56313],
			"to": [8.8, -9.33687, 9.16313],
			"rotation": {"angle": 0, "axis": "y", "origin": [8, -3.88687, 15.86313]},
			"faces": {
				"north": {"uv": [0, 0, 2.5, 1], "texture": "#0"},
				"east": {"uv": [0, 0, 2.5, 1], "texture": "#0"},
				"south": {"uv": [0, 0.5, 2.5, 1.5], "texture": "#0"},
				"west": {"uv": [0, 0, 2.5, 1], "texture": "#0"},
				"up": {"uv": [0, 0, 2.5, 1], "texture": "#0"},
				"down": {"uv": [3, 0, 5.5, 1], "texture": "#0"}
			}
		},
		{
			"from": [7.2, -8.93687, 7.56313],
			"to": [8.8, -8.33687, 9.16313],
			"rotation": {"angle": 0, "axis": "y", "origin": [8, -2.88687, 15.86313]},
			"faces": {
				"north": {"uv": [0, 0, 2.5, 1], "texture": "#0"},
				"east": {"uv": [0, 0, 2.5, 1], "texture": "#0"},
				"south": {"uv": [0, 0.5, 2.5, 1.5], "texture": "#0"},
				"west": {"uv": [0, 0, 2.5, 1], "texture": "#0"},
				"up": {"uv": [0, 0, 2.5, 1], "texture": "#0"},
				"down": {"uv": [2.5, 0, 5, 1], "texture": "#0"}
			}
		},
		{
			"from": [7.2, -7.93687, 7.56313],
			"to": [8.8, -7.33687, 9.16313],
			"rotation": {"angle": 0, "axis": "y", "origin": [8, -1.88687, 15.86313]},
			"faces": {
				"north": {"uv": [0, 0, 2.5, 1], "texture": "#0"},
				"east": {"uv": [0, 0, 2.5, 1], "texture": "#0"},
				"south": {"uv": [0, 0.5, 2.5, 1.5], "texture": "#0"},
				"west": {"uv": [0, 0, 2.5, 1], "texture": "#0"},
				"up": {"uv": [0, 0, 2.5, 1], "texture": "#0"},
				"down": {"uv": [3, 0, 5.5, 1], "texture": "#0"}
			}
		},
		{
			"from": [6.751, -8.88587, 7.86413],
			"to": [9.249, -6.88787, 8.86213],
			"rotation": {"angle": 0, "axis": "y", "origin": [7.5, -2.88687, 16.11313]},
			"faces": {
				"north": {"uv": [2.5, 0.5, 5, 3.5], "rotation": 90, "texture": "#0"},
				"east": {"uv": [2.5, 4.5, 5, 6], "rotation": 90, "texture": "#0"},
				"south": {"uv": [2.5, 0.5, 5, 3.5], "rotation": 90, "texture": "#0"},
				"west": {"uv": [2.5, 0.5, 5, 2], "rotation": 90, "texture": "#0"},
				"up": {"uv": [2.5, 0.5, 5, 3.5], "rotation": 90, "texture": "#0"},
				"down": {"uv": [2.5, 0.5, 5, 3.5], "rotation": 90, "texture": "#0"}
			}
		},
		{
			"from": [7.001, -10.88587, 7.86413],
			"to": [8.999, -8.88787, 8.86213],
			"rotation": {"angle": 0, "axis": "y", "origin": [7.75, -4.88687, 16.11313]},
			"faces": {
				"north": {"uv": [3, 0, 5.5, 2.5], "rotation": 180, "texture": "#0"},
				"east": {"uv": [3, 0, 4.5, 2.5], "rotation": 180, "texture": "#0"},
				"south": {"uv": [3, 0, 4.5, 2.5], "rotation": 180, "texture": "#0"},
				"west": {"uv": [3, 0, 4.5, 2.5], "rotation": 180, "texture": "#0"},
				"up": {"uv": [3, 0, 4.5, 2.5], "rotation": 180, "texture": "#0"},
				"down": {"uv": [3, 0, 4.5, 2.5], "rotation": 180, "texture": "#0"}
			}
		},
		{
			"from": [6.75, -7.48687, 7.61313],
			"to": [9.25, -4.98687, 9.11313],
			"rotation": {"angle": 45, "axis": "z", "origin": [8.03447, -6.23657, 8.32836]},
			"faces": {
				"north": {"uv": [0, 2, 2.5, 4.5], "rotation": 90, "texture": "#0"},
				"east": {"uv": [0, 3, 2.5, 4.5], "rotation": 90, "texture": "#0"},
				"south": {"uv": [0, 2, 2.5, 4.5], "rotation": 180, "texture": "#0"},
				"west": {"uv": [0, 2, 2.5, 3.5], "rotation": 90, "texture": "#0"},
				"up": {"uv": [0, 3, 2.5, 4.5], "rotation": 180, "texture": "#0"},
				"down": {"uv": [0.5, 2, 3, 3.5], "rotation": 90, "texture": "#0"}
			}
		},
		{
			"from": [6.75, -7.18687, 7.36313],
			"to": [8.25, -5.68687, 8.86313],
			"rotation": {"angle": 45, "axis": "z", "origin": [8.03447, -5.93657, 8.07836]},
			"faces": {
				"north": {"uv": [1, 0, 2.5, 1.5], "rotation": 180, "texture": "#0"},
				"east": {"uv": [2.5, 0, 4, 1.5], "rotation": 180, "texture": "#0"},
				"south": {"uv": [2.5, 0, 4, 1.5], "rotation": 180, "texture": "#0"},
				"west": {"uv": [1, 0, 2.5, 1.5], "rotation": 270, "texture": "#0"},
				"up": {"uv": [2.5, 0, 4, 1.5], "rotation": 180, "texture": "#0"},
				"down": {"uv": [1, 0, 2.5, 1.5], "rotation": 270, "texture": "#0"}
			}
		},
		{
			"from": [7.30162, -14.2095, 6.14839],
			"to": [8.70162, -13.3095, 7.54839],
			"rotation": {"angle": -22.5, "axis": "x", "origin": [8.03475, -13.05344, 5.31996]},
			"faces": {
				"north": {"uv": [3, 0, 3.75, 1], "rotation": 270, "texture": "#0"},
				"east": {"uv": [1, 1, 1.75, 2], "rotation": 270, "texture": "#0"},
				"south": {"uv": [1, 1, 1.75, 2], "rotation": 270, "texture": "#0"},
				"west": {"uv": [2.5, 1, 3, 2], "rotation": 90, "texture": "#0"},
				"up": {"uv": [3, 1, 4.5, 2.5], "rotation": 180, "texture": "#0"},
				"down": {"uv": [4, 0, 5, 1], "rotation": 270, "texture": "#0"}
			}
		},
		{
			"from": [7.20162, -12.90637, 7.45435],
			"to": [8.80162, -11.80637, 9.05435],
			"rotation": {"angle": -45, "axis": "x", "origin": [8.03792, -12.64253, 8.12083]},
			"faces": {
				"north": {"uv": [2.5, 0, 3.25, 1], "rotation": 270, "texture": "#0"},
				"east": {"uv": [2.5, 0.5, 3.5, 2], "rotation": 270, "texture": "#0"},
				"south": {"uv": [2.5, 0, 3.25, 1], "rotation": 270, "texture": "#0"},
				"west": {"uv": [3, 0, 4.25, 1.5], "rotation": 90, "texture": "#0"},
				"up": {"uv": [3, 5, 4.5, 6.5], "rotation": 270, "texture": "#0"},
				"down": {"uv": [2.5, 5, 4, 6.5], "rotation": 270, "texture": "#0"}
			}
		},
		{
			"from": [7.35162, -13.15447, 5.67617],
			"to": [8.65162, -12.35447, 6.97617],
			"rotation": {"angle": 22.5, "axis": "x", "origin": [8.0344, -12.41163, 5.26817]},
			"faces": {
				"north": {"uv": [1.5, 2, 2, 3], "rotation": 270, "texture": "#0"},
				"east": {"uv": [1, 1, 2.5, 1.5], "rotation": 180, "texture": "#0"},
				"south": {"uv": [1, 1, 2.5, 3], "rotation": 270, "texture": "#0"},
				"west": {"uv": [4, 2, 5, 2.5], "texture": "#0"},
				"up": {"uv": [0, 2.5, 1, 3.5], "rotation": 90, "texture": "#0"},
				"down": {"uv": [1, 2, 2, 3], "rotation": 270, "texture": "#0"}
			}
		},
		{
			"from": [7.40346, -12.89335, 4.67902],
			"to": [8.60346, -12.19335, 5.87902],
			"rotation": {"angle": 45, "axis": "x", "origin": [8.0344, -12.41163, 5.26817]},
			"faces": {
				"north": {"uv": [1, 1, 1.75, 2], "rotation": 270, "texture": "#0"},
				"east": {"uv": [1, 1, 2, 1.5], "rotation": 180, "texture": "#0"},
				"south": {"uv": [1, 1, 1.75, 2], "rotation": 270, "texture": "#0"},
				"west": {"uv": [1, 1, 1.75, 1.5], "rotation": 270, "texture": "#0"},
				"up": {"uv": [1, 1, 2, 2], "rotation": 270, "texture": "#0"},
				"down": {"uv": [1, 1, 2, 2], "rotation": 270, "texture": "#0"}
			}
		},
		{
			"from": [7.4548, -12.00132, 4.64598],
			"to": [8.5548, -10.90132, 5.24598],
			"rotation": {"angle": -22.5, "axis": "x", "origin": [8.0344, -12.41163, 5.26817]},
			"faces": {
				"north": {"uv": [1, 0.5, 2, 1.5], "texture": "#0"},
				"east": {"uv": [1, 1, 2, 1.5], "rotation": 270, "texture": "#0"},
				"south": {"uv": [1, 1, 2, 2], "rotation": 270, "texture": "#0"},
				"west": {"uv": [1, 1, 2, 1.5], "rotation": 270, "texture": "#0"},
				"up": {"uv": [1, 0, 1.5, 1], "rotation": 90, "texture": "#0"},
				"down": {"uv": [1, 1, 1.75, 2], "rotation": 270, "texture": "#0"}
			}
		},
		{
			"from": [7.50509, -11.20474, 4.16543],
			"to": [8.50509, -10.20474, 4.66543],
			"rotation": {"angle": 0, "axis": "x", "origin": [8.03117, -10.68583, 4.38764]},
			"faces": {
				"north": {"uv": [1, 0, 2, 1], "rotation": 270, "texture": "#0"},
				"east": {"uv": [1, 1, 2, 1.5], "rotation": 270, "texture": "#0"},
				"south": {"uv": [1, 1, 2, 2], "rotation": 270, "texture": "#0"},
				"west": {"uv": [1, 1, 2, 1.5], "rotation": 270, "texture": "#0"},
				"up": {"uv": [1, 0, 1.5, 1], "rotation": 270, "texture": "#0"},
				"down": {"uv": [1, 1, 1.75, 2], "rotation": 270, "texture": "#0"}
			}
		},
		{
			"from": [7.55481, -10.19991, 4.00996],
			"to": [8.45481, -9.29991, 4.40996],
			"rotation": {"angle": 22.5, "axis": "x", "origin": [8.0312, -10.74341, 4.17709]},
			"faces": {
				"north": {"uv": [1.5, 0, 2.5, 1], "rotation": 270, "texture": "#0"},
				"east": {"uv": [1, 1, 2, 1.5], "rotation": 270, "texture": "#0"},
				"south": {"uv": [1, 1, 2, 2], "rotation": 270, "texture": "#0"},
				"west": {"uv": [1, 1, 2, 1.5], "rotation": 270, "texture": "#0"},
				"up": {"uv": [1, 1, 1.75, 2], "rotation": 270, "texture": "#0"},
				"down": {"uv": [1, 1, 1.75, 2], "rotation": 270, "texture": "#0"}
			}
		},
		{
			"from": [7.70481, -9.43438, 4.57812],
			"to": [8.30481, -8.83438, 5.17812],
			"rotation": {"angle": -22.5, "axis": "x", "origin": [8.02944, -9.12887, 4.94798]},
			"faces": {
				"north": {"uv": [10, 0.5, 11, 1.5], "texture": "#0"},
				"east": {"uv": [10, 0.5, 11, 1.5], "texture": "#0"},
				"south": {"uv": [10, 0.5, 11, 1.5], "texture": "#0"},
				"west": {"uv": [10, 0.5, 11, 1.5], "texture": "#0"},
				"up": {"uv": [10, 0.5, 11, 1.5], "texture": "#0"},
				"down": {"uv": [10, 0.5, 11, 1.5], "texture": "#0"}
			}
		},
		{
			"from": [7.75481, -9.18013, 5.04387],
			"to": [8.25481, -8.68013, 5.34387],
			"rotation": {"angle": 22.5, "axis": "x", "origin": [8.02928, -8.7143, 5.2686]},
			"faces": {
				"north": {"uv": [10.5, 0.5, 10.65, 0.75], "rotation": 270, "texture": "#0"},
				"east": {"uv": [10.5, 0.5, 10.65, 0.75], "rotation": 270, "texture": "#0"},
				"south": {"uv": [10.5, 0.5, 10.65, 0.75], "rotation": 270, "texture": "#0"},
				"west": {"uv": [10.5, 0.5, 10.65, 0.75], "rotation": 270, "texture": "#0"},
				"up": {"uv": [10.5, 0.5, 10.65, 0.75], "rotation": 270, "texture": "#0"},
				"down": {"uv": [10.5, 0.5, 10.65, 0.75], "rotation": 270, "texture": "#0"}
			}
		},
		{
			"from": [7.80424, -8.76169, 5.10194],
			"to": [8.20424, -8.36169, 5.30194],
			"rotation": {"angle": 0, "axis": "x", "origin": [8.02868, -8.46818, 5.17249]},
			"faces": {
				"north": {"uv": [10.5, 0.5, 10.65, 0.75], "rotation": 270, "texture": "#0"},
				"east": {"uv": [10.5, 0.5, 10.65, 0.75], "rotation": 270, "texture": "#0"},
				"south": {"uv": [10.5, 0.5, 10.65, 0.75], "rotation": 270, "texture": "#0"},
				"west": {"uv": [10.5, 0.5, 10.65, 0.75], "rotation": 270, "texture": "#0"},
				"up": {"uv": [10.5, 0.5, 10.65, 0.75], "rotation": 270, "texture": "#0"},
				"down": {"uv": [10.5, 0.5, 10.65, 0.75], "rotation": 270, "texture": "#0"}
			}
		},
		{
			"from": [7.52, -5.61687, 7.63313],
			"to": [8.48, -4.65687, 9.09313],
			"rotation": {"angle": 0, "axis": "y", "origin": [8, -5.82696, 8.36313]},
			"faces": {
				"north": {"uv": [0.5, 9, 2, 10], "rotation": 90, "texture": "#0"},
				"east": {"uv": [0.5, 9, 2, 10], "rotation": 90, "texture": "#0"},
				"south": {"uv": [0.5, 9, 2, 10], "rotation": 90, "texture": "#0"},
				"west": {"uv": [0.5, 9, 2, 10], "rotation": 90, "texture": "#0"},
				"up": {"uv": [0.5, 9, 2, 10], "rotation": 90, "texture": "#0"},
				"down": {"uv": [0.5, 9, 2, 10], "rotation": 90, "texture": "#0"}
			}
		},
		{
			"from": [10.88524, -5.90432, 7.9625],
			"to": [11.68524, -5.10432, 8.7625],
			"rotation": {"angle": 45, "axis": "z", "origin": [11.18117, -5.34746, 8.34138]},
			"faces": {
				"north": {"uv": [0, 1, 1, 2], "rotation": 270, "texture": "#0"},
				"east": {"uv": [1, 2.5, 2, 3.5], "rotation": 180, "texture": "#0"},
				"south": {"uv": [1, 1, 2, 2], "texture": "#0"},
				"west": {"uv": [1, 1.5, 2, 2.5], "rotation": 180, "texture": "#0"},
				"up": {"uv": [1.5, 0.5, 2.5, 1.5], "rotation": 180, "texture": "#0"},
				"down": {"uv": [1, 1.5, 2, 2.5], "rotation": 180, "texture": "#0"}
			}
		},
		{
			"from": [4.31476, -5.90432, 7.9625],
			"to": [5.11476, -5.10432, 8.7625],
			"rotation": {"angle": -45, "axis": "z", "origin": [4.81883, -5.34746, 8.34138]},
			"faces": {
				"north": {"uv": [0, 2, 1, 1], "rotation": 270, "texture": "#0"},
				"east": {"uv": [2, 1.5, 1, 2.5], "rotation": 180, "texture": "#0"},
				"south": {"uv": [2, 1, 1, 2], "texture": "#0"},
				"west": {"uv": [2, 2.5, 1, 3.5], "rotation": 180, "texture": "#0"},
				"up": {"uv": [2.5, 0.5, 1.5, 1.5], "rotation": 180, "texture": "#0"},
				"down": {"uv": [2, 1.5, 1, 2.5], "rotation": 180, "texture": "#0"}
			}
		},
		{
			"from": [11.63078, -4.5622, 8.06149],
			"to": [12.23078, -3.6622, 8.66149],
			"rotation": {"angle": 0, "axis": "z", "origin": [11.73237, -3.54618, 8.32109]},
			"faces": {
				"north": {"uv": [3, 0, 5, 1], "rotation": 270, "texture": "#0"},
				"east": {"uv": [3, 0, 5, 1], "rotation": 270, "texture": "#0"},
				"south": {"uv": [3, 0, 5, 1], "rotation": 270, "texture": "#0"},
				"west": {"uv": [3, 0, 5, 1], "rotation": 270, "texture": "#0"},
				"up": {"uv": [3, 0, 5, 1], "rotation": 270, "texture": "#0"},
				"down": {"uv": [3, 0, 5, 1], "rotation": 270, "texture": "#0"}
			}
		},
		{
			"from": [3.76922, -4.5622, 8.06149],
			"to": [4.36922, -3.6622, 8.66149],
			"rotation": {"angle": 0, "axis": "z", "origin": [4.26763, -3.54618, 8.32109]},
			"faces": {
				"north": {"uv": [3, 1, 5, 0], "rotation": 270, "texture": "#0"},
				"east": {"uv": [3, 1, 5, 0], "rotation": 270, "texture": "#0"},
				"south": {"uv": [3, 1, 5, 0], "rotation": 270, "texture": "#0"},
				"west": {"uv": [3, 1, 5, 0], "rotation": 270, "texture": "#0"},
				"up": {"uv": [3, 1, 5, 0], "rotation": 270, "texture": "#0"},
				"down": {"uv": [3, 1, 5, 0], "rotation": 270, "texture": "#0"}
			}
		},
		{
			"from": [11.08888, -5.09488, 7.96299],
			"to": [11.88888, -3.99488, 8.76299],
			"rotation": {"angle": -22.5, "axis": "z", "origin": [11.18117, -5.34746, 8.34138]},
			"faces": {
				"north": {"uv": [1, 0.5, 2.5, 1.5], "rotation": 90, "texture": "#0"},
				"east": {"uv": [1, 1, 2.3, 2], "rotation": 90, "texture": "#0"},
				"south": {"uv": [2.5, 0.5, 1, 1.5], "rotation": 270, "texture": "#0"},
				"west": {"uv": [1, 0, 2.5, 1], "rotation": 90, "texture": "#0"},
				"up": {"uv": [1, 1, 2, 2], "rotation": 90, "texture": "#0"},
				"down": {"uv": [1, 1, 2, 2], "rotation": 90, "texture": "#0"}
			}
		},
		{
			"from": [4.11112, -5.09488, 7.96299],
			"to": [4.91112, -3.99488, 8.76299],
			"rotation": {"angle": 22.5, "axis": "z", "origin": [4.81883, -5.34746, 8.34138]},
			"faces": {
				"north": {"uv": [1, 1.5, 2.5, 0.5], "rotation": 90, "texture": "#0"},
				"east": {"uv": [1, 1, 2.5, 0], "rotation": 90, "texture": "#0"},
				"south": {"uv": [2.5, 1.5, 1, 0.5], "rotation": 270, "texture": "#0"},
				"west": {"uv": [1, 2, 2.3, 1], "rotation": 90, "texture": "#0"},
				"up": {"uv": [1, 2, 2, 1], "rotation": 90, "texture": "#0"},
				"down": {"uv": [1, 2, 2, 1], "rotation": 90, "texture": "#0"}
			}
		},
		{
			"from": [11.40394, -3.9721, 7.95772],
			"to": [12.20394, -3.1721, 8.75772],
			"rotation": {"angle": 22.5, "axis": "z", "origin": [11.73237, -3.54618, 8.32109]},
			"faces": {
				"north": {"uv": [1, 0.5, 2, 1.5], "texture": "#0"},
				"east": {"uv": [1, 0, 2, 1], "rotation": 90, "texture": "#0"},
				"south": {"uv": [1, 1, 2, 2], "rotation": 90, "texture": "#0"},
				"west": {"uv": [1, 1, 2, 2], "rotation": 270, "texture": "#0"},
				"up": {"uv": [1, 1, 2, 2], "rotation": 270, "texture": "#0"},
				"down": {"uv": [1, 1, 2, 2], "rotation": 270, "texture": "#0"}
			}
		},
		{
			"from": [3.79606, -3.9721, 7.95772],
			"to": [4.59606, -3.1721, 8.75772],
			"rotation": {"angle": -22.5, "axis": "z", "origin": [4.26763, -3.54618, 8.32109]},
			"faces": {
				"north": {"uv": [2, 0.5, 1, 1.5], "texture": "#0"},
				"east": {"uv": [1, 2, 2, 1], "rotation": 270, "texture": "#0"},
				"south": {"uv": [1, 2, 2, 1], "rotation": 90, "texture": "#0"},
				"west": {"uv": [1, 1, 2, 0], "rotation": 90, "texture": "#0"},
				"up": {"uv": [1, 2, 2, 1], "rotation": 270, "texture": "#0"},
				"down": {"uv": [1, 2, 2, 1], "rotation": 270, "texture": "#0"}
			}
		},
		{
			"from": [8.16557, -6.49942, 7.20772],
			"to": [8.96557, -5.69942, 8.00772],
			"rotation": {"angle": 45, "axis": "y", "origin": [8.59108, -6.1086, 7.57936]},
			"faces": {
				"north": {"uv": [10, 0.5, 11, 1.5], "rotation": 270, "texture": "#0"},
				"east": {"uv": [10, 0.5, 11, 1.5], "rotation": 270, "texture": "#0"},
				"south": {"uv": [10, 0.5, 11, 1.5], "rotation": 270, "texture": "#0"},
				"west": {"uv": [10, 0.5, 11, 1.5], "rotation": 270, "texture": "#0"},
				"up": {"uv": [10, 0.5, 11, 1.5], "rotation": 270, "texture": "#0"},
				"down": {"uv": [10, 0.5, 11, 1.5], "rotation": 270, "texture": "#0"}
			}
		},
		{
			"from": [7.03443, -6.49942, 7.20772],
			"to": [7.83443, -5.69942, 8.00772],
			"rotation": {"angle": -45, "axis": "y", "origin": [7.40892, -6.1086, 7.57936]},
			"faces": {
				"north": {"uv": [10, 0.5, 11, 1.5], "texture": "#0"},
				"east": {"uv": [10, 0.5, 11, 1.5], "texture": "#0"},
				"south": {"uv": [10, 0.5, 11, 1.5], "texture": "#0"},
				"west": {"uv": [10, 0.5, 11, 1.5], "texture": "#0"},
				"up": {"uv": [10, 0.5, 11, 1.5], "texture": "#0"},
				"down": {"uv": [10, 0.5, 11, 1.5], "texture": "#0"}
			}
		},
		{
			"from": [10.80394, -2.8221, 7.80772],
			"to": [11.60394, -2.0221, 8.90772],
			"rotation": {"angle": 22.5, "axis": "z", "origin": [11.73237, -3.54618, 8.32109]},
			"faces": {
				"north": {"uv": [10, 0.5, 11, 1.5], "texture": "#0"},
				"east": {"uv": [10, 0.5, 11, 1.5], "rotation": 270, "texture": "#0"},
				"south": {"uv": [10, 0.5, 11, 1.5], "rotation": 270, "texture": "#0"},
				"west": {"uv": [10, 0.5, 11, 1.5], "rotation": 270, "texture": "#0"},
				"up": {"uv": [10, 0.5, 11, 1.5], "rotation": 270, "texture": "#0"},
				"down": {"uv": [10, 0.5, 11, 1.5], "rotation": 270, "texture": "#0"}
			}
		},
		{
			"from": [4.39606, -2.8221, 7.80772],
			"to": [5.19606, -2.0221, 8.90772],
			"rotation": {"angle": -22.5, "axis": "z", "origin": [4.26763, -3.54618, 8.32109]},
			"faces": {
				"north": {"uv": [11, 0.5, 10, 1.5], "texture": "#0"},
				"east": {"uv": [10, 1.5, 11, 0.5], "rotation": 270, "texture": "#0"},
				"south": {"uv": [10, 1.5, 11, 0.5], "rotation": 270, "texture": "#0"},
				"west": {"uv": [10, 1.5, 11, 0.5], "rotation": 270, "texture": "#0"},
				"up": {"uv": [10, 1.5, 11, 0.5], "rotation": 270, "texture": "#0"},
				"down": {"uv": [10, 1.5, 11, 0.5], "rotation": 270, "texture": "#0"}
			}
		},
		{
			"from": [11.51011, -3.38084, 7.95805],
			"to": [12.31011, -1.58084, 8.75805],
			"rotation": {"angle": 45, "axis": "z", "origin": [11.73237, -3.54618, 8.32109]},
			"faces": {
				"north": {"uv": [1, 0.5, 3, 1.5], "rotation": 270, "texture": "#0"},
				"east": {"uv": [1, 0, 3, 1], "rotation": 270, "texture": "#0"},
				"south": {"uv": [1, 1.5, 3, 0.5], "rotation": 270, "texture": "#0"},
				"west": {"uv": [1, 1, 3, 2], "rotation": 270, "texture": "#0"},
				"up": {"uv": [1, 1, 2, 2], "rotation": 270, "texture": "#0"},
				"down": {"uv": [1, 1, 2, 2], "rotation": 270, "texture": "#0"}
			}
		},
		{
			"from": [3.68989, -3.38084, 7.95805],
			"to": [4.48989, -1.58084, 8.75805],
			"rotation": {"angle": -45, "axis": "z", "origin": [4.26763, -3.54618, 8.32109]},
			"faces": {
				"north": {"uv": [1, 1.5, 3, 0.5], "rotation": 270, "texture": "#0"},
				"east": {"uv": [1, 2, 3, 1], "rotation": 270, "texture": "#0"},
				"south": {"uv": [1, 0.5, 3, 1.5], "rotation": 270, "texture": "#0"},
				"west": {"uv": [1, 1, 3, 0], "rotation": 270, "texture": "#0"},
				"up": {"uv": [1, 2, 2, 1], "rotation": 270, "texture": "#0"},
				"down": {"uv": [1, 2, 2, 1], "rotation": 270, "texture": "#0"}
			}
		},
		{
			"from": [9.54444, -2.30628, 8.10805],
			"to": [10.94444, -2.00628, 8.60805],
			"rotation": {"angle": -22.5, "axis": "z", "origin": [10.63539, -2.02669, 8.34524]},
			"faces": {
				"north": {"uv": [3, 0, 4.5, 0.5], "rotation": 180, "texture": "#0"},
				"east": {"uv": [3, 0, 4.5, 0.5], "rotation": 180, "texture": "#0"},
				"south": {"uv": [3, 0, 4.5, 0.5], "rotation": 180, "texture": "#0"},
				"west": {"uv": [3, 0, 4.5, 0.5], "rotation": 180, "texture": "#0"},
				"up": {"uv": [3, 0, 4.5, 0.5], "rotation": 180, "texture": "#0"},
				"down": {"uv": [3, 0, 4.5, 0.5], "rotation": 180, "texture": "#0"}
			}
		},
		{
			"from": [5.05556, -2.30628, 8.10805],
			"to": [6.45556, -2.00628, 8.60805],
			"rotation": {"angle": 22.5, "axis": "z", "origin": [5.36461, -2.02669, 8.34524]},
			"faces": {
				"north": {"uv": [4.5, 0, 3, 0.5], "rotation": 180, "texture": "#0"},
				"east": {"uv": [4.5, 0, 3, 0.5], "rotation": 180, "texture": "#0"},
				"south": {"uv": [4.5, 0, 3, 0.5], "rotation": 180, "texture": "#0"},
				"west": {"uv": [4.5, 0, 3, 0.5], "rotation": 180, "texture": "#0"},
				"up": {"uv": [4.5, 0, 3, 0.5], "rotation": 180, "texture": "#0"},
				"down": {"uv": [4.5, 0, 3, 0.5], "rotation": 180, "texture": "#0"}
			}
		},
		{
			"from": [9.82007, -1.96566, 8.10683],
			"to": [10.92007, -1.66566, 8.60683],
			"rotation": {"angle": 0, "axis": "z", "origin": [10.00365, -1.83103, 8.34368]},
			"faces": {
				"north": {"uv": [3, 0, 4.5, 0.5], "rotation": 180, "texture": "#0"},
				"east": {"uv": [3, 0, 4.5, 0.5], "rotation": 180, "texture": "#0"},
				"south": {"uv": [3, 0, 4.5, 0.5], "rotation": 180, "texture": "#0"},
				"west": {"uv": [3, 0, 4.5, 0.5], "rotation": 180, "texture": "#0"},
				"up": {"uv": [3, 0, 4.5, 0.5], "rotation": 180, "texture": "#0"},
				"down": {"uv": [3, 0, 4.5, 0.5], "rotation": 180, "texture": "#0"}
			}
		},
		{
			"from": [5.07993, -1.96566, 8.10683],
			"to": [6.17993, -1.66566, 8.60683],
			"rotation": {"angle": 0, "axis": "z", "origin": [5.99635, -1.83103, 8.34368]},
			"faces": {
				"north": {"uv": [4.5, 0, 3, 0.5], "rotation": 180, "texture": "#0"},
				"east": {"uv": [4.5, 0, 3, 0.5], "rotation": 180, "texture": "#0"},
				"south": {"uv": [4.5, 0, 3, 0.5], "rotation": 180, "texture": "#0"},
				"west": {"uv": [4.5, 0, 3, 0.5], "rotation": 180, "texture": "#0"},
				"up": {"uv": [4.5, 0, 3, 0.5], "rotation": 180, "texture": "#0"},
				"down": {"uv": [4.5, 0, 3, 0.5], "rotation": 180, "texture": "#0"}
			}
		},
		{
			"from": [9.14523, -2.82331, 8.10805],
			"to": [10.24523, -2.52331, 8.60805],
			"rotation": {"angle": -45, "axis": "z", "origin": [9.82723, -2.78869, 8.34285]},
			"faces": {
				"north": {"uv": [3, 0, 4.5, 0.5], "rotation": 180, "texture": "#0"},
				"east": {"uv": [3, 0, 4.5, 0.5], "rotation": 180, "texture": "#0"},
				"south": {"uv": [3, 0, 4.5, 0.5], "rotation": 180, "texture": "#0"},
				"west": {"uv": [3, 0, 4.5, 0.5], "rotation": 180, "texture": "#0"},
				"up": {"uv": [3, 0, 4.5, 0.5], "rotation": 180, "texture": "#0"},
				"down": {"uv": [3, 0, 4.5, 0.5], "rotation": 180, "texture": "#0"}
			}
		},
		{
			"from": [5.75477, -2.82331, 8.10805],
			"to": [6.85477, -2.52331, 8.60805],
			"rotation": {"angle": 45, "axis": "z", "origin": [6.17277, -2.78869, 8.34285]},
			"faces": {
				"north": {"uv": [4.5, 0, 3, 0.5], "rotation": 180, "texture": "#0"},
				"east": {"uv": [4.5, 0, 3, 0.5], "rotation": 180, "texture": "#0"},
				"south": {"uv": [4.5, 0, 3, 0.5], "rotation": 180, "texture": "#0"},
				"west": {"uv": [4.5, 0, 3, 0.5], "rotation": 180, "texture": "#0"},
				"up": {"uv": [4.5, 0, 3, 0.5], "rotation": 180, "texture": "#0"},
				"down": {"uv": [4.5, 0, 3, 0.5], "rotation": 180, "texture": "#0"}
			}
		},
		{
			"from": [9.22571, -2.61201, 8.10737],
			"to": [10.52571, -2.31201, 8.60737],
			"rotation": {"angle": -22.5, "axis": "z", "origin": [9.96513, -2.48285, 8.3424]},
			"faces": {
				"north": {"uv": [3, 0, 4.5, 0.5], "rotation": 180, "texture": "#0"},
				"east": {"uv": [3, 0, 4.5, 0.5], "rotation": 180, "texture": "#0"},
				"south": {"uv": [3, 0, 4.5, 0.5], "rotation": 180, "texture": "#0"},
				"west": {"uv": [3, 0, 4.5, 0.5], "rotation": 180, "texture": "#0"},
				"up": {"uv": [3, 0, 4.5, 0.5], "rotation": 180, "texture": "#0"},
				"down": {"uv": [3, 0, 4.5, 0.5], "rotation": 180, "texture": "#0"}
			}
		},
		{
			"from": [5.47429, -2.61201, 8.10737],
			"to": [6.77429, -2.31201, 8.60737],
			"rotation": {"angle": 22.5, "axis": "z", "origin": [6.03487, -2.48285, 8.3424]},
			"faces": {
				"north": {"uv": [4.5, 0, 3, 0.5], "rotation": 180, "texture": "#0"},
				"east": {"uv": [4.5, 0, 3, 0.5], "rotation": 180, "texture": "#0"},
				"south": {"uv": [4.5, 0, 3, 0.5], "rotation": 180, "texture": "#0"},
				"west": {"uv": [4.5, 0, 3, 0.5], "rotation": 180, "texture": "#0"},
				"up": {"uv": [4.5, 0, 3, 0.5], "rotation": 180, "texture": "#0"},
				"down": {"uv": [4.5, 0, 3, 0.5], "rotation": 180, "texture": "#0"}
			}
		},
		{
			"from": [9.96536, -3.41201, 7.967],
			"to": [11.74536, -2.63201, 8.747],
			"rotation": {"angle": -22.5, "axis": "z", "origin": [10.84631, -3.04451, 8.34418]},
			"faces": {
				"north": {"uv": [1, 1, 3, 2], "texture": "#0"},
				"east": {"uv": [1, 1, 2, 2], "rotation": 180, "texture": "#0"},
				"south": {"uv": [1, 1, 3, 2], "rotation": 180, "texture": "#0"},
				"west": {"uv": [1, 1, 2, 2], "rotation": 180, "texture": "#0"},
				"up": {"uv": [1, 1, 3, 2], "rotation": 180, "texture": "#0"},
				"down": {"uv": [1, 1, 3, 2], "rotation": 180, "texture": "#0"}
			}
		},
		{
			"from": [4.25464, -3.41201, 7.967],
			"to": [6.03464, -2.63201, 8.747],
			"rotation": {"angle": 22.5, "axis": "z", "origin": [5.15369, -3.04451, 8.34418]},
			"faces": {
				"north": {"uv": [3, 1, 1, 2], "texture": "#0"},
				"east": {"uv": [2, 1, 1, 2], "rotation": 180, "texture": "#0"},
				"south": {"uv": [3, 1, 1, 2], "rotation": 180, "texture": "#0"},
				"west": {"uv": [2, 1, 1, 2], "rotation": 180, "texture": "#0"},
				"up": {"uv": [3, 1, 1, 2], "rotation": 180, "texture": "#0"},
				"down": {"uv": [3, 1, 1, 2], "rotation": 180, "texture": "#0"}
			}
		},
		{
			"from": [9.52086, -5.87581, 8.06313],
			"to": [11.12086, -5.27581, 8.66313],
			"rotation": {"angle": 22.5, "axis": "z", "origin": [11.18117, -5.34746, 8.34138]},
			"faces": {
				"north": {"uv": [3, 0, 5, 1], "rotation": 180, "texture": "#0"},
				"east": {"uv": [3, 0, 5, 1], "rotation": 180, "texture": "#0"},
				"south": {"uv": [3, 0, 5, 1], "rotation": 180, "texture": "#0"},
				"west": {"uv": [3, 0, 5, 1], "rotation": 180, "texture": "#0"},
				"up": {"uv": [3, 0, 5, 1], "rotation": 180, "texture": "#0"},
				"down": {"uv": [3, 0, 5, 1], "rotation": 180, "texture": "#0"}
			}
		},
		{
			"from": [4.87914, -5.87581, 8.06313],
			"to": [6.47914, -5.27581, 8.66313],
			"rotation": {"angle": -22.5, "axis": "z", "origin": [4.81883, -5.34746, 8.34138]},
			"faces": {
				"north": {"uv": [5, 0, 3, 1], "rotation": 180, "texture": "#0"},
				"east": {"uv": [5, 0, 3, 1], "rotation": 180, "texture": "#0"},
				"south": {"uv": [5, 0, 3, 1], "rotation": 180, "texture": "#0"},
				"west": {"uv": [5, 0, 3, 1], "rotation": 180, "texture": "#0"},
				"up": {"uv": [5, 0, 3, 1], "rotation": 180, "texture": "#0"},
				"down": {"uv": [5, 0, 3, 1], "rotation": 180, "texture": "#0"}
			}
		},
		{
			"from": [8.32086, -6.07581, 7.86313],
			"to": [10.62086, -5.07581, 8.86313],
			"rotation": {"angle": 22.5, "axis": "z", "origin": [11.18117, -5.34746, 8.34138]},
			"faces": {
				"north": {"uv": [0, 1, 2.5, 2], "texture": "#0"},
				"east": {"uv": [2.5, 0, 4.8, 1], "rotation": 180, "texture": "#0"},
				"south": {"uv": [0, 1.5, 2.5, 2.5], "texture": "#0"},
				"west": {"uv": [2.5, 0, 4.8, 1], "rotation": 180, "texture": "#0"},
				"up": {"uv": [0, 1, 2.5, 2], "texture": "#0"},
				"down": {"uv": [0, 1.5, 2.5, 2.5], "rotation": 180, "texture": "#0"}
			}
		},
		{
			"from": [5.37914, -6.07581, 7.86313],
			"to": [7.67914, -5.07581, 8.86313],
			"rotation": {"angle": -22.5, "axis": "z", "origin": [4.81883, -5.34746, 8.34138]},
			"faces": {
				"north": {"uv": [2.5, 1, 0, 2], "texture": "#0"},
				"east": {"uv": [4.8, 0, 2.5, 1], "rotation": 180, "texture": "#0"},
				"south": {"uv": [2.5, 1.5, 0, 2.5], "texture": "#0"},
				"west": {"uv": [4.8, 0, 2.5, 1], "rotation": 180, "texture": "#0"},
				"up": {"uv": [2.5, 1, 0, 2], "texture": "#0"},
				"down": {"uv": [2.5, 1.5, 0, 2.5], "rotation": 180, "texture": "#0"}
			}
		},
		{
			"from": [7.65, -5.13687, 8.01313],
			"to": [8.35, 24.86313, 8.71313],
			"rotation": {"angle": 0, "axis": "y", "origin": [8.65, 3.86313, 16.51313]},
			"faces": {
				"north": {"uv": [0, 9.5, 16, 10], "rotation": 270, "texture": "#0"},
				"east": {"uv": [0, 9.5, 16, 10], "rotation": 270, "texture": "#0"},
				"south": {"uv": [0, 9.5, 16, 10], "rotation": 270, "texture": "#0"},
				"west": {"uv": [0, 9.5, 16, 10], "rotation": 270, "texture": "#0"},
				"up": {"uv": [0, 9.5, 16, 10], "rotation": 270, "texture": "#0"},
				"down": {"uv": [0, 9.5, 16, 10], "rotation": 270, "texture": "#0"}
			}
		},
		{
			"from": [7.25, -5.13687, 8.21313],
			"to": [8.75, 5.86313, 8.51313],
			"rotation": {"angle": 0, "axis": "y", "origin": [8.25, 3.86313, 16.71313]},
			"faces": {
				"north": {"uv": [0, 9, 5.5, 9.75], "rotation": 270, "texture": "#0"},
				"east": {"uv": [0, 9, 5.5, 9.15], "rotation": 270, "texture": "#0"},
				"south": {"uv": [0, 9.75, 5.5, 9], "rotation": 270, "texture": "#0"},
				"west": {"uv": [0, 9, 5.5, 9.15], "rotation": 270, "texture": "#0"},
				"up": {"uv": [0, 9, 5.5, 9.75], "rotation": 270, "texture": "#0"},
				"down": {"uv": [0, 9, 5.5, 9.75], "rotation": 270, "texture": "#0"}
			}
		},
		{
			"from": [7.45, 5.86313, 8.21313],
			"to": [8.55, 16.86313, 8.51313],
			"rotation": {"angle": 0, "axis": "y", "origin": [8.45, 14.86313, 16.71313]},
			"faces": {
				"north": {"uv": [0, 9.25, 5.5, 10.25], "rotation": 270, "texture": "#0"},
				"east": {"uv": [0, 9.25, 5.5, 9.4], "rotation": 270, "texture": "#0"},
				"south": {"uv": [0, 10.25, 5.5, 9.25], "rotation": 270, "texture": "#0"},
				"west": {"uv": [0, 9.25, 5.5, 9.4], "rotation": 270, "texture": "#0"},
				"up": {"uv": [0, 9.25, 11, 10.25], "rotation": 270, "texture": "#0"},
				"down": {"uv": [0, 9.25, 11, 10.25], "rotation": 270, "texture": "#0"}
			}
		},
		{
			"from": [7.75, 13.11313, 8.11313],
			"to": [8.25, 29.11313, 8.61313],
			"rotation": {"angle": 0, "axis": "y", "origin": [8.75, 22.11313, 16.61313]},
			"faces": {
				"north": {"uv": [0, 9.5, 16, 10], "rotation": 90, "texture": "#0"},
				"east": {"uv": [0, 9.5, 16, 10], "rotation": 90, "texture": "#0"},
				"south": {"uv": [0, 9.5, 16, 10], "rotation": 90, "texture": "#0"},
				"west": {"uv": [0, 9.5, 16, 10], "rotation": 90, "texture": "#0"},
				"up": {"uv": [0, 9.5, 16, 10], "rotation": 90, "texture": "#0"},
				"down": {"uv": [0, 9.5, 16, 10], "rotation": 90, "texture": "#0"}
			}
		}
	],
	"display": {
		"thirdperson": {
			"rotation": [180, 90, -90],
			"translation": [0, 0.5, -8.4],
			"scale": [0.9, 0.9, 0.9]
		},
		"firstperson": {
			"rotation": [0, 45, -15],
			"translation": [4, 10, 1],
			"scale": [1.1, 1.1, 1.1]
		},
		"ground": {
			"translation": [0, 5, 0],
			"scale": [2, 2, 2]
		},
		"gui": {
			"rotation": [0, 180, -55],
			"translation": [0.7, 2, 0],
			"scale": [2, 0.8, 2]
		},
		"fixed": {
			"scale": [2, 2, 2]
		}
	}
}