{
	"credit": "Made with Blockbench",
	"textures": {
		"0": "skins/scylla",
		"particle": "skins/scylla"
	},
	"elements": [
		{
			"from": [7.25, -10.9, 7.25],
			"to": [8.75, -10.4, 8.75],
			"rotation": {"angle": 0, "axis": "y", "origin": [15, -3.15, 15]},
			"faces": {
				"north": {"uv": [10, 1.5, 12, 2.5], "rotation": 180, "texture": "#0"},
				"east": {"uv": [10, 1.5, 12, 2.5], "rotation": 180, "texture": "#0"},
				"south": {"uv": [10, 1.5, 12, 2.5], "rotation": 180, "texture": "#0"},
				"west": {"uv": [10, 1.5, 12, 2.5], "rotation": 180, "texture": "#0"},
				"up": {"uv": [10, 1.5, 12, 2.5], "rotation": 180, "texture": "#0"},
				"down": {"uv": [10, 1.5, 12, 2.5], "rotation": 180, "texture": "#0"}
			}
		},
		{
			"from": [7.25, -7.9, 7.25],
			"to": [8.75, -7.4, 8.75],
			"rotation": {"angle": 0, "axis": "y", "origin": [15, -0.15, 15]},
			"faces": {
				"north": {"uv": [10, 1.5, 12, 2.5], "rotation": 180, "texture": "#0"},
				"east": {"uv": [10, 1.5, 12, 2.5], "rotation": 180, "texture": "#0"},
				"south": {"uv": [10, 1.5, 12, 2.5], "rotation": 180, "texture": "#0"},
				"west": {"uv": [10, 1.5, 12, 2.5], "rotation": 180, "texture": "#0"},
				"up": {"uv": [10, 1.5, 12, 2.5], "rotation": 180, "texture": "#0"},
				"down": {"uv": [10, 1.5, 12, 2.5], "rotation": 180, "texture": "#0"}
			}
		},
		{
			"from": [10.09304, -2.7, 7.59569],
			"to": [10.89304, -1.9, 8.39569],
			"rotation": {"angle": 45, "axis": "z", "origin": [10.46937, -2.59568, 7.97632]},
			"faces": {
				"north": {"uv": [9.5, 3.5, 10.5, 4.5], "rotation": 180, "texture": "#0"},
				"east": {"uv": [9.5, 3.5, 10.5, 4.5], "rotation": 180, "texture": "#0"},
				"south": {"uv": [9.5, 3.5, 10.5, 4.5], "rotation": 180, "texture": "#0"},
				"west": {"uv": [9.5, 3.5, 10.5, 4.5], "rotation": 180, "texture": "#0"},
				"up": {"uv": [10, 4, 11, 5], "texture": "#0"},
				"down": {"uv": [11, 3.5, 12, 4.5], "rotation": 270, "texture": "#0"}
			}
		},
		{
			"from": [9.26981, -6.75994, 7.29809],
			"to": [10.06981, -5.95994, 8.09809],
			"rotation": {"angle": -22.5, "axis": "z", "origin": [10.66046, -5.71226, 7.47148]},
			"faces": {
				"north": {"uv": [9.5, 3.5, 10.5, 4.5], "rotation": 180, "texture": "#0"},
				"east": {"uv": [9.5, 3.5, 10.5, 4.5], "rotation": 180, "texture": "#0"},
				"south": {"uv": [9.5, 3.5, 10.5, 4.5], "rotation": 180, "texture": "#0"},
				"west": {"uv": [9.5, 3.5, 10.5, 4.5], "rotation": 180, "texture": "#0"},
				"up": {"uv": [10, 4, 11, 5], "texture": "#0"},
				"down": {"uv": [11, 3.5, 12, 4.5], "rotation": 270, "texture": "#0"}
			}
		},
		{
			"from": [5.93019, -6.75994, 7.90191],
			"to": [6.73019, -5.95994, 8.70191],
			"rotation": {"angle": 22.5, "axis": "z", "origin": [5.33954, -5.71226, 8.52852]},
			"faces": {
				"north": {"uv": [9.5, 3.5, 10.5, 4.5], "rotation": 180, "texture": "#0"},
				"east": {"uv": [9.5, 3.5, 10.5, 4.5], "rotation": 180, "texture": "#0"},
				"south": {"uv": [9.5, 3.5, 10.5, 4.5], "rotation": 180, "texture": "#0"},
				"west": {"uv": [9.5, 3.5, 10.5, 4.5], "rotation": 180, "texture": "#0"},
				"up": {"uv": [11, 5, 10, 4], "texture": "#0"},
				"down": {"uv": [12, 4.5, 11, 3.5], "rotation": 270, "texture": "#0"}
			}
		},
		{
			"from": [5.10696, -2.7, 7.60431],
			"to": [5.90696, -1.9, 8.40431],
			"rotation": {"angle": -45, "axis": "z", "origin": [5.53063, -2.59568, 8.02368]},
			"faces": {
				"north": {"uv": [9.5, 3.5, 10.5, 4.5], "rotation": 180, "texture": "#0"},
				"east": {"uv": [9.5, 3.5, 10.5, 4.5], "rotation": 180, "texture": "#0"},
				"south": {"uv": [9.5, 3.5, 10.5, 4.5], "rotation": 180, "texture": "#0"},
				"west": {"uv": [9.5, 3.5, 10.5, 4.5], "rotation": 180, "texture": "#0"},
				"up": {"uv": [11, 5, 10, 4], "texture": "#0"},
				"down": {"uv": [12, 4.5, 11, 3.5], "rotation": 270, "texture": "#0"}
			}
		},
		{
			"from": [10.3489, -1.62976, 7.39465],
			"to": [11.1489, -0.82976, 8.19465],
			"rotation": {"angle": 0, "axis": "z", "origin": [10.69492, -0.90765, 7.77505]},
			"faces": {
				"north": {"uv": [9.5, 3.5, 10.5, 4.5], "rotation": 270, "texture": "#0"},
				"east": {"uv": [11, 3.5, 12, 4.5], "rotation": 180, "texture": "#0"},
				"south": {"uv": [9.5, 3.5, 10.5, 4.5], "rotation": 90, "texture": "#0"},
				"west": {"uv": [10, 0.5, 11, 1.5], "rotation": 270, "texture": "#0"},
				"up": {"uv": [9.5, 3.5, 10.5, 4.5], "rotation": 90, "texture": "#0"},
				"down": {"uv": [9.5, 3.5, 10.5, 4.5], "rotation": 90, "texture": "#0"}
			}
		},
		{
			"from": [10.24209, -6.34161, 7.09705],
			"to": [11.04209, -5.54161, 7.89705],
			"rotation": {"angle": 22.5, "axis": "z", "origin": [10.66046, -5.71226, 7.47148]},
			"faces": {
				"north": {"uv": [9.5, 3.5, 10.5, 4.5], "rotation": 180, "texture": "#0"},
				"east": {"uv": [9.5, 3.5, 10.5, 4.5], "rotation": 180, "texture": "#0"},
				"south": {"uv": [9.5, 3.5, 10.5, 4.5], "rotation": 180, "texture": "#0"},
				"west": {"uv": [9.5, 3.5, 10.5, 4.5], "rotation": 180, "texture": "#0"},
				"up": {"uv": [10, 0.5, 11, 1.5], "texture": "#0"},
				"down": {"uv": [11, 3.5, 12, 4.5], "rotation": 270, "texture": "#0"}
			}
		},
		{
			"from": [4.95791, -6.34161, 8.10295],
			"to": [5.75791, -5.54161, 8.90295],
			"rotation": {"angle": -22.5, "axis": "z", "origin": [5.33954, -5.71226, 8.52852]},
			"faces": {
				"north": {"uv": [9.5, 3.5, 10.5, 4.5], "rotation": 180, "texture": "#0"},
				"east": {"uv": [9.5, 3.5, 10.5, 4.5], "rotation": 180, "texture": "#0"},
				"south": {"uv": [9.5, 3.5, 10.5, 4.5], "rotation": 180, "texture": "#0"},
				"west": {"uv": [9.5, 3.5, 10.5, 4.5], "rotation": 180, "texture": "#0"},
				"up": {"uv": [11, 1.5, 10, 0.5], "texture": "#0"},
				"down": {"uv": [12, 4.5, 11, 3.5], "rotation": 270, "texture": "#0"}
			}
		},
		{
			"from": [4.8511, -1.62976, 7.80535],
			"to": [5.6511, -0.82976, 8.60535],
			"rotation": {"angle": 0, "axis": "z", "origin": [5.30508, -0.90765, 8.22495]},
			"faces": {
				"north": {"uv": [9.5, 3.5, 10.5, 4.5], "rotation": 90, "texture": "#0"},
				"east": {"uv": [10, 0.5, 11, 1.5], "rotation": 270, "texture": "#0"},
				"south": {"uv": [9.5, 3.5, 10.5, 4.5], "rotation": 270, "texture": "#0"},
				"west": {"uv": [11, 3.5, 12, 4.5], "rotation": 180, "texture": "#0"},
				"up": {"uv": [10.5, 4.5, 9.5, 3.5], "rotation": 90, "texture": "#0"},
				"down": {"uv": [10.5, 4.5, 9.5, 3.5], "rotation": 90, "texture": "#0"}
			}
		},
		{
			"from": [9.66594, -0.61609, 7.19793],
			"to": [10.46594, 0.18391, 7.99793],
			"rotation": {"angle": 45, "axis": "z", "origin": [10.02008, 0.0972, 7.52694]},
			"faces": {
				"north": {"uv": [9.5, 3.5, 10.5, 4.5], "rotation": 270, "texture": "#0"},
				"east": {"uv": [9.5, 1.5, 10.5, 2.5], "rotation": 180, "texture": "#0"},
				"south": {"uv": [9.5, 3.5, 10.5, 4.5], "rotation": 90, "texture": "#0"},
				"west": {"uv": [10, 0.5, 11, 1.5], "rotation": 270, "texture": "#0"},
				"up": {"uv": [9.5, 3.5, 10.5, 4.5], "rotation": 90, "texture": "#0"},
				"down": {"uv": [9.5, 3.5, 10.5, 4.5], "rotation": 90, "texture": "#0"}
			}
		},
		{
			"from": [10.87846, -5.14707, 6.90033],
			"to": [11.67846, -4.34707, 7.70033],
			"rotation": {"angle": -22.5, "axis": "z", "origin": [10.66046, -5.71226, 7.47148]},
			"faces": {
				"north": {"uv": [9.5, 3.5, 10.5, 4.5], "rotation": 270, "texture": "#0"},
				"east": {"uv": [9.5, 1.5, 10.5, 2.5], "rotation": 180, "texture": "#0"},
				"south": {"uv": [9.5, 3.5, 10.5, 4.5], "rotation": 90, "texture": "#0"},
				"west": {"uv": [10, 0.5, 11, 1.5], "rotation": 270, "texture": "#0"},
				"up": {"uv": [9.5, 3.5, 10.5, 4.5], "rotation": 90, "texture": "#0"},
				"down": {"uv": [9.5, 3.5, 10.5, 4.5], "rotation": 90, "texture": "#0"}
			}
		},
		{
			"from": [4.32154, -5.14707, 8.29967],
			"to": [5.12154, -4.34707, 9.09967],
			"rotation": {"angle": 22.5, "axis": "z", "origin": [5.33954, -5.71226, 8.52852]},
			"faces": {
				"north": {"uv": [9.5, 3.5, 10.5, 4.5], "rotation": 90, "texture": "#0"},
				"east": {"uv": [10, 0.5, 11, 1.5], "rotation": 270, "texture": "#0"},
				"south": {"uv": [9.5, 3.5, 10.5, 4.5], "rotation": 270, "texture": "#0"},
				"west": {"uv": [9.5, 1.5, 10.5, 2.5], "rotation": 180, "texture": "#0"},
				"up": {"uv": [10.5, 4.5, 9.5, 3.5], "rotation": 90, "texture": "#0"},
				"down": {"uv": [10.5, 4.5, 9.5, 3.5], "rotation": 90, "texture": "#0"}
			}
		},
		{
			"from": [5.53406, -0.61609, 8.00207],
			"to": [6.33406, 0.18391, 8.80207],
			"rotation": {"angle": -45, "axis": "z", "origin": [5.97992, 0.0972, 8.47306]},
			"faces": {
				"north": {"uv": [9.5, 3.5, 10.5, 4.5], "rotation": 90, "texture": "#0"},
				"east": {"uv": [10, 0.5, 11, 1.5], "rotation": 270, "texture": "#0"},
				"south": {"uv": [9.5, 3.5, 10.5, 4.5], "rotation": 270, "texture": "#0"},
				"west": {"uv": [9.5, 1.5, 10.5, 2.5], "rotation": 180, "texture": "#0"},
				"up": {"uv": [10.5, 4.5, 9.5, 3.5], "rotation": 90, "texture": "#0"},
				"down": {"uv": [10.5, 4.5, 9.5, 3.5], "rotation": 90, "texture": "#0"}
			}
		},
		{
			"from": [5.10731, 1.52812, 7.30775],
			"to": [5.90731, 2.32812, 8.10775],
			"rotation": {"angle": 45, "axis": "z", "origin": [5.46145, 2.24142, 7.63676]},
			"faces": {
				"north": {"uv": [11, 5, 10, 6], "rotation": 90, "texture": "#0"},
				"east": {"uv": [9.5, 1.5, 10.5, 2.5], "rotation": 180, "texture": "#0"},
				"south": {"uv": [9.5, 3.5, 10.5, 4.5], "rotation": 90, "texture": "#0"},
				"west": {"uv": [10, 0.5, 11, 1.5], "rotation": 270, "texture": "#0"},
				"up": {"uv": [9.5, 3.5, 10.5, 4.5], "rotation": 90, "texture": "#0"},
				"down": {"uv": [9.5, 3.5, 10.5, 4.5], "rotation": 90, "texture": "#0"}
			}
		},
		{
			"from": [10.09269, 1.52812, 7.89225],
			"to": [10.89269, 2.32812, 8.69225],
			"rotation": {"angle": -45, "axis": "z", "origin": [10.53855, 2.24142, 8.36324]},
			"faces": {
				"north": {"uv": [9.5, 3.5, 10.5, 4.5], "rotation": 90, "texture": "#0"},
				"east": {"uv": [10, 0.5, 11, 1.5], "rotation": 270, "texture": "#0"},
				"south": {"uv": [11, 5, 10, 6], "rotation": 90, "texture": "#0"},
				"west": {"uv": [9.5, 1.5, 10.5, 2.5], "rotation": 180, "texture": "#0"},
				"up": {"uv": [10.5, 4.5, 9.5, 3.5], "rotation": 90, "texture": "#0"},
				"down": {"uv": [10.5, 4.5, 9.5, 3.5], "rotation": 90, "texture": "#0"}
			}
		},
		{
			"from": [5.75939, 3.41419, 7.7143],
			"to": [6.55939, 4.21419, 8.5143],
			"rotation": {"angle": -45, "axis": "z", "origin": [6.55856, 4.61685, 8.26178]},
			"faces": {
				"north": {"uv": [11, 5, 10, 6], "rotation": 90, "texture": "#0"},
				"east": {"uv": [9.5, 1.5, 10.5, 2.5], "rotation": 180, "texture": "#0"},
				"south": {"uv": [9.5, 3.5, 10.5, 4.5], "rotation": 90, "texture": "#0"},
				"west": {"uv": [10, 0.5, 11, 1.5], "rotation": 270, "texture": "#0"},
				"up": {"uv": [9.5, 3.5, 10.5, 4.5], "rotation": 90, "texture": "#0"},
				"down": {"uv": [9.5, 3.5, 10.5, 4.5], "rotation": 90, "texture": "#0"}
			}
		},
		{
			"from": [9.44061, 3.41419, 7.4857],
			"to": [10.24061, 4.21419, 8.2857],
			"rotation": {"angle": 45, "axis": "z", "origin": [9.44144, 4.61685, 7.73822]},
			"faces": {
				"north": {"uv": [9.5, 3.5, 10.5, 4.5], "rotation": 90, "texture": "#0"},
				"east": {"uv": [10, 0.5, 11, 1.5], "rotation": 270, "texture": "#0"},
				"south": {"uv": [11, 5, 10, 6], "rotation": 90, "texture": "#0"},
				"west": {"uv": [9.5, 1.5, 10.5, 2.5], "rotation": 180, "texture": "#0"},
				"up": {"uv": [10.5, 4.5, 9.5, 3.5], "rotation": 90, "texture": "#0"},
				"down": {"uv": [10.5, 4.5, 9.5, 3.5], "rotation": 90, "texture": "#0"}
			}
		},
		{
			"from": [4.84044, 2.79055, 7.51176],
			"to": [5.64044, 3.59055, 8.31176],
			"rotation": {"angle": 0, "axis": "z", "origin": [5.30583, 3.48931, 7.90599]},
			"faces": {
				"north": {"uv": [9.5, 5, 10.5, 6], "rotation": 90, "texture": "#0"},
				"east": {"uv": [9.5, 1.5, 10.5, 2.5], "rotation": 180, "texture": "#0"},
				"south": {"uv": [9.5, 3.5, 10.5, 4.5], "rotation": 90, "texture": "#0"},
				"west": {"uv": [10, 0.5, 11, 1.5], "rotation": 180, "texture": "#0"},
				"up": {"uv": [9.5, 3.5, 10.5, 4.5], "rotation": 90, "texture": "#0"},
				"down": {"uv": [9.5, 3.5, 10.5, 4.5], "rotation": 90, "texture": "#0"}
			}
		},
		{
			"from": [10.35956, 2.79055, 7.68824],
			"to": [11.15956, 3.59055, 8.48824],
			"rotation": {"angle": 0, "axis": "z", "origin": [10.69417, 3.48931, 8.09401]},
			"faces": {
				"north": {"uv": [9.5, 3.5, 10.5, 4.5], "rotation": 90, "texture": "#0"},
				"east": {"uv": [10, 0.5, 11, 1.5], "rotation": 180, "texture": "#0"},
				"south": {"uv": [9.5, 5, 10.5, 6], "rotation": 90, "texture": "#0"},
				"west": {"uv": [9.5, 1.5, 10.5, 2.5], "rotation": 180, "texture": "#0"},
				"up": {"uv": [10.5, 4.5, 9.5, 3.5], "rotation": 90, "texture": "#0"},
				"down": {"uv": [10.5, 4.5, 9.5, 3.5], "rotation": 90, "texture": "#0"}
			}
		},
		{
			"from": [6.44697, 4.40651, 7.9183],
			"to": [6.74697, 5.20651, 8.7183],
			"rotation": {"angle": 0, "axis": "z", "origin": [6.55856, 4.61685, 8.26178]},
			"faces": {
				"north": {"uv": [9.5, 5, 10.5, 6], "texture": "#0"},
				"east": {"uv": [9.5, 3.5, 10.5, 4.5], "rotation": 180, "texture": "#0"},
				"south": {"uv": [9.5, 3.5, 10, 4.5], "rotation": 180, "texture": "#0"},
				"west": {"uv": [9.5, 3.5, 10.5, 4.5], "rotation": 180, "texture": "#0"},
				"up": {"uv": [10, 0.5, 11, 1], "rotation": 270, "texture": "#0"},
				"down": {"uv": [9.5, 1.5, 10.5, 2], "rotation": 270, "texture": "#0"}
			}
		},
		{
			"from": [9.25303, 4.40651, 7.2817],
			"to": [9.55303, 5.20651, 8.0817],
			"rotation": {"angle": 0, "axis": "z", "origin": [9.44144, 4.61685, 7.73822]},
			"faces": {
				"north": {"uv": [9.5, 3.5, 10, 4.5], "rotation": 180, "texture": "#0"},
				"east": {"uv": [9.5, 3.5, 10.5, 4.5], "rotation": 180, "texture": "#0"},
				"south": {"uv": [9.5, 5, 10.5, 6], "texture": "#0"},
				"west": {"uv": [9.5, 3.5, 10.5, 4.5], "rotation": 180, "texture": "#0"},
				"up": {"uv": [11, 1, 10, 0.5], "rotation": 270, "texture": "#0"},
				"down": {"uv": [10.5, 2, 9.5, 1.5], "rotation": 270, "texture": "#0"}
			}
		},
		{
			"from": [4.96858, 2.17723, 7.40927],
			"to": [5.76858, 2.97723, 8.20927],
			"rotation": {"angle": 22.5, "axis": "z", "origin": [5.37373, 2.56718, 7.80198]},
			"faces": {
				"north": {"uv": [10.5, 5, 11.5, 6], "rotation": 90, "texture": "#0"},
				"east": {"uv": [9.5, 1.5, 10.5, 2.5], "rotation": 180, "texture": "#0"},
				"south": {"uv": [9.5, 3.5, 10.5, 4.5], "rotation": 90, "texture": "#0"},
				"west": {"uv": [10, 4.5, 11, 5.5], "rotation": 270, "texture": "#0"},
				"up": {"uv": [9.5, 3.5, 10.5, 4.5], "rotation": 90, "texture": "#0"},
				"down": {"uv": [9.5, 3.5, 10.5, 4.5], "rotation": 90, "texture": "#0"}
			}
		},
		{
			"from": [10.23142, 2.17723, 7.79073],
			"to": [11.03142, 2.97723, 8.59073],
			"rotation": {"angle": -22.5, "axis": "z", "origin": [10.62627, 2.56718, 8.19802]},
			"faces": {
				"north": {"uv": [9.5, 3.5, 10.5, 4.5], "rotation": 90, "texture": "#0"},
				"east": {"uv": [10, 4.5, 11, 5.5], "rotation": 270, "texture": "#0"},
				"south": {"uv": [10.5, 5, 11.5, 6], "rotation": 90, "texture": "#0"},
				"west": {"uv": [9.5, 1.5, 10.5, 2.5], "rotation": 180, "texture": "#0"},
				"up": {"uv": [10.5, 4.5, 9.5, 3.5], "rotation": 90, "texture": "#0"},
				"down": {"uv": [10.5, 4.5, 9.5, 3.5], "rotation": 90, "texture": "#0"}
			}
		},
		{
			"from": [5.88073, 4.40226, 7.86582],
			"to": [6.68073, 5.20226, 8.66582],
			"rotation": {"angle": 22.5, "axis": "z", "origin": [6.55856, 4.61685, 8.31178]},
			"faces": {
				"north": {"uv": [10.5, 5, 11.5, 6], "texture": "#0"},
				"east": {"uv": [9.5, 3.5, 10.5, 4.5], "rotation": 180, "texture": "#0"},
				"south": {"uv": [9.5, 3.5, 10.5, 4.5], "rotation": 180, "texture": "#0"},
				"west": {"uv": [9.5, 3.5, 10.5, 4.5], "rotation": 180, "texture": "#0"},
				"up": {"uv": [10, 4.5, 11, 5.5], "texture": "#0"},
				"down": {"uv": [9.5, 1.5, 10.5, 2.5], "rotation": 270, "texture": "#0"}
			}
		},
		{
			"from": [9.31927, 4.40226, 7.33418],
			"to": [10.11927, 5.20226, 8.13418],
			"rotation": {"angle": -22.5, "axis": "z", "origin": [9.44144, 4.61685, 7.68822]},
			"faces": {
				"north": {"uv": [9.5, 3.5, 10.5, 4.5], "rotation": 180, "texture": "#0"},
				"east": {"uv": [9.5, 3.5, 10.5, 4.5], "rotation": 180, "texture": "#0"},
				"south": {"uv": [10.5, 5, 11.5, 6], "texture": "#0"},
				"west": {"uv": [9.5, 3.5, 10.5, 4.5], "rotation": 180, "texture": "#0"},
				"up": {"uv": [11, 5.5, 10, 4.5], "texture": "#0"},
				"down": {"uv": [10.5, 2.5, 9.5, 1.5], "rotation": 270, "texture": "#0"}
			}
		},
		{
			"from": [4.83596, 3.40475, 7.61328],
			"to": [5.63596, 4.20475, 8.41328],
			"rotation": {"angle": -22.5, "axis": "z", "origin": [5.30583, 3.48931, 8.00599]},
			"faces": {
				"north": {"uv": [9.5, 3.5, 10.5, 4.5], "rotation": 270, "texture": "#0"},
				"east": {"uv": [9.5, 1.5, 10.5, 2.5], "rotation": 180, "texture": "#0"},
				"south": {"uv": [9.5, 3.5, 10.5, 4.5], "rotation": 90, "texture": "#0"},
				"west": {"uv": [11, 4.5, 12, 5.5], "rotation": 270, "texture": "#0"},
				"up": {"uv": [9.5, 3.5, 10.5, 4.5], "rotation": 90, "texture": "#0"},
				"down": {"uv": [9.5, 3.5, 10.5, 4.5], "rotation": 90, "texture": "#0"}
			}
		},
		{
			"from": [10.36404, 3.40475, 7.58672],
			"to": [11.16404, 4.20475, 8.38672],
			"rotation": {"angle": 22.5, "axis": "z", "origin": [10.69417, 3.48931, 7.99401]},
			"faces": {
				"north": {"uv": [9.5, 3.5, 10.5, 4.5], "rotation": 90, "texture": "#0"},
				"east": {"uv": [11, 4.5, 12, 5.5], "rotation": 270, "texture": "#0"},
				"south": {"uv": [9.5, 3.5, 10.5, 4.5], "rotation": 270, "texture": "#0"},
				"west": {"uv": [9.5, 1.5, 10.5, 2.5], "rotation": 180, "texture": "#0"},
				"up": {"uv": [10.5, 4.5, 9.5, 3.5], "rotation": 90, "texture": "#0"},
				"down": {"uv": [10.5, 4.5, 9.5, 3.5], "rotation": 90, "texture": "#0"}
			}
		},
		{
			"from": [6.44464, 4.74028, 8.017],
			"to": [7.24464, 5.54028, 8.817],
			"rotation": {"angle": 22.5, "axis": "z", "origin": [7.43493, 5.33629, 8.4115]},
			"faces": {
				"north": {"uv": [9.5, 3.5, 10.5, 4.5], "rotation": 180, "texture": "#0"},
				"east": {"uv": [9.5, 3.5, 10.5, 4.5], "rotation": 180, "texture": "#0"},
				"south": {"uv": [9.5, 3.5, 10.5, 4.5], "rotation": 180, "texture": "#0"},
				"west": {"uv": [9.5, 3.5, 10.5, 4.5], "rotation": 180, "texture": "#0"},
				"up": {"uv": [11, 4.5, 12, 5.5], "texture": "#0"},
				"down": {"uv": [9.5, 1.5, 10.5, 2.5], "rotation": 270, "texture": "#0"}
			}
		},
		{
			"from": [8.75536, 4.74028, 7.183],
			"to": [9.55536, 5.54028, 7.983],
			"rotation": {"angle": -22.5, "axis": "z", "origin": [8.56507, 5.33629, 7.5885]},
			"faces": {
				"north": {"uv": [9.5, 3.5, 10.5, 4.5], "rotation": 180, "texture": "#0"},
				"east": {"uv": [9.5, 3.5, 10.5, 4.5], "rotation": 180, "texture": "#0"},
				"south": {"uv": [9.5, 3.5, 10.5, 4.5], "rotation": 180, "texture": "#0"},
				"west": {"uv": [9.5, 3.5, 10.5, 4.5], "rotation": 180, "texture": "#0"},
				"up": {"uv": [12, 5.5, 11, 4.5], "texture": "#0"},
				"down": {"uv": [10.5, 2.5, 9.5, 1.5], "rotation": 270, "texture": "#0"}
			}
		},
		{
			"from": [7.03125, 4.85955, 8.0167],
			"to": [7.83125, 5.65955, 8.8167],
			"rotation": {"angle": 45, "axis": "z", "origin": [7.43493, 5.33629, 8.4115]},
			"faces": {
				"north": {"uv": [9.5, 3.5, 10.5, 4.5], "rotation": 180, "texture": "#0"},
				"east": {"uv": [9.5, 3.5, 10.5, 4.5], "rotation": 180, "texture": "#0"},
				"south": {"uv": [9.5, 3.5, 10.5, 4.5], "rotation": 180, "texture": "#0"},
				"west": {"uv": [9.5, 3.5, 10.5, 4.5], "rotation": 180, "texture": "#0"},
				"up": {"uv": [11, 4.5, 12, 5.5], "texture": "#0"},
				"down": {"uv": [9.5, 1.5, 10.5, 2.5], "rotation": 270, "texture": "#0"}
			}
		},
		{
			"from": [8.16875, 4.85955, 7.1833],
			"to": [8.96875, 5.65955, 7.9833],
			"rotation": {"angle": -45, "axis": "z", "origin": [8.56507, 5.33629, 7.5885]},
			"faces": {
				"north": {"uv": [9.5, 3.5, 10.5, 4.5], "rotation": 180, "texture": "#0"},
				"east": {"uv": [9.5, 3.5, 10.5, 4.5], "rotation": 180, "texture": "#0"},
				"south": {"uv": [9.5, 3.5, 10.5, 4.5], "rotation": 180, "texture": "#0"},
				"west": {"uv": [9.5, 3.5, 10.5, 4.5], "rotation": 180, "texture": "#0"},
				"up": {"uv": [12, 5.5, 11, 4.5], "texture": "#0"},
				"down": {"uv": [10.5, 2.5, 9.5, 1.5], "rotation": 270, "texture": "#0"}
			}
		},
		{
			"from": [7.22596, 5.52021, 8.01701],
			"to": [8.02596, 6.32021, 8.81701],
			"rotation": {"angle": -22.5, "axis": "z", "origin": [7.43493, 5.33629, 8.4115]},
			"faces": {
				"north": {"uv": [9.5, 3.5, 10.5, 4.5], "rotation": 270, "texture": "#0"},
				"east": {"uv": [9.5, 1.5, 10.5, 2.5], "rotation": 180, "texture": "#0"},
				"south": {"uv": [9.5, 3.5, 10.5, 4.5], "rotation": 90, "texture": "#0"},
				"west": {"uv": [11, 4.5, 12, 5.5], "rotation": 270, "texture": "#0"},
				"up": {"uv": [9.5, 3.5, 10.5, 4.5], "rotation": 90, "texture": "#0"},
				"down": {"uv": [9.5, 3.5, 10.5, 4.5], "rotation": 90, "texture": "#0"}
			}
		},
		{
			"from": [7.97404, 5.52021, 7.18299],
			"to": [8.77404, 6.32021, 7.98299],
			"rotation": {"angle": 22.5, "axis": "z", "origin": [8.56507, 5.33629, 7.5885]},
			"faces": {
				"north": {"uv": [9.5, 3.5, 10.5, 4.5], "rotation": 90, "texture": "#0"},
				"east": {"uv": [11, 4.5, 12, 5.5], "rotation": 270, "texture": "#0"},
				"south": {"uv": [9.5, 3.5, 10.5, 4.5], "rotation": 270, "texture": "#0"},
				"west": {"uv": [9.5, 1.5, 10.5, 2.5], "rotation": 180, "texture": "#0"},
				"up": {"uv": [10.5, 4.5, 9.5, 3.5], "rotation": 90, "texture": "#0"},
				"down": {"uv": [10.5, 4.5, 9.5, 3.5], "rotation": 90, "texture": "#0"}
			}
		},
		{
			"from": [7.55643, 6.01935, 8.01788],
			"to": [8.35643, 6.81935, 8.81788],
			"rotation": {"angle": 0, "axis": "z", "origin": [7.9615, 6.42131, 8.41258]},
			"faces": {
				"north": {"uv": [9.5, 3.5, 10.5, 4.5], "rotation": 270, "texture": "#0"},
				"east": {"uv": [9.5, 1.5, 10.5, 2.5], "rotation": 180, "texture": "#0"},
				"south": {"uv": [9.5, 3.5, 10.5, 4.5], "rotation": 90, "texture": "#0"},
				"west": {"uv": [11, 4.5, 12, 5.5], "rotation": 270, "texture": "#0"},
				"up": {"uv": [9.5, 3.5, 10.5, 4.5], "rotation": 90, "texture": "#0"},
				"down": {"uv": [9.5, 3.5, 10.5, 4.5], "rotation": 90, "texture": "#0"}
			}
		},
		{
			"from": [7.64357, 6.01935, 7.18212],
			"to": [8.44357, 6.81935, 7.98212],
			"rotation": {"angle": 0, "axis": "z", "origin": [8.0385, 6.42131, 7.58742]},
			"faces": {
				"north": {"uv": [9.5, 3.5, 10.5, 4.5], "rotation": 90, "texture": "#0"},
				"east": {"uv": [11, 4.5, 12, 5.5], "rotation": 270, "texture": "#0"},
				"south": {"uv": [9.5, 3.5, 10.5, 4.5], "rotation": 270, "texture": "#0"},
				"west": {"uv": [9.5, 1.5, 10.5, 2.5], "rotation": 180, "texture": "#0"},
				"up": {"uv": [10.5, 4.5, 9.5, 3.5], "rotation": 90, "texture": "#0"},
				"down": {"uv": [10.5, 4.5, 9.5, 3.5], "rotation": 90, "texture": "#0"}
			}
		},
		{
			"from": [7.56643, 6.52935, 8.02788],
			"to": [8.59643, 7.55935, 8.80788],
			"rotation": {"angle": 45, "axis": "z", "origin": [7.95939, 6.91855, 8.41571]},
			"faces": {
				"north": {"uv": [0, 0, 1.5, 1.5], "rotation": 270, "texture": "#0"},
				"east": {"uv": [0.5, 0.5, 1.5, 2], "rotation": 180, "texture": "#0"},
				"south": {"uv": [0, 0, 1.5, 1.5], "rotation": 270, "texture": "#0"},
				"west": {"uv": [0.5, 0.5, 1.5, 2], "rotation": 270, "texture": "#0"},
				"up": {"uv": [0.5, 0.5, 1.5, 2], "rotation": 270, "texture": "#0"},
				"down": {"uv": [0.5, 0.5, 1.5, 2], "rotation": 270, "texture": "#0"}
			}
		},
		{
			"from": [7.40357, 6.52935, 7.19212],
			"to": [8.43357, 7.55935, 7.97212],
			"rotation": {"angle": -45, "axis": "z", "origin": [8.04061, 6.91855, 7.58429]},
			"faces": {
				"north": {"uv": [0, 0, 1.5, 1.5], "rotation": 270, "texture": "#0"},
				"east": {"uv": [0.5, 0.5, 1.5, 2], "rotation": 270, "texture": "#0"},
				"south": {"uv": [0, 0, 1.5, 1.5], "rotation": 270, "texture": "#0"},
				"west": {"uv": [0.5, 0.5, 1.5, 2], "rotation": 180, "texture": "#0"},
				"up": {"uv": [1.5, 2, 0.5, 0.5], "rotation": 270, "texture": "#0"},
				"down": {"uv": [1.5, 2, 0.5, 0.5], "rotation": 270, "texture": "#0"}
			}
		},
		{
			"from": [11.3559, -4.90663, 6.89452],
			"to": [12.3859, -3.87663, 7.67452],
			"rotation": {"angle": 22.5, "axis": "z", "origin": [11.89123, -4.39841, 7.2558]},
			"faces": {
				"north": {"uv": [0, 0, 1.5, 1.5], "rotation": 180, "texture": "#0"},
				"east": {"uv": [1.5, 2, 0.5, 0.5], "texture": "#0"},
				"south": {"uv": [0, 0, 1.5, 1.5], "rotation": 270, "texture": "#0"},
				"west": {"uv": [1.5, 2, 0.5, 0.5], "texture": "#0"},
				"up": {"uv": [0.5, 0.5, 1.5, 2], "rotation": 270, "texture": "#0"},
				"down": {"uv": [0.5, 0.5, 1.5, 2], "texture": "#0"}
			}
		},
		{
			"from": [3.6141, -4.90663, 8.32548],
			"to": [4.6441, -3.87663, 9.10548],
			"rotation": {"angle": -22.5, "axis": "z", "origin": [4.10877, -4.39841, 8.7442]},
			"faces": {
				"north": {"uv": [0, 0, 1.5, 1.5], "rotation": 270, "texture": "#0"},
				"east": {"uv": [1.5, 2, 0.5, 0.5], "texture": "#0"},
				"south": {"uv": [0, 0, 1.5, 1.5], "rotation": 180, "texture": "#0"},
				"west": {"uv": [1.5, 2, 0.5, 0.5], "texture": "#0"},
				"up": {"uv": [1.5, 2, 0.5, 0.5], "rotation": 270, "texture": "#0"},
				"down": {"uv": [1.5, 2, 0.5, 0.5], "texture": "#0"}
			}
		},
		{
			"from": [10.23072, -2.25191, 7.49601],
			"to": [11.03072, -1.45191, 8.29601],
			"rotation": {"angle": -22.5, "axis": "z", "origin": [10.64128, -1.83566, 7.87304]},
			"faces": {
				"north": {"uv": [9.5, 3.5, 10.5, 4.5], "rotation": 270, "texture": "#0"},
				"east": {"uv": [11.5, 2.5, 12.5, 3.5], "rotation": 180, "texture": "#0"},
				"south": {"uv": [9.5, 3.5, 10.5, 4.5], "rotation": 90, "texture": "#0"},
				"west": {"uv": [10, 4, 11, 5], "texture": "#0"},
				"up": {"uv": [9.5, 3.5, 10.5, 4.5], "rotation": 90, "texture": "#0"},
				"down": {"uv": [9.5, 3.5, 10.5, 4.5], "rotation": 90, "texture": "#0"}
			}
		},
		{
			"from": [9.71404, -6.45307, 7.19842],
			"to": [10.51404, -5.65307, 7.99842],
			"rotation": {"angle": 0, "axis": "z", "origin": [10.66046, -5.71226, 7.47148]},
			"faces": {
				"north": {"uv": [9.5, 3.5, 10.5, 4.5], "rotation": 180, "texture": "#0"},
				"east": {"uv": [9.5, 3.5, 10.5, 4.5], "rotation": 180, "texture": "#0"},
				"south": {"uv": [9.5, 3.5, 10.5, 4.5], "rotation": 180, "texture": "#0"},
				"west": {"uv": [9.5, 3.5, 10.5, 4.5], "rotation": 180, "texture": "#0"},
				"up": {"uv": [10, 4, 11, 5], "rotation": 90, "texture": "#0"},
				"down": {"uv": [11.5, 2.5, 12.5, 3.5], "rotation": 270, "texture": "#0"}
			}
		},
		{
			"from": [5.48596, -6.45307, 8.00158],
			"to": [6.28596, -5.65307, 8.80158],
			"rotation": {"angle": 0, "axis": "z", "origin": [5.33954, -5.71226, 8.52852]},
			"faces": {
				"north": {"uv": [9.5, 3.5, 10.5, 4.5], "rotation": 180, "texture": "#0"},
				"east": {"uv": [9.5, 3.5, 10.5, 4.5], "rotation": 180, "texture": "#0"},
				"south": {"uv": [9.5, 3.5, 10.5, 4.5], "rotation": 180, "texture": "#0"},
				"west": {"uv": [9.5, 3.5, 10.5, 4.5], "rotation": 180, "texture": "#0"},
				"up": {"uv": [11, 5, 10, 4], "rotation": 90, "texture": "#0"},
				"down": {"uv": [12.5, 3.5, 11.5, 2.5], "rotation": 270, "texture": "#0"}
			}
		},
		{
			"from": [4.96928, -2.25191, 7.70399],
			"to": [5.76928, -1.45191, 8.50399],
			"rotation": {"angle": 22.5, "axis": "z", "origin": [5.35872, -1.83566, 8.12696]},
			"faces": {
				"north": {"uv": [9.5, 3.5, 10.5, 4.5], "rotation": 90, "texture": "#0"},
				"east": {"uv": [10, 4, 11, 5], "texture": "#0"},
				"south": {"uv": [9.5, 3.5, 10.5, 4.5], "rotation": 270, "texture": "#0"},
				"west": {"uv": [11.5, 2.5, 12.5, 3.5], "rotation": 180, "texture": "#0"},
				"up": {"uv": [10.5, 4.5, 9.5, 3.5], "rotation": 90, "texture": "#0"},
				"down": {"uv": [10.5, 4.5, 9.5, 3.5], "rotation": 90, "texture": "#0"}
			}
		},
		{
			"from": [10.34307, -1.00922, 7.29497],
			"to": [11.14307, -0.20922, 8.09497],
			"rotation": {"angle": 22.5, "axis": "z", "origin": [10.69492, -0.90765, 7.77505]},
			"faces": {
				"north": {"uv": [9.5, 3.5, 10.5, 4.5], "rotation": 270, "texture": "#0"},
				"east": {"uv": [11, 3.5, 12, 4.5], "texture": "#0"},
				"south": {"uv": [9.5, 3.5, 10.5, 4.5], "rotation": 90, "texture": "#0"},
				"west": {"uv": [10, 4, 11, 5], "texture": "#0"},
				"up": {"uv": [9.5, 3.5, 10.5, 4.5], "rotation": 90, "texture": "#0"},
				"down": {"uv": [9.5, 3.5, 10.5, 4.5], "rotation": 90, "texture": "#0"}
			}
		},
		{
			"from": [10.77241, -6.43866, 6.99737],
			"to": [11.57241, -5.63866, 7.79737],
			"rotation": {"angle": 45, "axis": "z", "origin": [10.66046, -5.71226, 7.47148]},
			"faces": {
				"north": {"uv": [9.5, 3.5, 10.5, 4.5], "rotation": 180, "texture": "#0"},
				"east": {"uv": [9.5, 3.5, 10.5, 4.5], "rotation": 180, "texture": "#0"},
				"south": {"uv": [9.5, 3.5, 10.5, 4.5], "rotation": 180, "texture": "#0"},
				"west": {"uv": [9.5, 3.5, 10.5, 4.5], "rotation": 180, "texture": "#0"},
				"up": {"uv": [10, 4, 11, 5], "rotation": 90, "texture": "#0"},
				"down": {"uv": [11, 3.5, 12, 4.5], "rotation": 90, "texture": "#0"}
			}
		},
		{
			"from": [4.42759, -6.43866, 8.20263],
			"to": [5.22759, -5.63866, 9.00263],
			"rotation": {"angle": -45, "axis": "z", "origin": [5.33954, -5.71226, 8.52852]},
			"faces": {
				"north": {"uv": [9.5, 3.5, 10.5, 4.5], "rotation": 180, "texture": "#0"},
				"east": {"uv": [9.5, 3.5, 10.5, 4.5], "rotation": 180, "texture": "#0"},
				"south": {"uv": [9.5, 3.5, 10.5, 4.5], "rotation": 180, "texture": "#0"},
				"west": {"uv": [9.5, 3.5, 10.5, 4.5], "rotation": 180, "texture": "#0"},
				"up": {"uv": [11, 5, 10, 4], "rotation": 90, "texture": "#0"},
				"down": {"uv": [12, 4.5, 11, 3.5], "rotation": 90, "texture": "#0"}
			}
		},
		{
			"from": [4.85693, -1.00922, 7.90503],
			"to": [5.65693, -0.20922, 8.70503],
			"rotation": {"angle": -22.5, "axis": "z", "origin": [5.30508, -0.90765, 8.22495]},
			"faces": {
				"north": {"uv": [9.5, 3.5, 10.5, 4.5], "rotation": 90, "texture": "#0"},
				"east": {"uv": [10, 4, 11, 5], "texture": "#0"},
				"south": {"uv": [9.5, 3.5, 10.5, 4.5], "rotation": 270, "texture": "#0"},
				"west": {"uv": [11, 3.5, 12, 4.5], "texture": "#0"},
				"up": {"uv": [10.5, 4.5, 9.5, 3.5], "rotation": 90, "texture": "#0"},
				"down": {"uv": [10.5, 4.5, 9.5, 3.5], "rotation": 90, "texture": "#0"}
			}
		},
		{
			"from": [7.3104, -0.25878, 7.09825],
			"to": [10.1104, 0.54122, 7.89825],
			"rotation": {"angle": -22.5, "axis": "z", "origin": [10.02008, 0.0972, 7.52694]},
			"faces": {
				"north": {"uv": [9.5, 5, 12.5, 6], "rotation": 180, "texture": "#0"},
				"east": {"uv": [9.5, 3.5, 10.5, 4.5], "texture": "#0"},
				"south": {"uv": [9.5, 5, 12.5, 6], "rotation": 180, "texture": "#0"},
				"west": {"uv": [9.5, 3.5, 10.5, 4.5], "texture": "#0"},
				"up": {"uv": [9.5, 5.5, 12.5, 6.5], "rotation": 180, "texture": "#0"},
				"down": {"uv": [9.5, 4.5, 12.5, 5.5], "rotation": 180, "texture": "#0"}
			}
		},
		{
			"from": [7.40233, -4.68043, 7.39825],
			"to": [8.20233, -1.88043, 8.19825],
			"rotation": {"angle": 45, "axis": "z", "origin": [7.78672, -4.41558, 7.8262]},
			"faces": {
				"north": {"uv": [9.5, 5, 12.5, 6], "rotation": 270, "texture": "#0"},
				"east": {"uv": [9.5, 4.5, 12.5, 5.5], "rotation": 90, "texture": "#0"},
				"south": {"uv": [9.5, 5, 12.5, 6], "rotation": 90, "texture": "#0"},
				"west": {"uv": [9.5, 5.5, 12.5, 6.5], "rotation": 90, "texture": "#0"},
				"up": {"uv": [9.5, 3.5, 10.5, 4.5], "rotation": 270, "texture": "#0"},
				"down": {"uv": [9.5, 3.5, 10.5, 4.5], "rotation": 270, "texture": "#0"}
			}
		},
		{
			"from": [7.79767, -4.68043, 7.80175],
			"to": [8.59767, -1.88043, 8.60175],
			"rotation": {"angle": -45, "axis": "z", "origin": [8.21328, -4.41558, 8.1738]},
			"faces": {
				"north": {"uv": [9.5, 5, 12.5, 6], "rotation": 90, "texture": "#0"},
				"east": {"uv": [9.5, 5.5, 12.5, 6.5], "rotation": 90, "texture": "#0"},
				"south": {"uv": [9.5, 5, 12.5, 6], "rotation": 270, "texture": "#0"},
				"west": {"uv": [9.5, 4.5, 12.5, 5.5], "rotation": 90, "texture": "#0"},
				"up": {"uv": [10.5, 4.5, 9.5, 3.5], "rotation": 270, "texture": "#0"},
				"down": {"uv": [10.5, 4.5, 9.5, 3.5], "rotation": 270, "texture": "#0"}
			}
		},
		{
			"from": [5.8896, -0.25878, 8.10175],
			"to": [8.6896, 0.54122, 8.90175],
			"rotation": {"angle": 22.5, "axis": "z", "origin": [5.97992, 0.0972, 8.47306]},
			"faces": {
				"north": {"uv": [9.5, 5, 12.5, 6], "rotation": 180, "texture": "#0"},
				"east": {"uv": [9.5, 3.5, 10.5, 4.5], "texture": "#0"},
				"south": {"uv": [9.5, 5, 12.5, 6], "rotation": 180, "texture": "#0"},
				"west": {"uv": [9.5, 3.5, 10.5, 4.5], "texture": "#0"},
				"up": {"uv": [12.5, 6.5, 9.5, 5.5], "rotation": 180, "texture": "#0"},
				"down": {"uv": [12.5, 5.5, 9.5, 4.5], "rotation": 180, "texture": "#0"}
			}
		},
		{
			"from": [5.49531, -0.33499, 7.1978],
			"to": [7.29531, 0.46501, 7.9978],
			"rotation": {"angle": -22.5, "axis": "z", "origin": [10.20499, 0.02099, 7.62648]},
			"faces": {
				"north": {"uv": [9.5, 5, 11.5, 6], "rotation": 180, "texture": "#0"},
				"east": {"uv": [9.5, 3.5, 10.5, 4.5], "texture": "#0"},
				"south": {"uv": [9.5, 5, 11.5, 6], "rotation": 180, "texture": "#0"},
				"west": {"uv": [9.5, 3.5, 10.5, 4.5], "texture": "#0"},
				"up": {"uv": [9.5, 5.5, 11.5, 6.5], "rotation": 180, "texture": "#0"},
				"down": {"uv": [9.5, 4.5, 11.5, 5.5], "rotation": 180, "texture": "#0"}
			}
		},
		{
			"from": [7.40198, -6.48043, 7.2978],
			"to": [8.20198, -4.68043, 8.0978],
			"rotation": {"angle": 45, "axis": "z", "origin": [7.78672, -4.41558, 7.6262]},
			"faces": {
				"north": {"uv": [9.5, 5, 11.5, 6], "rotation": 270, "texture": "#0"},
				"east": {"uv": [9.5, 4.5, 11.5, 5.5], "rotation": 90, "texture": "#0"},
				"south": {"uv": [9.5, 5, 11.5, 6], "rotation": 90, "texture": "#0"},
				"west": {"uv": [9.5, 5.5, 11.5, 6.5], "rotation": 90, "texture": "#0"},
				"up": {"uv": [9.5, 3.5, 10.5, 4.5], "rotation": 270, "texture": "#0"},
				"down": {"uv": [9.5, 3.5, 10.5, 4.5], "rotation": 270, "texture": "#0"}
			}
		},
		{
			"from": [7.79802, -6.48043, 7.9022],
			"to": [8.59802, -4.68043, 8.7022],
			"rotation": {"angle": -45, "axis": "z", "origin": [8.21328, -4.41558, 8.3738]},
			"faces": {
				"north": {"uv": [9.5, 5, 11.5, 6], "rotation": 90, "texture": "#0"},
				"east": {"uv": [9.5, 5.5, 11.5, 6.5], "rotation": 90, "texture": "#0"},
				"south": {"uv": [9.5, 5, 11.5, 6], "rotation": 270, "texture": "#0"},
				"west": {"uv": [9.5, 4.5, 11.5, 5.5], "rotation": 90, "texture": "#0"},
				"up": {"uv": [10.5, 4.5, 9.5, 3.5], "rotation": 270, "texture": "#0"},
				"down": {"uv": [10.5, 4.5, 9.5, 3.5], "rotation": 270, "texture": "#0"}
			}
		},
		{
			"from": [7.79802, -5.73043, 8.1522],
			"to": [8.59802, -3.43043, 8.9522],
			"rotation": {"angle": -45, "axis": "z", "origin": [8.21328, -4.41558, 8.6238]},
			"faces": {
				"north": {"uv": [9.5, 5, 12, 6], "rotation": 90, "texture": "#0"},
				"east": {"uv": [9.5, 5.5, 12, 6.5], "rotation": 90, "texture": "#0"},
				"south": {"uv": [9.5, 5, 12, 6], "rotation": 270, "texture": "#0"},
				"west": {"uv": [9.5, 4.5, 12, 5.5], "rotation": 90, "texture": "#0"},
				"up": {"uv": [10.5, 4.5, 11.5, 5.5], "rotation": 270, "texture": "#0"},
				"down": {"uv": [10.5, 4.5, 11.5, 5.5], "rotation": 270, "texture": "#0"}
			}
		},
		{
			"from": [6.53726, -5.81221, 6.995],
			"to": [8.83726, -5.01221, 7.795],
			"rotation": {"angle": -45, "axis": "z", "origin": [8.80285, -5.42395, 6.87296]},
			"faces": {
				"north": {"uv": [9.5, 5, 12, 6], "texture": "#0"},
				"east": {"uv": [10.5, 4.5, 11.5, 5.5], "texture": "#0"},
				"south": {"uv": [9.5, 5, 12, 6], "texture": "#0"},
				"west": {"uv": [10.5, 4.5, 11.5, 5.5], "texture": "#0"},
				"up": {"uv": [9.5, 4.5, 12, 5.5], "rotation": 180, "texture": "#0"},
				"down": {"uv": [9.5, 5.5, 12, 6.5], "rotation": 180, "texture": "#0"}
			}
		},
		{
			"from": [8.70469, -0.33499, 8.0022],
			"to": [10.50469, 0.46501, 8.8022],
			"rotation": {"angle": 22.5, "axis": "z", "origin": [5.79501, 0.02099, 8.37352]},
			"faces": {
				"north": {"uv": [9.5, 5, 11.5, 6], "rotation": 180, "texture": "#0"},
				"east": {"uv": [9.5, 3.5, 10.5, 4.5], "texture": "#0"},
				"south": {"uv": [9.5, 5, 11.5, 6], "rotation": 180, "texture": "#0"},
				"west": {"uv": [9.5, 3.5, 10.5, 4.5], "texture": "#0"},
				"up": {"uv": [11.5, 6.5, 9.5, 5.5], "rotation": 180, "texture": "#0"},
				"down": {"uv": [11.5, 5.5, 9.5, 4.5], "rotation": 180, "texture": "#0"}
			}
		},
		{
			"from": [7.5, -11.6, 7.5],
			"to": [8.5, -5.6, 8.5],
			"rotation": {"angle": 0, "axis": "y", "origin": [15.5, -3.6, 15.5]},
			"faces": {
				"north": {"uv": [1.5, 9, 4.5, 10], "rotation": 90, "texture": "#0"},
				"east": {"uv": [1.5, 9, 4.5, 10], "rotation": 90, "texture": "#0"},
				"south": {"uv": [1.5, 9, 4.5, 10], "rotation": 90, "texture": "#0"},
				"west": {"uv": [1.5, 9, 4.5, 10], "rotation": 90, "texture": "#0"},
				"up": {"uv": [1.5, 9, 4.5, 10], "rotation": 90, "texture": "#0"},
				"down": {"uv": [1.5, 9, 4.5, 10], "rotation": 90, "texture": "#0"}
			}
		},
		{
			"from": [7.3, -9.4, 7.3],
			"to": [8.7, -8.9, 8.7],
			"rotation": {"angle": 0, "axis": "y", "origin": [15, -1.7, 15]},
			"faces": {
				"north": {"uv": [6, 4.5, 6.4, 6], "rotation": 90, "texture": "#0"},
				"east": {"uv": [6, 4.5, 6.4, 6], "rotation": 90, "texture": "#0"},
				"south": {"uv": [6, 4.5, 6.4, 6], "rotation": 90, "texture": "#0"},
				"west": {"uv": [6, 4.5, 6.4, 6], "rotation": 90, "texture": "#0"},
				"up": {"uv": [6, 4.5, 6.4, 6], "rotation": 90, "texture": "#0"},
				"down": {"uv": [6, 4.5, 6.4, 6], "rotation": 90, "texture": "#0"}
			}
		},
		{
			"from": [7.3, -10.15, 7.3],
			"to": [8.7, -9.65, 8.7],
			"rotation": {"angle": 0, "axis": "y", "origin": [15, -2.45, 15]},
			"faces": {
				"north": {"uv": [6, 4.5, 6.4, 6], "rotation": 90, "texture": "#0"},
				"east": {"uv": [6, 4.5, 6.4, 6], "rotation": 90, "texture": "#0"},
				"south": {"uv": [6, 4.5, 6.4, 6], "rotation": 90, "texture": "#0"},
				"west": {"uv": [6, 4.5, 6.4, 6], "rotation": 90, "texture": "#0"},
				"up": {"uv": [6, 4.5, 6.4, 6], "rotation": 90, "texture": "#0"},
				"down": {"uv": [6, 4.5, 6.4, 6], "rotation": 90, "texture": "#0"}
			}
		},
		{
			"from": [7.22044, -7.02947, 7.495],
			"to": [9.23044, -5.01947, 8.505],
			"rotation": {"angle": 45, "axis": "z", "origin": [8.02548, -6.24996, 8.27447]},
			"faces": {
				"north": {"uv": [3, 8, 5, 10], "rotation": 270, "texture": "#0"},
				"east": {"uv": [3, 8, 5, 9], "rotation": 270, "texture": "#0"},
				"south": {"uv": [3, 8, 5, 10], "rotation": 270, "texture": "#0"},
				"west": {"uv": [3, 8, 5, 9], "rotation": 270, "texture": "#0"},
				"up": {"uv": [3, 8, 4, 10], "rotation": 270, "texture": "#0"},
				"down": {"uv": [3, 8, 4, 10], "rotation": 270, "texture": "#0"}
			}
		},
		{
			"from": [7.22044, -12.92947, 7.495],
			"to": [9.23044, -10.91947, 8.505],
			"rotation": {"angle": 45, "axis": "z", "origin": [8.02548, -12.14996, 8.27447]},
			"faces": {
				"north": {"uv": [13, 7.5, 15, 9.5], "rotation": 270, "texture": "#0"},
				"east": {"uv": [13, 7.5, 15, 8.5], "rotation": 270, "texture": "#0"},
				"south": {"uv": [13, 7.5, 15, 9.5], "rotation": 180, "texture": "#0"},
				"west": {"uv": [14, 9, 16, 10], "rotation": 270, "texture": "#0"},
				"up": {"uv": [15, 8.5, 16, 10.5], "rotation": 90, "texture": "#0"},
				"down": {"uv": [13, 8, 14, 10], "rotation": 90, "texture": "#0"}
			}
		},
		{
			"from": [7.4, -12.7, 7.4],
			"to": [8.9, -11.2, 8.6],
			"rotation": {"angle": 45, "axis": "z", "origin": [8.00846, -12.09999, 7.99152]},
			"faces": {
				"north": {"uv": [11, 0, 12.5, 1.5], "rotation": 270, "texture": "#0"},
				"east": {"uv": [11.5, 0, 12.5, 1.5], "texture": "#0"},
				"south": {"uv": [11, 0, 12.5, 1.5], "texture": "#0"},
				"west": {"uv": [11.5, 1, 12.5, 2.5], "texture": "#0"},
				"up": {"uv": [11.5, 0, 12.5, 1.5], "rotation": 90, "texture": "#0"},
				"down": {"uv": [11.5, 1, 12.5, 2.5], "rotation": 90, "texture": "#0"}
			}
		},
		{
			"from": [7.4, -5.7, 7.25],
			"to": [9.4, -3.7, 8.75],
			"rotation": {"angle": 45, "axis": "z", "origin": [8.00846, -5.09999, 7.99152]},
			"faces": {
				"north": {"uv": [11, 0, 12.5, 1.5], "rotation": 270, "texture": "#0"},
				"east": {"uv": [11.5, 0, 12.5, 1.5], "texture": "#0"},
				"south": {"uv": [11, 0, 12.5, 1.5], "texture": "#0"},
				"west": {"uv": [11.5, 1, 12.5, 2.5], "texture": "#0"},
				"up": {"uv": [11.5, 0, 12.5, 1.5], "rotation": 90, "texture": "#0"},
				"down": {"uv": [11.5, 1, 12.5, 2.5], "rotation": 90, "texture": "#0"}
			}
		},
		{
			"from": [6.24, -5.96, 7.49],
			"to": [9.26, -2.94, 8.51],
			"rotation": {"angle": 45, "axis": "z", "origin": [8.00846, -4.19999, 8.49152]},
			"faces": {
				"north": {"uv": [12.5, 7.5, 16, 11], "texture": "#0"},
				"east": {"uv": [12.5, 7.5, 16, 8.52], "rotation": 90, "texture": "#0"},
				"south": {"uv": [12.5, 7.5, 16, 11], "rotation": 90, "texture": "#0"},
				"west": {"uv": [12.5, 9.5, 16, 10.52], "rotation": 90, "texture": "#0"},
				"up": {"uv": [12.5, 7.5, 16, 8.52], "rotation": 180, "texture": "#0"},
				"down": {"uv": [12.5, 9, 16, 10.02], "rotation": 180, "texture": "#0"}
			}
		},
		{
			"from": [7.09, 11.29, 7.69],
			"to": [9.41, 13.61, 8.31],
			"rotation": {"angle": 45, "axis": "z", "origin": [8.00846, 12.20001, 8.49152]},
			"faces": {
				"north": {"uv": [0, 11, 2.5, 13.49], "texture": "#0"},
				"east": {"uv": [0, 11, 2.5, 13.49], "texture": "#0"},
				"south": {"uv": [0, 11, 2.5, 13.49], "texture": "#0"},
				"west": {"uv": [0, 11, 2.5, 13.49], "texture": "#0"},
				"up": {"uv": [0, 11, 2.5, 13.49], "texture": "#0"},
				"down": {"uv": [0, 11, 2.5, 13.49], "texture": "#0"}
			}
		},
		{
			"from": [6.73907, 12.03331, 7.71011],
			"to": [7.76707, 14.81131, 8.28811],
			"rotation": {"angle": -22.5, "axis": "z", "origin": [7.87246, 13.16669, 8.00706]},
			"faces": {
				"north": {"uv": [0, 11.5, 3, 12.5], "rotation": 90, "texture": "#0"},
				"east": {"uv": [0, 11.5, 3, 12.5], "rotation": 90, "texture": "#0"},
				"south": {"uv": [0, 11.5, 3, 12.5], "rotation": 90, "texture": "#0"},
				"west": {"uv": [0, 11.5, 3, 12.5], "rotation": 90, "texture": "#0"},
				"up": {"uv": [0, 11.5, 3, 12.5], "rotation": 90, "texture": "#0"},
				"down": {"uv": [0, 11.5, 3, 12.5], "rotation": 90, "texture": "#0"}
			}
		},
		{
			"from": [8.09131, 12.30142, 7.70911],
			"to": [9.12131, 15.08142, 8.28911],
			"rotation": {"angle": 22.5, "axis": "z", "origin": [8.72263, 13.68645, 8.01031]},
			"faces": {
				"north": {"uv": [0, 11.5, 3, 12.5], "rotation": 90, "texture": "#0"},
				"east": {"uv": [0, 11.5, 3, 12.5], "rotation": 90, "texture": "#0"},
				"south": {"uv": [0, 11.5, 3, 12.5], "rotation": 90, "texture": "#0"},
				"west": {"uv": [0, 11.5, 3, 12.5], "rotation": 90, "texture": "#0"},
				"up": {"uv": [0, 11.5, 3, 12.5], "rotation": 90, "texture": "#0"},
				"down": {"uv": [0, 11.5, 3, 12.5], "rotation": 90, "texture": "#0"}
			}
		},
		{
			"from": [7.61935, 14.74651, 7.7202],
			"to": [8.37935, 15.50651, 8.2802],
			"rotation": {"angle": -45, "axis": "z", "origin": [7.99482, 15.11519, 8.01254]},
			"faces": {
				"north": {"uv": [0, 11, 1, 12], "rotation": 270, "texture": "#0"},
				"east": {"uv": [0, 11, 1, 11.8], "rotation": 270, "texture": "#0"},
				"south": {"uv": [0, 11, 1, 12], "rotation": 270, "texture": "#0"},
				"west": {"uv": [0, 11, 1, 11.8], "rotation": 270, "texture": "#0"},
				"up": {"uv": [0, 11, 0.8, 12], "rotation": 270, "texture": "#0"},
				"down": {"uv": [0, 11, 0.8, 12], "rotation": 270, "texture": "#0"}
			}
		},
		{
			"from": [8.2, -4.35, 7.85],
			"to": [10.3, -2.75, 8.15],
			"rotation": {"angle": 45, "axis": "z", "origin": [8.00846, -3.54999, 8.64152]},
			"faces": {
				"north": {"uv": [13, 13.5, 15.5, 15.5], "texture": "#0"},
				"east": {"uv": [14, 14, 14.7, 16], "texture": "#0"},
				"south": {"uv": [13.5, 14, 16, 16], "texture": "#0"},
				"west": {"uv": [14, 14, 14.7, 16], "texture": "#0"},
				"up": {"uv": [13.5, 15.3, 16, 16], "texture": "#0"},
				"down": {"uv": [13.5, 15.3, 16, 16], "texture": "#0"}
			}
		},
		{
			"from": [5.7, -4.35, 7.85],
			"to": [7.8, -2.75, 8.15],
			"rotation": {"angle": -45, "axis": "z", "origin": [7.99154, -3.54999, 8.64152]},
			"faces": {
				"north": {"uv": [13.5, 14, 16, 16], "texture": "#0"},
				"east": {"uv": [14, 14, 14.7, 16], "texture": "#0"},
				"south": {"uv": [13.5, 14, 16, 16], "texture": "#0"},
				"west": {"uv": [14, 14, 14.7, 16], "texture": "#0"},
				"up": {"uv": [13.5, 15.3, 16, 16], "texture": "#0"},
				"down": {"uv": [13.5, 15.3, 16, 16], "texture": "#0"}
			}
		},
		{
			"from": [9.21002, -2.68855, 7.85197],
			"to": [9.81002, -1.08855, 8.15197],
			"rotation": {"angle": 22.5, "axis": "z", "origin": [9.51418, -1.6313, 7.99172]},
			"faces": {
				"north": {"uv": [14, 14, 16, 15], "rotation": 90, "texture": "#0"},
				"east": {"uv": [14, 15.3, 16, 16], "rotation": 90, "texture": "#0"},
				"south": {"uv": [14, 15, 16, 16], "rotation": 90, "texture": "#0"},
				"west": {"uv": [14, 15.3, 16, 16], "rotation": 90, "texture": "#0"},
				"up": {"uv": [14, 15, 14.7, 16], "rotation": 90, "texture": "#0"},
				"down": {"uv": [14, 15, 14.7, 16], "rotation": 90, "texture": "#0"}
			}
		},
		{
			"from": [6.18998, -2.68855, 7.85197],
			"to": [6.78998, -1.08855, 8.15197],
			"rotation": {"angle": -22.5, "axis": "z", "origin": [6.48582, -1.6313, 7.99172]},
			"faces": {
				"north": {"uv": [14, 15, 16, 16], "rotation": 90, "texture": "#0"},
				"east": {"uv": [14, 15.3, 16, 16], "rotation": 90, "texture": "#0"},
				"south": {"uv": [14, 15, 16, 16], "rotation": 90, "texture": "#0"},
				"west": {"uv": [14, 15.3, 16, 16], "rotation": 90, "texture": "#0"},
				"up": {"uv": [14, 15, 14.7, 16], "rotation": 90, "texture": "#0"},
				"down": {"uv": [14, 15, 14.7, 16], "rotation": 90, "texture": "#0"}
			}
		},
		{
			"from": [7.49587, 10.13952, 7.85327],
			"to": [10.09587, 12.73952, 8.15327],
			"rotation": {"angle": -22.5, "axis": "z", "origin": [9.80085, 11.43587, 8.0078]},
			"faces": {
				"north": {"uv": [3, 13.5, 0, 16], "rotation": 90, "texture": "#0"},
				"east": {"uv": [0, 14, 3, 14.5], "rotation": 270, "texture": "#0"},
				"south": {"uv": [0, 13.5, 3, 16], "rotation": 180, "texture": "#0"},
				"west": {"uv": [0, 13.5, 3, 16], "rotation": 270, "texture": "#0"},
				"up": {"uv": [0, 13.5, 3, 16], "rotation": 270, "texture": "#0"},
				"down": {"uv": [0, 13.5, 3, 16], "rotation": 270, "texture": "#0"}
			}
		},
		{
			"from": [5.90513, 10.14052, 7.85427],
			"to": [8.50313, 12.73852, 8.15227],
			"rotation": {"angle": 22.5, "axis": "z", "origin": [6.19915, 11.43587, 8.0078]},
			"faces": {
				"north": {"uv": [0, 13.5, 3, 16], "rotation": 180, "texture": "#0"},
				"east": {"uv": [0, 13.5, 3, 16], "rotation": 270, "texture": "#0"},
				"south": {"uv": [0, 13.5, 3, 16], "rotation": 270, "texture": "#0"},
				"west": {"uv": [0, 14, 3, 14.5], "rotation": 270, "texture": "#0"},
				"up": {"uv": [0, 13.5, 3, 16], "rotation": 270, "texture": "#0"},
				"down": {"uv": [0, 13.5, 3, 16], "rotation": 270, "texture": "#0"}
			}
		},
		{
			"from": [8.49516, 12.31199, 7.85806],
			"to": [10.09316, 16.90999, 8.15606],
			"rotation": {"angle": 22.5, "axis": "z", "origin": [9.78741, 13.61159, 8.00994]},
			"faces": {
				"north": {"uv": [0, 14, 5, 16], "rotation": 270, "texture": "#0"},
				"east": {"uv": [0, 14, 5, 14.5], "rotation": 270, "texture": "#0"},
				"south": {"uv": [0, 16, 5, 14], "rotation": 270, "texture": "#0"},
				"west": {"uv": [0, 13.5, 3, 16], "rotation": 270, "texture": "#0"},
				"up": {"uv": [0, 13.5, 3, 16], "rotation": 270, "texture": "#0"},
				"down": {"uv": [0, 13.5, 3, 16], "rotation": 270, "texture": "#0"}
			}
		},
		{
			"from": [5.90584, 12.31099, 7.85706],
			"to": [7.50584, 16.91099, 8.15706],
			"rotation": {"angle": -22.5, "axis": "z", "origin": [6.21259, 13.61159, 8.00994]},
			"faces": {
				"north": {"uv": [0, 16, 5, 14], "rotation": 270, "texture": "#0"},
				"east": {"uv": [0, 14, 5, 16], "rotation": 270, "texture": "#0"},
				"south": {"uv": [0, 14, 5, 16], "rotation": 270, "texture": "#0"},
				"west": {"uv": [0, 14, 5, 14.5], "rotation": 270, "texture": "#0"},
				"up": {"uv": [0, 14, 5, 16], "rotation": 270, "texture": "#0"},
				"down": {"uv": [0, 14, 5, 16], "rotation": 270, "texture": "#0"}
			}
		},
		{
			"from": [7.21698, 16.29039, 7.85904],
			"to": [8.35798, 17.43639, 8.15504],
			"rotation": {"angle": 45, "axis": "z", "origin": [8.00158, 17.07992, 8.02536]},
			"faces": {
				"north": {"uv": [6, 14.5, 7.55, 16], "rotation": 270, "texture": "#0"},
				"east": {"uv": [6, 14.5, 7.55, 15], "rotation": 270, "texture": "#0"},
				"south": {"uv": [6, 14.5, 7.55, 16], "rotation": 270, "texture": "#0"},
				"west": {"uv": [6, 14.5, 7.55, 16], "rotation": 270, "texture": "#0"},
				"up": {"uv": [5.5, 14, 7.05, 14.5], "rotation": 180, "texture": "#0"},
				"down": {"uv": [6, 14.5, 7.55, 16], "rotation": 270, "texture": "#0"}
			}
		},
		{
			"from": [6.37901, -1.24476, 7.85694],
			"to": [9.62501, 10.35124, 8.15294],
			"rotation": {"angle": 0, "axis": "z", "origin": [6.67034, -0.44647, 7.99607]},
			"faces": {
				"north": {"uv": [4, 14, 16, 16], "rotation": 90, "texture": "#0"},
				"east": {"uv": [4, 14.5, 16, 15], "rotation": 90, "texture": "#0"},
				"south": {"uv": [4, 14, 16, 16], "rotation": 90, "texture": "#0"},
				"west": {"uv": [4, 14.5, 16, 15], "rotation": 90, "texture": "#0"},
				"up": {"uv": [4, 14, 16, 16], "rotation": 90, "texture": "#0"},
				"down": {"uv": [4, 14, 16, 16], "rotation": 90, "texture": "#0"}
			}
		},
		{
			"from": [6.953, -2.74376, 7.70794],
			"to": [9.047, 12.85024, 8.30194],
			"rotation": {"angle": 0, "axis": "z", "origin": [6.67034, -0.94647, 7.99607]},
			"faces": {
				"north": {"uv": [0, 11, 16, 13.5], "rotation": 90, "texture": "#0"},
				"east": {"uv": [0, 11, 16, 13.5], "rotation": 90, "texture": "#0"},
				"south": {"uv": [0, 11, 16, 13.5], "rotation": 90, "texture": "#0"},
				"west": {"uv": [0, 11, 16, 13.5], "rotation": 90, "texture": "#0"},
				"up": {"uv": [0, 11, 16, 13.5], "rotation": 90, "texture": "#0"},
				"down": {"uv": [0, 11, 16, 13.5], "rotation": 90, "texture": "#0"}
			}
		},
		{
			"from": [7.3, -8.65, 7.3],
			"to": [8.7, -8.15, 8.7],
			"rotation": {"angle": 0, "axis": "y", "origin": [15, -0.95, 15]},
			"faces": {
				"north": {"uv": [6, 4.5, 6.4, 6], "rotation": 90, "texture": "#0"},
				"east": {"uv": [6, 4.5, 6.4, 6], "rotation": 90, "texture": "#0"},
				"south": {"uv": [6, 4.5, 6.4, 6], "rotation": 90, "texture": "#0"},
				"west": {"uv": [6, 4.5, 6.4, 6], "rotation": 90, "texture": "#0"},
				"up": {"uv": [6, 4.5, 6.4, 6], "rotation": 90, "texture": "#0"},
				"down": {"uv": [6, 4.5, 6.4, 6], "rotation": 90, "texture": "#0"}
			}
		}
	],
	"display": {
		"thirdperson": {
			"rotation": [0, 90, -90],
			"translation": [0, 0.5, -11.5],
			"scale": [1.3, 1.3, 1.3]
		},
		"firstperson": {
			"rotation": [0, -135, -15],
			"translation": [0, 11, 3.2],
			"scale": [1.3, 1.3, 1.3]
		},
		"ground": {
			"translation": [0, 5, 0],
			"scale": [2, 2, 2]
		},
		"gui": {
			"rotation": [0, -45, 35],
			"translation": [-3.7, 2.5, 0],
			"scale": [1.3, 1.3, 1.3]
		},
		"fixed": {
			"scale": [2, 2, 2]
		}
	}
}