{
	"credit": "Made with Blockbench",
	"textures": {
		"0": "skins/silverfang",
		"particle": "skins/silverfang"
	},
	"elements": [
		{
			"from": [7.08211, -13.15, 7.25941],
			"to": [8.68211, -5.15, 8.85941],
			"rotation": {"angle": 0, "axis": "y", "origin": [7.94106, -2.18987, 8.0797]},
			"faces": {
				"north": {"uv": [0, 14, 9, 16], "rotation": 90, "texture": "#0"},
				"east": {"uv": [0, 12, 9, 14], "rotation": 90, "texture": "#0"},
				"south": {"uv": [0, 12, 9, 14], "rotation": 90, "texture": "#0"},
				"west": {"uv": [0, 12, 9, 14], "rotation": 90, "texture": "#0"},
				"up": {"uv": [0, 14, 1, 15.6], "rotation": 270, "texture": "#0"},
				"down": {"uv": [7, 13, 9, 15], "rotation": 270, "texture": "#0"}
			}
		},
		{
			"from": [5.87557, -5.07867, 7.56941],
			"to": [10.65557, -4.59867, 8.59941],
			"rotation": {"angle": -22.5, "axis": "z", "origin": [7.94106, -2.18987, 8.0797]},
			"faces": {
				"north": {"uv": [3, 10, 5, 11], "texture": "#0"},
				"east": {"uv": [3, 10, 5, 11], "texture": "#0"},
				"south": {"uv": [3, 10, 5, 11], "texture": "#0"},
				"west": {"uv": [3, 10, 5, 11], "texture": "#0"},
				"up": {"uv": [3, 10, 5, 11], "rotation": 180, "texture": "#0"},
				"down": {"uv": [3, 10, 5, 11], "rotation": 180, "texture": "#0"}
			}
		},
		{
			"from": [10.62339, -11.6415, 7.16941],
			"to": [12.80339, -11.1615, 8.94941],
			"rotation": {"angle": -22.5, "axis": "z", "origin": [7.94106, -2.18987, 8.0797]},
			"faces": {
				"north": {"uv": [3, 10, 5, 11], "texture": "#0"},
				"east": {"uv": [3, 10, 5, 11], "texture": "#0"},
				"south": {"uv": [3, 10, 5, 11], "texture": "#0"},
				"west": {"uv": [3, 10, 5, 11], "texture": "#0"},
				"up": {"uv": [3, 10, 5, 11], "rotation": 180, "texture": "#0"},
				"down": {"uv": [3, 10, 5, 11], "rotation": 180, "texture": "#0"}
			}
		},
		{
			"from": [4.69652, -6.2612, 7.15941],
			"to": [7.99652, -5.7512, 8.95941],
			"rotation": {"angle": 22.5, "axis": "z", "origin": [7.94106, -2.18987, 8.0797]},
			"faces": {
				"north": {"uv": [3, 10, 5, 11], "texture": "#0"},
				"east": {"uv": [3, 10, 5, 11], "texture": "#0"},
				"south": {"uv": [3, 10, 5, 11], "texture": "#0"},
				"west": {"uv": [3, 10, 5, 11], "texture": "#0"},
				"up": {"uv": [3, 10, 5, 11], "rotation": 180, "texture": "#0"},
				"down": {"uv": [3, 10, 5, 11], "rotation": 180, "texture": "#0"}
			}
		},
		{
			"from": [3.79009, -3.59186, 7.55886],
			"to": [8.34009, -3.14186, 8.60886],
			"rotation": {"angle": 45, "axis": "z", "origin": [7.94106, -2.18987, 8.0797]},
			"faces": {
				"north": {"uv": [3, 10, 5, 11], "texture": "#0"},
				"east": {"uv": [3, 10, 5, 11], "texture": "#0"},
				"south": {"uv": [3, 10, 5, 11], "texture": "#0"},
				"west": {"uv": [3, 10, 5, 11], "texture": "#0"},
				"up": {"uv": [3, 10, 5, 11], "rotation": 180, "texture": "#0"},
				"down": {"uv": [3, 10, 5, 11], "rotation": 180, "texture": "#0"}
			}
		},
		{
			"from": [2.94926, -11.83807, 7.15886],
			"to": [5.04926, -11.38807, 8.95886],
			"rotation": {"angle": 22.5, "axis": "z", "origin": [7.94106, -2.18987, 8.0797]},
			"faces": {
				"north": {"uv": [3, 10, 5, 11], "texture": "#0"},
				"east": {"uv": [3, 10, 5, 11], "texture": "#0"},
				"south": {"uv": [3, 10, 5, 11], "texture": "#0"},
				"west": {"uv": [3, 10, 5, 11], "texture": "#0"},
				"up": {"uv": [3, 10, 5, 11], "rotation": 180, "texture": "#0"},
				"down": {"uv": [3, 10, 5, 11], "rotation": 180, "texture": "#0"}
			}
		},
		{
			"from": [5.92697, -6.00813, 7.75941],
			"to": [7.52697, -2.40813, 8.35941],
			"rotation": {"angle": 22.5, "axis": "z", "origin": [7.94106, -2.18987, 8.0797]},
			"faces": {
				"north": {"uv": [0, 4, 2, 8], "texture": "#0"},
				"east": {"uv": [0, 4, 1, 8], "texture": "#0"},
				"south": {"uv": [0, 4, 2, 8], "texture": "#0"},
				"west": {"uv": [0, 4, 1, 8], "texture": "#0"},
				"up": {"uv": [0, 4, 2, 8], "rotation": 180, "texture": "#0"},
				"down": {"uv": [0, 4, 2, 8], "rotation": 180, "texture": "#0"}
			}
		},
		{
			"from": [4.82697, -6.00813, 8.00941],
			"to": [8.42697, -2.40813, 8.10941],
			"rotation": {"angle": 22.5, "axis": "z", "origin": [7.94106, -2.18987, 8.0797]},
			"faces": {
				"north": {"uv": [0, 0, 4, 4], "texture": "#0"},
				"east": {"uv": [0, 0, 4, 4], "texture": "#0"},
				"south": {"uv": [0, 0, 4, 4], "texture": "#0"},
				"west": {"uv": [0, 0, 4, 4], "texture": "#0"},
				"up": {"uv": [0, 0, 4, 4], "rotation": 180, "texture": "#0"},
				"down": {"uv": [0, 0, 4, 4], "rotation": 180, "texture": "#0"}
			}
		},
		{
			"from": [5.14594, -3.58494, 8.0093],
			"to": [8.49594, 0.51506, 8.1093],
			"rotation": {"angle": 0, "axis": "z", "origin": [7.94106, -2.18987, 8.0797]},
			"faces": {
				"north": {"uv": [0, 0, 4, 4], "texture": "#0"},
				"east": {"uv": [0, 0, 4, 4], "texture": "#0"},
				"south": {"uv": [0, 0, 4, 4], "texture": "#0"},
				"west": {"uv": [0, 0, 4, 4], "texture": "#0"},
				"up": {"uv": [0, 0, 4, 4], "rotation": 180, "texture": "#0"},
				"down": {"uv": [0, 0, 4, 4], "rotation": 180, "texture": "#0"}
			}
		},
		{
			"from": [4.31289, -0.77201, 7.99936],
			"to": [7.43289, 2.84799, 8.11936],
			"rotation": {"angle": -22.5, "axis": "z", "origin": [7.94106, -2.18987, 8.0797]},
			"faces": {
				"north": {"uv": [0, 0, 4, 4], "texture": "#0"},
				"east": {"uv": [0, 0, 4, 4], "texture": "#0"},
				"south": {"uv": [0, 0, 4, 4], "texture": "#0"},
				"west": {"uv": [0, 0, 4, 4], "texture": "#0"},
				"up": {"uv": [0, 0, 4, 4], "rotation": 180, "texture": "#0"},
				"down": {"uv": [0, 0, 4, 4], "rotation": 180, "texture": "#0"}
			}
		},
		{
			"from": [6.16381, -3.162, 7.75967],
			"to": [7.61381, 0.438, 8.35967],
			"rotation": {"angle": 0, "axis": "z", "origin": [7.94106, -2.18987, 8.0797]},
			"faces": {
				"north": {"uv": [5, 4, 7, 8], "texture": "#0"},
				"east": {"uv": [5, 4, 6, 8], "texture": "#0"},
				"south": {"uv": [5, 4, 7, 8], "texture": "#0"},
				"west": {"uv": [5, 4, 6, 8], "texture": "#0"},
				"up": {"uv": [5, 4, 7, 8], "rotation": 180, "texture": "#0"},
				"down": {"uv": [5, 4, 7, 8], "rotation": 180, "texture": "#0"}
			}
		},
		{
			"from": [5.29346, -0.4419, 7.75981],
			"to": [6.59346, 2.1581, 8.35981],
			"rotation": {"angle": -22.5, "axis": "z", "origin": [7.94106, -2.18987, 8.0797]},
			"faces": {
				"north": {"uv": [3, 4, 5, 7], "texture": "#0"},
				"east": {"uv": [3, 4, 4, 7], "texture": "#0"},
				"south": {"uv": [2, 4, 4, 7], "texture": "#0"},
				"west": {"uv": [3, 4, 4, 7], "texture": "#0"},
				"up": {"uv": [5, 4, 7, 7], "rotation": 180, "texture": "#0"},
				"down": {"uv": [5, 4, 7, 7], "rotation": 180, "texture": "#0"}
			}
		},
		{
			"from": [10.94546, 1.31958, 7.75909],
			"to": [13.54546, 1.91958, 8.35909],
			"rotation": {"angle": 45, "axis": "z", "origin": [7.94106, -2.18987, 8.0797]},
			"faces": {
				"north": {"uv": [3, 4, 4, 7], "rotation": 270, "texture": "#0"},
				"east": {"uv": [3, 4, 4, 7], "rotation": 270, "texture": "#0"},
				"south": {"uv": [3, 4, 4, 7], "rotation": 270, "texture": "#0"},
				"west": {"uv": [3, 4, 4, 7], "rotation": 270, "texture": "#0"},
				"up": {"uv": [3, 4, 4, 7], "rotation": 90, "texture": "#0"},
				"down": {"uv": [3, 4, 4, 7], "rotation": 90, "texture": "#0"}
			}
		},
		{
			"from": [11.20011, 0.22651, 8.00873],
			"to": [13.80011, 3.07651, 8.10873],
			"rotation": {"angle": 45, "axis": "z", "origin": [7.94106, -2.18987, 8.0797]},
			"faces": {
				"north": {"uv": [1, 0, 4, 3], "rotation": 180, "texture": "#0"},
				"east": {"uv": [1, 0, 4, 3], "rotation": 270, "texture": "#0"},
				"south": {"uv": [1, 0, 4, 3], "rotation": 270, "texture": "#0"},
				"west": {"uv": [1, 0, 4, 3], "rotation": 270, "texture": "#0"},
				"up": {"uv": [1, 0, 4, 3], "rotation": 90, "texture": "#0"},
				"down": {"uv": [1, 0, 4, 3], "rotation": 90, "texture": "#0"}
			}
		},
		{
			"from": [11.33917, 2.31715, 8.00766],
			"to": [13.43917, 4.91715, 8.10766],
			"rotation": {"angle": 22.5, "axis": "z", "origin": [7.94106, -2.18987, 8.0797]},
			"faces": {
				"north": {"uv": [7, 1, 10, 4], "rotation": 270, "texture": "#0"},
				"east": {"uv": [7, 1, 10, 4], "rotation": 180, "texture": "#0"},
				"south": {"uv": [7, 1, 10, 4], "rotation": 180, "texture": "#0"},
				"west": {"uv": [7, 1, 10, 4], "rotation": 180, "texture": "#0"},
				"up": {"uv": [7, 1, 10, 4], "texture": "#0"},
				"down": {"uv": [7, 1, 10, 4], "texture": "#0"}
			}
		},
		{
			"from": [10.29082, 4.12161, 7.99917],
			"to": [11.91082, 6.49161, 8.11917],
			"rotation": {"angle": 0, "axis": "z", "origin": [7.94106, -2.18987, 8.0797]},
			"faces": {
				"north": {"uv": [0, 0, 3, 2], "rotation": 270, "texture": "#0"},
				"east": {"uv": [0, 0, 3, 2], "rotation": 270, "texture": "#0"},
				"south": {"uv": [0, 0, 3, 2], "rotation": 270, "texture": "#0"},
				"west": {"uv": [0, 0, 3, 2], "rotation": 270, "texture": "#0"},
				"up": {"uv": [0, 0, 3, 2], "rotation": 270, "texture": "#0"},
				"down": {"uv": [0, 0, 3, 2], "rotation": 270, "texture": "#0"}
			}
		},
		{
			"from": [5.99525, 1.15801, 7.75742],
			"to": [6.59525, 3.75801, 8.35742],
			"rotation": {"angle": -22.5, "axis": "z", "origin": [7.94106, -2.18987, 8.0797]},
			"faces": {
				"north": {"uv": [3, 4, 4, 7], "texture": "#0"},
				"east": {"uv": [3, 4, 4, 7], "texture": "#0"},
				"south": {"uv": [3, 4, 4, 7], "rotation": 180, "texture": "#0"},
				"west": {"uv": [3, 4, 4, 7], "texture": "#0"},
				"up": {"uv": [3, 4, 4, 7], "rotation": 180, "texture": "#0"},
				"down": {"uv": [3, 4, 4, 7], "rotation": 180, "texture": "#0"}
			}
		}
	],
	"display": {
		"thirdperson": {
			"rotation": [0, 90, -90],
			"translation": [0, 0.5, -7],
			"scale": [0.8, 0.8, 0.8]
		},
		"firstperson": {
			"rotation": [0, -135, 23],
			"translation": [3, 11, 2],
			"scale": [1.2, 1.2, 1.2]
		},
		"ground": {
			"translation": [0, 5, 0],
			"scale": [2, 2, 2]
		},
		"gui": {
			"rotation": [45, -45, 45],
			"translation": [-10, 3, 0],
			"scale": [1.8, 1.8, 1.8]
		},
		"fixed": {
			"scale": [2, 2, 2]
		}
	}
}