{
	"credit": "Made with Blockbench",
	"textures": {
		"0": "skins/soulwhip",
		"particle": "skins/soulwhip"
	},
	"elements": [
		{
			"from": [7.6, -1.85, 12.35],
			"to": [8.4, 1.95, 13.15],
			"faces": {
				"north": {"uv": [3.5, 14, 7.5, 15], "rotation": 90, "texture": "#0"},
				"east": {"uv": [3.5, 14, 7.5, 15], "rotation": 90, "texture": "#0"},
				"south": {"uv": [3.5, 14, 7.5, 15], "rotation": 90, "texture": "#0"},
				"west": {"uv": [3.5, 14, 7.5, 15], "rotation": 90, "texture": "#0"},
				"up": {"uv": [3.5, 14, 4.5, 15], "rotation": 90, "texture": "#0"},
				"down": {"uv": [3.5, 14, 4.5, 15], "rotation": 90, "texture": "#0"}
			}
		},
		{
			"from": [7.4, 1.9, 12.15],
			"to": [8.6, 3.1, 13.35],
			"faces": {
				"north": {"uv": [3.5, 14, 4.5, 15], "rotation": 90, "texture": "#0"},
				"east": {"uv": [3.5, 14, 4.5, 15], "rotation": 90, "texture": "#0"},
				"south": {"uv": [3.5, 14, 4.5, 15], "rotation": 90, "texture": "#0"},
				"west": {"uv": [3.5, 14, 4.5, 15], "rotation": 90, "texture": "#0"},
				"up": {"uv": [3.5, 14, 4.5, 15], "rotation": 90, "texture": "#0"},
				"down": {"uv": [3.5, 14, 4.5, 15], "rotation": 90, "texture": "#0"}
			}
		},
		{
			"from": [6.5, 1.85241, 12.10376],
			"to": [9.5, 4.85241, 15.10376],
			"rotation": {"angle": -45, "axis": "x", "origin": [8.01968, 3.84739, 12.59268]},
			"faces": {
				"north": {"uv": [4.5, 0, 9, 4.5], "rotation": 90, "texture": "#0"},
				"east": {"uv": [4.5, 0, 9, 4.5], "texture": "#0"},
				"south": {"uv": [4.5, 0, 9, 4.5], "rotation": 90, "texture": "#0"},
				"west": {"uv": [4.5, 0, 9, 4.5], "rotation": 180, "texture": "#0"},
				"up": {"uv": [0, 0, 4.5, 4.5], "rotation": 180, "texture": "#0"},
				"down": {"uv": [9, 0, 4.5, 4.5], "rotation": 90, "texture": "#0"}
			}
		},
		{
			"from": [6.10334, 3.44575, 12.59944],
			"to": [7.60334, 4.94575, 14.09944],
			"rotation": {"angle": 22.5, "axis": "y", "origin": [8.0014, 6.78375, 14.06477]},
			"faces": {
				"north": {"uv": [4.5, 0, 9, 4.5], "rotation": 90, "texture": "#0"},
				"east": {"uv": [9, 0, 4.5, 4.5], "rotation": 90, "texture": "#0"},
				"south": {"uv": [4.5, 0, 9, 4.5], "rotation": 90, "texture": "#0"},
				"west": {"uv": [0, 0, 4.5, 4.5], "texture": "#0"},
				"up": {"uv": [4.5, 0, 9, 4.5], "texture": "#0"},
				"down": {"uv": [4.5, 0, 9, 4.5], "texture": "#0"}
			}
		},
		{
			"from": [8.96442, 3.44575, 12.99533],
			"to": [10.46442, 4.94575, 14.49533],
			"rotation": {"angle": 22.5, "axis": "z", "origin": [9.97898, 3.68847, 13.73732]},
			"faces": {
				"north": {"uv": [4.5, 0, 9, 4.5], "rotation": 90, "texture": "#0"},
				"east": {"uv": [0, 0, 4.5, 4.5], "texture": "#0"},
				"south": {"uv": [4.5, 0, 9, 4.5], "rotation": 90, "texture": "#0"},
				"west": {"uv": [9, 0, 4.5, 4.5], "rotation": 90, "texture": "#0"},
				"up": {"uv": [4.5, 0, 9, 4.5], "rotation": 180, "texture": "#0"},
				"down": {"uv": [4.5, 0, 9, 4.5], "rotation": 180, "texture": "#0"}
			}
		},
		{
			"from": [6.10334, 2.94575, 12.93337],
			"to": [6.60334, 3.44575, 13.76837],
			"rotation": {"angle": 22.5, "axis": "y", "origin": [8.0014, 6.78375, 14.06477]},
			"faces": {
				"north": {"uv": [4.5, 0, 9, 4.5], "rotation": 90, "texture": "#0"},
				"east": {"uv": [9, 0, 4.5, 4.5], "rotation": 90, "texture": "#0"},
				"south": {"uv": [4.5, 0, 9, 4.5], "rotation": 90, "texture": "#0"},
				"west": {"uv": [1, 4.5, 3.5, 6], "texture": "#0"},
				"up": {"uv": [4.5, 0, 9, 4.5], "texture": "#0"},
				"down": {"uv": [4.5, 0, 9, 4.5], "texture": "#0"}
			}
		},
		{
			"from": [9.96442, 2.94575, 13.3264],
			"to": [10.46442, 3.44575, 14.1614],
			"rotation": {"angle": 22.5, "axis": "z", "origin": [9.97898, 3.68847, 13.73732]},
			"faces": {
				"north": {"uv": [4.5, 0, 9, 4.5], "rotation": 90, "texture": "#0"},
				"east": {"uv": [1, 4.5, 3.5, 6], "texture": "#0"},
				"south": {"uv": [4.5, 0, 9, 4.5], "rotation": 90, "texture": "#0"},
				"west": {"uv": [9, 0, 4.5, 4.5], "rotation": 90, "texture": "#0"},
				"up": {"uv": [4.5, 0, 9, 4.5], "rotation": 180, "texture": "#0"},
				"down": {"uv": [4.5, 0, 9, 4.5], "rotation": 180, "texture": "#0"}
			}
		},
		{
			"from": [7.17, 3.85241, 11.10376],
			"to": [8.84, 4.85241, 12.10376],
			"rotation": {"angle": -45, "axis": "x", "origin": [8.01968, 3.84739, 12.59268]},
			"faces": {
				"north": {"uv": [6.5, 3, 9, 4.5], "texture": "#0"},
				"east": {"uv": [7.5, 3, 9, 4.5], "texture": "#0"},
				"south": {"uv": [7.5, 3, 9, 4.5], "rotation": 90, "texture": "#0"},
				"west": {"uv": [7.5, 3, 9, 4.5], "rotation": 180, "texture": "#0"},
				"up": {"uv": [1, 4.5, 3.5, 6], "rotation": 180, "texture": "#0"},
				"down": {"uv": [6.5, 3, 9, 4.5], "texture": "#0"}
			}
		},
		{
			"from": [7.6, 5.15241, 10.60376],
			"to": [8.4, 6.45241, 11.40376],
			"rotation": {"angle": -45, "axis": "x", "origin": [8.26968, 5.34739, 12.59268]},
			"faces": {
				"north": {"uv": [0, 10, 0.5, 10.5], "rotation": 180, "texture": "#0"},
				"east": {"uv": [0, 10, 0.5, 10.5], "rotation": 180, "texture": "#0"},
				"south": {"uv": [0, 10, 0.5, 10.5], "rotation": 180, "texture": "#0"},
				"west": {"uv": [0, 10, 0.5, 10.5], "rotation": 180, "texture": "#0"},
				"up": {"uv": [0, 10, 0.5, 10.5], "rotation": 180, "texture": "#0"},
				"down": {"uv": [0, 10, 0.5, 10.5], "rotation": 180, "texture": "#0"}
			}
		},
		{
			"from": [7.61185, 4.9855, 10.90043],
			"to": [8.39185, 6.2655, 11.68043],
			"rotation": {"angle": -22.5, "axis": "x", "origin": [8.01127, 3.62442, 11.28375]},
			"faces": {
				"north": {"uv": [0.5, 10, 1, 10.5], "rotation": 180, "texture": "#0"},
				"east": {"uv": [0.5, 10, 1, 10.5], "rotation": 180, "texture": "#0"},
				"south": {"uv": [0.5, 10, 1, 10.5], "rotation": 180, "texture": "#0"},
				"west": {"uv": [0.5, 10, 1, 10.5], "rotation": 180, "texture": "#0"},
				"up": {"uv": [0.5, 10, 1, 10.5], "rotation": 180, "texture": "#0"},
				"down": {"uv": [0.5, 10, 1, 10.5], "rotation": 180, "texture": "#0"}
			}
		},
		{
			"from": [7.64666, 6.9581, 10.37731],
			"to": [8.34666, 8.1581, 11.07731],
			"rotation": {"angle": 22.5, "axis": "x", "origin": [8.00111, 8.09556, 10.83299]},
			"faces": {
				"north": {"uv": [1.5, 10, 2, 10.5], "rotation": 180, "texture": "#0"},
				"east": {"uv": [1.5, 10, 2, 10.5], "rotation": 180, "texture": "#0"},
				"south": {"uv": [1.5, 10, 2, 10.5], "rotation": 180, "texture": "#0"},
				"west": {"uv": [1.5, 10, 2, 10.5], "rotation": 180, "texture": "#0"},
				"up": {"uv": [1.5, 10, 2, 10.5], "rotation": 180, "texture": "#0"},
				"down": {"uv": [1.5, 10, 2, 10.5], "rotation": 180, "texture": "#0"}
			}
		},
		{
			"from": [7.72009, 10.02785, 11.70262],
			"to": [8.27009, 11.07785, 12.25262],
			"rotation": {"angle": 0, "axis": "x", "origin": [7.99664, 10.01574, 11.86506]},
			"faces": {
				"north": {"uv": [2.5, 10, 3, 10.5], "rotation": 270, "texture": "#0"},
				"east": {"uv": [2.5, 10, 3, 10.5], "rotation": 270, "texture": "#0"},
				"south": {"uv": [2.5, 10, 3, 10.5], "rotation": 270, "texture": "#0"},
				"west": {"uv": [2.5, 10, 3, 10.5], "rotation": 270, "texture": "#0"},
				"up": {"uv": [2.5, 10, 3, 10.5], "rotation": 270, "texture": "#0"},
				"down": {"uv": [2.5, 10, 3, 10.5], "rotation": 270, "texture": "#0"}
			}
		},
		{
			"from": [7.768, 12.16657, 11.34708],
			"to": [8.218, 13.11657, 11.79708],
			"rotation": {"angle": -45, "axis": "x", "origin": [7.99301, 12.09397, 11.46913]},
			"faces": {
				"north": {"uv": [3, 10, 3.5, 10.5], "texture": "#0"},
				"east": {"uv": [3, 10, 3.5, 10.5], "texture": "#0"},
				"south": {"uv": [3, 10, 3.5, 10.5], "texture": "#0"},
				"west": {"uv": [3, 10, 3.5, 10.5], "texture": "#0"},
				"up": {"uv": [3, 10, 3.5, 10.5], "texture": "#0"},
				"down": {"uv": [3, 10, 3.5, 10.5], "texture": "#0"}
			}
		},
		{
			"from": [7.83599, 12.66346, 7.98233],
			"to": [8.13599, 12.96346, 8.98233],
			"rotation": {"angle": -22.5, "axis": "x", "origin": [7.97624, 12.47363, 7.36481]},
			"faces": {
				"north": {"uv": [4.5, 10, 5, 10.5], "rotation": 270, "texture": "#0"},
				"east": {"uv": [4.5, 10, 5, 10.5], "rotation": 270, "texture": "#0"},
				"south": {"uv": [4.5, 10, 5, 10.5], "rotation": 270, "texture": "#0"},
				"west": {"uv": [4.5, 10, 5, 10.5], "rotation": 270, "texture": "#0"},
				"up": {"uv": [4.5, 10, 5, 10.5], "rotation": 270, "texture": "#0"},
				"down": {"uv": [4.5, 10, 5, 10.5], "rotation": 270, "texture": "#0"}
			}
		},
		{
			"from": [7.81511, 13.2121, 8.73283],
			"to": [8.16511, 13.5621, 9.78283],
			"rotation": {"angle": 0, "axis": "x", "origin": [7.98578, 13.2808, 9.7095]},
			"faces": {
				"north": {"uv": [4, 10, 4.5, 10.5], "rotation": 270, "texture": "#0"},
				"east": {"uv": [4, 10, 4.5, 10.5], "rotation": 270, "texture": "#0"},
				"south": {"uv": [4, 10, 4.5, 10.5], "rotation": 270, "texture": "#0"},
				"west": {"uv": [4, 10, 4.5, 10.5], "rotation": 270, "texture": "#0"},
				"up": {"uv": [4, 10, 4.5, 10.5], "rotation": 270, "texture": "#0"},
				"down": {"uv": [4, 10, 4.5, 10.5], "rotation": 270, "texture": "#0"}
			}
		},
		{
			"from": [7.88311, 10.68654, 7.11088],
			"to": [8.08311, 12.38654, 7.31088],
			"rotation": {"angle": 22.5, "axis": "x", "origin": [7.97624, 12.47363, 7.36481]},
			"faces": {
				"north": {"uv": [5, 10, 5.5, 10.5], "rotation": 180, "texture": "#0"},
				"east": {"uv": [5, 10, 5.5, 10.5], "rotation": 180, "texture": "#0"},
				"south": {"uv": [5, 10, 5.5, 10.5], "rotation": 180, "texture": "#0"},
				"west": {"uv": [5, 10, 5.5, 10.5], "rotation": 180, "texture": "#0"},
				"up": {"uv": [5, 10, 5.5, 10.5], "rotation": 180, "texture": "#0"},
				"down": {"uv": [5, 10, 5.5, 10.5], "rotation": 180, "texture": "#0"}
			}
		},
		{
			"from": [7.60958, 5.91814, 9.9208],
			"to": [8.38958, 7.19814, 10.7008],
			"rotation": {"angle": 0, "axis": "x", "origin": [8.00629, 6.55497, 10.30697]},
			"faces": {
				"north": {"uv": [1, 10, 1.5, 10.5], "rotation": 180, "texture": "#0"},
				"east": {"uv": [1, 10, 1.5, 10.5], "rotation": 180, "texture": "#0"},
				"south": {"uv": [1, 10, 1.5, 10.5], "rotation": 180, "texture": "#0"},
				"west": {"uv": [1, 10, 1.5, 10.5], "rotation": 180, "texture": "#0"},
				"up": {"uv": [1, 10, 1.5, 10.5], "rotation": 180, "texture": "#0"},
				"down": {"uv": [1, 10, 1.5, 10.5], "rotation": 180, "texture": "#0"}
			}
		},
		{
			"from": [7.66939, 8.06598, 10.4027],
			"to": [8.31939, 9.21598, 11.0527],
			"rotation": {"angle": 45, "axis": "x", "origin": [8.00111, 8.09556, 10.83299]},
			"faces": {
				"north": {"uv": [2, 10, 2.5, 10.5], "rotation": 180, "texture": "#0"},
				"east": {"uv": [2, 10, 2.5, 10.5], "rotation": 180, "texture": "#0"},
				"south": {"uv": [2, 10, 2.5, 10.5], "rotation": 180, "texture": "#0"},
				"west": {"uv": [2, 10, 2.5, 10.5], "rotation": 180, "texture": "#0"},
				"up": {"uv": [2, 10, 2.5, 10.5], "rotation": 180, "texture": "#0"},
				"down": {"uv": [2, 10, 2.5, 10.5], "rotation": 180, "texture": "#0"}
			}
		},
		{
			"from": [7.69282, 8.92263, 11.67684],
			"to": [8.29282, 10.02263, 12.27684],
			"rotation": {"angle": 22.5, "axis": "x", "origin": [7.99664, 10.01574, 11.86506]},
			"faces": {
				"north": {"uv": [2, 10, 2.5, 10.5], "texture": "#0"},
				"east": {"uv": [2, 10, 2.5, 10.5], "texture": "#0"},
				"south": {"uv": [2, 10, 2.5, 10.5], "texture": "#0"},
				"west": {"uv": [2, 10, 2.5, 10.5], "texture": "#0"},
				"up": {"uv": [2, 10, 2.5, 10.5], "texture": "#0"},
				"down": {"uv": [2, 10, 2.5, 10.5], "texture": "#0"}
			}
		},
		{
			"from": [7.74073, 11.05687, 11.31802],
			"to": [8.24073, 12.05687, 11.81802],
			"rotation": {"angle": -22.5, "axis": "x", "origin": [7.99301, 12.09397, 11.46913]},
			"faces": {
				"north": {"uv": [2.5, 10, 3, 10.5], "texture": "#0"},
				"east": {"uv": [2.5, 10, 3, 10.5], "texture": "#0"},
				"south": {"uv": [2.5, 10, 3, 10.5], "texture": "#0"},
				"west": {"uv": [2.5, 10, 3, 10.5], "texture": "#0"},
				"up": {"uv": [2.5, 10, 3, 10.5], "texture": "#0"},
				"down": {"uv": [2.5, 10, 3, 10.5], "texture": "#0"}
			}
		},
		{
			"from": [7.78785, 13.18123, 9.79156],
			"to": [8.18785, 13.58123, 10.89156],
			"rotation": {"angle": 22.5, "axis": "x", "origin": [7.98578, 13.2808, 9.7095]},
			"faces": {
				"north": {"uv": [3.5, 10, 4, 10.5], "rotation": 270, "texture": "#0"},
				"east": {"uv": [3.5, 10, 4, 10.5], "rotation": 270, "texture": "#0"},
				"south": {"uv": [3.5, 10, 4, 10.5], "rotation": 270, "texture": "#0"},
				"west": {"uv": [3.5, 10, 4, 10.5], "rotation": 270, "texture": "#0"},
				"up": {"uv": [3.5, 10, 4, 10.5], "rotation": 270, "texture": "#0"},
				"down": {"uv": [3.5, 10, 4, 10.5], "rotation": 270, "texture": "#0"}
			}
		},
		{
			"from": [7.85584, 12.44208, 7.17863],
			"to": [8.10584, 12.69208, 8.12863],
			"rotation": {"angle": -45, "axis": "x", "origin": [7.97624, 12.47363, 7.36481]},
			"faces": {
				"north": {"uv": [5, 10, 5.5, 10.5], "rotation": 270, "texture": "#0"},
				"east": {"uv": [5, 10, 5.5, 10.5], "rotation": 270, "texture": "#0"},
				"south": {"uv": [5, 10, 5.5, 10.5], "rotation": 270, "texture": "#0"},
				"west": {"uv": [5, 10, 5.5, 10.5], "rotation": 270, "texture": "#0"},
				"up": {"uv": [5, 10, 5.5, 10.5], "rotation": 270, "texture": "#0"},
				"down": {"uv": [5, 10, 5.5, 10.5], "rotation": 270, "texture": "#0"}
			}
		},
		{
			"from": [7.4, -2.75, 12.15],
			"to": [8.6, -1.55, 13.35],
			"faces": {
				"north": {"uv": [3.5, 14, 4.5, 15], "rotation": 90, "texture": "#0"},
				"east": {"uv": [3.5, 14, 4.5, 15], "rotation": 90, "texture": "#0"},
				"south": {"uv": [3.5, 14, 4.5, 15], "rotation": 90, "texture": "#0"},
				"west": {"uv": [3.5, 14, 4.5, 15], "rotation": 90, "texture": "#0"},
				"up": {"uv": [3.5, 14, 4.5, 15], "rotation": 90, "texture": "#0"},
				"down": {"uv": [3.5, 14, 4.5, 15], "rotation": 90, "texture": "#0"}
			}
		},
		{
			"from": [7.8, -3.25, 12.55],
			"to": [8.8, -2.25, 13.55],
			"faces": {
				"north": {"uv": [10, 0.5, 11, 1.5], "texture": "#0"},
				"east": {"uv": [10, 0.5, 11, 1.5], "texture": "#0"},
				"south": {"uv": [10, 0.5, 11, 1.5], "texture": "#0"},
				"west": {"uv": [10, 0.5, 11, 1.5], "texture": "#0"},
				"up": {"uv": [10, 0.5, 11, 1.5], "texture": "#0"},
				"down": {"uv": [10, 0.5, 11, 1.5], "texture": "#0"}
			}
		},
		{
			"from": [7.05836, -2.16674, 11.65836],
			"to": [8.05836, -1.16674, 12.65836],
			"rotation": {"angle": 0, "axis": "y", "origin": [7.79509, -0.95837, 12.41327]},
			"faces": {
				"north": {"uv": [10, 0.5, 11, 1.5], "rotation": 180, "texture": "#0"},
				"east": {"uv": [10, 0.5, 11, 1.5], "rotation": 180, "texture": "#0"},
				"south": {"uv": [10, 0.5, 11, 1.5], "rotation": 180, "texture": "#0"},
				"west": {"uv": [10, 0.5, 11, 1.5], "rotation": 180, "texture": "#0"},
				"up": {"uv": [10, 0.5, 11, 1.5], "rotation": 180, "texture": "#0"},
				"down": {"uv": [10, 0.5, 11, 1.5], "rotation": 180, "texture": "#0"}
			}
		},
		{
			"from": [7.6, -3.95, 12.45],
			"to": [8.4, -3.15, 13.25],
			"faces": {
				"north": {"uv": [10, 0.5, 11, 1.5], "texture": "#0"},
				"east": {"uv": [10, 0.5, 11, 1.5], "texture": "#0"},
				"south": {"uv": [10, 0.5, 11, 1.5], "texture": "#0"},
				"west": {"uv": [10, 0.5, 11, 1.5], "texture": "#0"},
				"up": {"uv": [10, 0.5, 11, 1.5], "texture": "#0"},
				"down": {"uv": [10, 0.5, 11, 1.5], "texture": "#0"}
			}
		},
		{
			"from": [7.35836, -1.26674, 12.05836],
			"to": [8.15836, -0.46674, 12.85836],
			"rotation": {"angle": 0, "axis": "y", "origin": [7.79509, -0.95837, 12.41327]},
			"faces": {
				"north": {"uv": [10, 0.5, 11, 1.5], "rotation": 180, "texture": "#0"},
				"east": {"uv": [10, 0.5, 11, 1.5], "rotation": 180, "texture": "#0"},
				"south": {"uv": [10, 0.5, 11, 1.5], "rotation": 180, "texture": "#0"},
				"west": {"uv": [10, 0.5, 11, 1.5], "rotation": 180, "texture": "#0"},
				"up": {"uv": [10, 0.5, 11, 1.5], "rotation": 180, "texture": "#0"},
				"down": {"uv": [10, 0.5, 11, 1.5], "rotation": 180, "texture": "#0"}
			}
		},
		{
			"from": [7.45, -4.35, 12.3],
			"to": [8.05, -3.75, 12.9],
			"faces": {
				"north": {"uv": [10, 0.5, 11, 1.5], "texture": "#0"},
				"east": {"uv": [10, 0.5, 11, 1.5], "texture": "#0"},
				"south": {"uv": [10, 0.5, 11, 1.5], "texture": "#0"},
				"west": {"uv": [10, 0.5, 11, 1.5], "texture": "#0"},
				"up": {"uv": [10, 0.5, 11, 1.5], "texture": "#0"},
				"down": {"uv": [10, 0.5, 11, 1.5], "texture": "#0"}
			}
		},
		{
			"from": [7.3, -4.5, 12.65],
			"to": [7.7, -4.1, 13.05],
			"faces": {
				"north": {"uv": [10, 0.5, 11, 1.5], "texture": "#0"},
				"east": {"uv": [10, 0.5, 11, 1.5], "texture": "#0"},
				"south": {"uv": [10, 0.5, 11, 1.5], "texture": "#0"},
				"west": {"uv": [10, 0.5, 11, 1.5], "texture": "#0"},
				"up": {"uv": [10, 0.5, 11, 1.5], "texture": "#0"},
				"down": {"uv": [10, 0.5, 11, 1.5], "texture": "#0"}
			}
		},
		{
			"from": [7.5, -1.1, 12.25],
			"to": [8.5, -0.6, 13.25],
			"faces": {
				"north": {"uv": [11, 9, 12, 9.5], "texture": "#0"},
				"east": {"uv": [11, 9, 12, 9.5], "texture": "#0"},
				"south": {"uv": [11, 9, 12, 9.5], "texture": "#0"},
				"west": {"uv": [11, 9, 12, 9.5], "texture": "#0"},
				"up": {"uv": [11, 9, 12, 10], "texture": "#0"},
				"down": {"uv": [11, 9, 12, 10], "texture": "#0"}
			}
		},
		{
			"from": [7.5, -0.35, 12.25],
			"to": [8.5, 0.15, 13.25],
			"faces": {
				"north": {"uv": [11, 9, 12, 9.5], "texture": "#0"},
				"east": {"uv": [11, 9, 12, 9.5], "texture": "#0"},
				"south": {"uv": [11, 9, 12, 9.5], "texture": "#0"},
				"west": {"uv": [11, 9, 12, 9.5], "texture": "#0"},
				"up": {"uv": [11, 9, 12, 10], "texture": "#0"},
				"down": {"uv": [11, 9, 12, 10], "texture": "#0"}
			}
		},
		{
			"from": [7.5, 0.4, 12.25],
			"to": [8.5, 0.9, 13.25],
			"faces": {
				"north": {"uv": [11, 9, 12, 9.5], "texture": "#0"},
				"east": {"uv": [11, 9, 12, 9.5], "texture": "#0"},
				"south": {"uv": [11, 9, 12, 9.5], "texture": "#0"},
				"west": {"uv": [11, 9, 12, 9.5], "texture": "#0"},
				"up": {"uv": [11, 9, 12, 10], "texture": "#0"},
				"down": {"uv": [11, 9, 12, 10], "texture": "#0"}
			}
		},
		{
			"from": [7.5, 1.15, 12.25],
			"to": [8.5, 1.65, 13.25],
			"faces": {
				"north": {"uv": [11, 9, 12, 9.5], "texture": "#0"},
				"east": {"uv": [11, 9, 12, 9.5], "texture": "#0"},
				"south": {"uv": [11, 9, 12, 9.5], "texture": "#0"},
				"west": {"uv": [11, 9, 12, 9.5], "texture": "#0"},
				"up": {"uv": [11, 9, 12, 10], "texture": "#0"},
				"down": {"uv": [11, 9, 12, 10], "texture": "#0"}
			}
		}
	],
	"display": {
		"thirdperson": {
			"rotation": [90, 90, -90],
			"translation": [0, 4.9, -7.5],
			"scale": [1.8, 1.8, 1.8]
		},
		"firstperson": {
			"rotation": [-15, -45, 0],
			"translation": [-3.3, 8.3, 0],
			"scale": [1.3, 1.3, 1.3]
		},
		"ground": {
			"translation": [0, 5, 0],
			"scale": [2, 2, 2]
		},
		"gui": {
			"rotation": [70, -135, -55],
			"translation": [-1, 4, 0],
			"scale": [2, 2, 2]
		},
		"fixed": {
			"scale": [2, 2, 2]
		}
	}
}