{
	"credit": "Made with Blockbench",
	"textures": {
		"0": "skins/sceptre/handle",
		"1": "skins/sceptre/cream_detail",
		"2": "skins/sceptre/blue_orb"
	},
	"elements": [
		{
			"from": [7.5, -6, 7.5],
			"to": [8.5, -4, 8.5],
			"rotation": {"angle": 0, "axis": "y", "origin": [8.02269, 0.00179, 7.97553]},
			"faces": {
				"north": {"uv": [0, 9, 3, 15], "texture": "#1"},
				"east": {"uv": [2, 2, 5, 8], "texture": "#1"},
				"south": {"uv": [5, 3, 8, 9], "texture": "#1"},
				"west": {"uv": [7, 5, 10, 11], "texture": "#1"},
				"up": {"uv": [2, 2, 5, 8], "texture": "#1"},
				"down": {"uv": [2, 2, 5, 8], "texture": "#1"}
			}
		},
		{
			"from": [7.5, -3.75, 7.5],
			"to": [8.5, -3.25, 8.5],
			"rotation": {"angle": 0, "axis": "y", "origin": [8.02269, 2.25179, 7.97553]},
			"faces": {
				"north": {"uv": [0, 0, 1, 0.5], "texture": "#1"},
				"east": {"uv": [0, 0, 1, 0.5], "texture": "#1"},
				"south": {"uv": [0, 0, 1, 0.5], "texture": "#1"},
				"west": {"uv": [0, 0, 1, 0.5], "texture": "#1"},
				"up": {"uv": [0, 0, 1, 1], "texture": "#1"},
				"down": {"uv": [0, 0, 1, 1], "texture": "#1"}
			}
		},
		{
			"from": [7.6, -6.9, 7.6],
			"to": [8.4, -2.1, 8.4],
			"rotation": {"angle": 0, "axis": "y", "origin": [8.02269, -0.99821, 7.97553]},
			"faces": {
				"north": {"uv": [10, 0, 13, 15], "texture": "#0"},
				"east": {"uv": [8, 0, 11, 15], "texture": "#0"},
				"south": {"uv": [8, 0, 11, 15], "texture": "#0"},
				"west": {"uv": [8, 0, 11, 15], "texture": "#0"},
				"up": {"uv": [8, 0, 11, 15], "texture": "#0"},
				"down": {"uv": [8, 0, 11, 15], "texture": "#0"}
			}
		},
		{
			"from": [7.5, -2.5247, 7.12798],
			"to": [8.5, -0.5247, 8.12798],
			"rotation": {"angle": -22.5, "axis": "x", "origin": [8.01614, -1.51185, 7.61657]},
			"faces": {
				"north": {"uv": [2, 4, 5, 10], "texture": "#0"},
				"east": {"uv": [2, 4, 5, 10], "texture": "#0"},
				"south": {"uv": [2, 4, 5, 10], "texture": "#0"},
				"west": {"uv": [2, 4, 5, 10], "texture": "#0"},
				"up": {"uv": [2, 4, 5, 10], "texture": "#0"},
				"down": {"uv": [2, 4, 5, 10], "texture": "#0"}
			}
		},
		{
			"from": [7.4, -0.82477, 6.72985],
			"to": [8.6, 4.37523, 7.92985],
			"rotation": {"angle": 0, "axis": "x", "origin": [8.01196, 0.28341, 7.31731]},
			"faces": {
				"north": {"uv": [0, 0, 3, 15], "texture": "#0"},
				"east": {"uv": [0, 0, 3, 15], "texture": "#0"},
				"south": {"uv": [0, 0, 3, 15], "texture": "#0"},
				"west": {"uv": [0, 0, 3, 15], "texture": "#0"},
				"up": {"uv": [0, 0, 3, 15], "texture": "#0"},
				"down": {"uv": [0, 0, 3, 15], "texture": "#0"}
			}
		},
		{
			"from": [7.5, 3.97523, 7.72985],
			"to": [8.5, 5.97523, 8.72985],
			"rotation": {"angle": 22.5, "axis": "x", "origin": [8.00969, 6.47642, 8.21897]},
			"faces": {
				"north": {"uv": [0, 0, 3, 6], "texture": "#0"},
				"east": {"uv": [0, 0, 3, 6], "texture": "#0"},
				"south": {"uv": [0, 0, 3, 6], "texture": "#0"},
				"west": {"uv": [0, 7, 3, 13], "texture": "#0"},
				"up": {"uv": [0, 0, 3, 6], "texture": "#0"},
				"down": {"uv": [0, 0, 3, 6], "texture": "#0"}
			}
		},
		{
			"from": [7.4, 5.68823, 7.353],
			"to": [8.6, 10.88823, 8.553],
			"rotation": {"angle": 0, "axis": "x", "origin": [8.00168, 6.7899, 7.95102]},
			"faces": {
				"north": {"uv": [0, 0, 3, 15], "texture": "#0"},
				"east": {"uv": [0, 0, 3, 15], "texture": "#0"},
				"south": {"uv": [0, 0, 3, 15], "texture": "#0"},
				"west": {"uv": [0, 0, 3, 15], "texture": "#0"},
				"up": {"uv": [0, 0, 3.2, 3.2], "texture": "#0"},
				"down": {"uv": [0, 0, 3, 15], "texture": "#0"}
			}
		},
		{
			"from": [7.3, 7.08823, 7.253],
			"to": [8.7, 9.48823, 8.653],
			"rotation": {"angle": 0, "axis": "x", "origin": [8.00168, 8.2899, 7.95102]},
			"faces": {
				"north": {"uv": [5, 0, 9, 8], "texture": "#1"},
				"east": {"uv": [6, 8, 10, 16], "rotation": 180, "texture": "#1"},
				"south": {"uv": [5, 8, 9, 16], "rotation": 180, "texture": "#1"},
				"west": {"uv": [6, 0, 10, 8], "texture": "#1"},
				"up": {"uv": [0, 0, 4, 8], "texture": "#1"},
				"down": {"uv": [0, 0, 4, 8], "texture": "#1"}
			}
		},
		{
			"from": [7.3, 9.58823, 7.253],
			"to": [8.7, 9.88823, 8.653],
			"rotation": {"angle": 0, "axis": "x", "origin": [8.00168, 10.7899, 7.95102]},
			"faces": {
				"north": {"uv": [0, 0, 1, 0], "texture": "#1"},
				"east": {"uv": [0, 0, 1, 0], "texture": "#1"},
				"south": {"uv": [0, 0, 1, 0], "texture": "#1"},
				"west": {"uv": [0, 0, 1, 0], "texture": "#1"},
				"up": {"uv": [0, 0, 1, 1], "texture": "#1"},
				"down": {"uv": [0, 0, 1, 1], "texture": "#1"}
			}
		},
		{
			"from": [7.3, 6.58823, 7.253],
			"to": [8.7, 6.88823, 8.653],
			"rotation": {"angle": 0, "axis": "x", "origin": [8.00168, 7.7899, 7.95102]},
			"faces": {
				"north": {"uv": [0, 0, 1, 0], "texture": "#1"},
				"east": {"uv": [0, 0, 1, 0], "texture": "#1"},
				"south": {"uv": [0, 0, 1, 0], "texture": "#1"},
				"west": {"uv": [0, 0, 1, 0], "texture": "#1"},
				"up": {"uv": [0, 0, 1, 1], "texture": "#1"},
				"down": {"uv": [0, 0, 1, 1], "texture": "#1"}
			}
		},
		{
			"from": [7.4, -1.41098, 6.87122],
			"to": [8.6, -1.11098, 8.07122],
			"rotation": {"angle": -22.5, "axis": "x", "origin": [8.11477, -1.01137, 7.58711]},
			"faces": {
				"north": {"uv": [0, 0, 1, 0], "rotation": 180, "texture": "#1"},
				"east": {"uv": [0, 0, 1, 0], "rotation": 180, "texture": "#1"},
				"south": {"uv": [0, 0, 1, 0], "rotation": 180, "texture": "#1"},
				"west": {"uv": [0, 0, 1, 0], "rotation": 180, "texture": "#1"},
				"up": {"uv": [0, 0, 1, 1], "texture": "#1"},
				"down": {"uv": [0, 0, 1, 1], "texture": "#1"}
			}
		},
		{
			"from": [7.29, 6.07823, 7.243],
			"to": [8.71, 6.39823, 8.663],
			"rotation": {"angle": 22.5, "axis": "x", "origin": [8.00299, 6.23832, 7.94992]},
			"faces": {
				"north": {"uv": [0, 0, 1, 0], "texture": "#1"},
				"east": {"uv": [0, 0, 1, 0], "texture": "#1"},
				"south": {"uv": [0, 0, 1, 0], "texture": "#1"},
				"west": {"uv": [0, 0, 1, 0], "texture": "#1"},
				"up": {"uv": [0, 0, 1, 1], "texture": "#1"},
				"down": {"uv": [0, 0, 1, 1], "texture": "#1"}
			}
		},
		{
			"from": [7.29, -0.94493, 6.61641],
			"to": [8.71, -0.62493, 8.03641],
			"rotation": {"angle": 0, "axis": "x", "origin": [8.01477, -1.01137, 7.43711]},
			"faces": {
				"north": {"uv": [0, 0, 1, 0], "rotation": 180, "texture": "#1"},
				"east": {"uv": [0, 0, 1, 0], "rotation": 180, "texture": "#1"},
				"south": {"uv": [0, 0, 1, 0], "rotation": 180, "texture": "#1"},
				"west": {"uv": [0, 0, 1, 0], "rotation": 180, "texture": "#1"},
				"up": {"uv": [0, 0, 1, 1], "texture": "#1"},
				"down": {"uv": [0, 0, 1, 1], "texture": "#1"}
			}
		},
		{
			"from": [7.29, 4.07823, 6.693],
			"to": [8.71, 4.39823, 8.113],
			"rotation": {"angle": 22.5, "axis": "x", "origin": [8.00299, 4.23832, 7.39992]},
			"faces": {
				"north": {"uv": [0, 0, 1, 0], "texture": "#1"},
				"east": {"uv": [0, 0, 1, 0], "texture": "#1"},
				"south": {"uv": [0, 0, 1, 0], "texture": "#1"},
				"west": {"uv": [0, 0, 1, 0], "texture": "#1"},
				"up": {"uv": [0, 0, 1, 1], "texture": "#1"},
				"down": {"uv": [0, 0, 1, 1], "texture": "#1"}
			}
		},
		{
			"from": [7.7, -7.33316, 6.91672],
			"to": [8.3, -6.73316, 8.51672],
			"rotation": {"angle": -22.5, "axis": "x", "origin": [8.03316, -6.99994, 7.71678]},
			"faces": {
				"north": {"uv": [0, 0, 2, 2], "rotation": 270, "texture": "#0"},
				"east": {"uv": [0, 0, 2, 5], "rotation": 270, "texture": "#0"},
				"south": {"uv": [0, 0, 2, 5], "rotation": 270, "texture": "#0"},
				"west": {"uv": [0, 0, 2, 5], "rotation": 270, "texture": "#0"},
				"up": {"uv": [0, 0, 2, 5], "rotation": 270, "texture": "#0"},
				"down": {"uv": [0, 0, 2, 5], "rotation": 270, "texture": "#0"}
			}
		},
		{
			"from": [7.75, -8.04402, 6.87657],
			"to": [8.25, -7.54402, 8.37657],
			"rotation": {"angle": 45, "axis": "x", "origin": [8.03449, -7.78012, 7.59442]},
			"faces": {
				"north": {"uv": [0, 0, 2, 5], "rotation": 270, "texture": "#0"},
				"east": {"uv": [0, 0, 2, 4], "rotation": 270, "texture": "#0"},
				"south": {"uv": [0, 0, 2, 5], "rotation": 270, "texture": "#0"},
				"west": {"uv": [0, 0, 2, 5], "rotation": 270, "texture": "#0"},
				"up": {"uv": [0, 0, 2, 5], "rotation": 270, "texture": "#0"},
				"down": {"uv": [0, 0, 2, 4], "rotation": 270, "texture": "#0"}
			}
		},
		{
			"from": [7.8, -9.4, 7.39619],
			"to": [8.2, -8, 7.79619],
			"rotation": {"angle": 22.5, "axis": "x", "origin": [8.03547, -8.67386, 7.57112]},
			"faces": {
				"north": {"uv": [0, 0, 2, 5], "rotation": 180, "texture": "#0"},
				"east": {"uv": [0, 0, 2, 5], "rotation": 180, "texture": "#0"},
				"south": {"uv": [0, 0, 2, 5], "rotation": 180, "texture": "#0"},
				"west": {"uv": [0, 0, 2, 5], "rotation": 180, "texture": "#0"},
				"up": {"uv": [0, 0, 2, 5], "rotation": 180, "texture": "#0"},
				"down": {"uv": [0, 0, 2, 2], "rotation": 180, "texture": "#0"}
			}
		},
		{
			"from": [7.38, 10.87143, 7.51937],
			"to": [8.62, 11.61143, 8.81937],
			"rotation": {"angle": 22.5, "axis": "x", "origin": [7.99318, 11.24466, 7.34417]},
			"faces": {
				"north": {"uv": [1, 0, 2.24, 0.74], "texture": "#1"},
				"east": {"uv": [1, 0, 2.24, 0.74], "texture": "#1"},
				"south": {"uv": [1, 0, 2.24, 0.74], "texture": "#1"},
				"west": {"uv": [1, 0, 2.24, 0.74], "texture": "#1"},
				"up": {"uv": [1, 0, 2.24, 0.74], "texture": "#1"},
				"down": {"uv": [1, 0, 2.24, 0.74], "texture": "#1"}
			}
		},
		{
			"from": [7.67741, 10.61046, 6.71736],
			"to": [8.31741, 11.25046, 7.85736],
			"rotation": {"angle": 45, "axis": "x", "origin": [7.74242, 10.93229, 7.19215]},
			"faces": {
				"north": {"uv": [6, 6, 7.24, 6.74], "texture": "#0"},
				"east": {"uv": [6, 6, 7.24, 6.74], "texture": "#0"},
				"south": {"uv": [6, 6, 7.24, 6.74], "texture": "#0"},
				"west": {"uv": [6, 6, 7.24, 6.74], "texture": "#0"},
				"up": {"uv": [6, 6, 7.24, 6.74], "texture": "#0"},
				"down": {"uv": [6, 6, 7.24, 6.74], "texture": "#0"}
			}
		},
		{
			"from": [7.47686, 10.74803, 7.52715],
			"to": [9.61686, 11.38803, 8.41715],
			"rotation": {"angle": 22.5, "axis": "z", "origin": [10.36186, 11.8379, 7.84755]},
			"faces": {
				"north": {"uv": [4, 3, 5, 3.74], "texture": "#0"},
				"east": {"uv": [4, 3, 5, 3.74], "texture": "#0"},
				"south": {"uv": [4, 3, 5, 3.74], "texture": "#0"},
				"west": {"uv": [4, 3, 5, 3.74], "texture": "#0"},
				"up": {"uv": [4, 3, 5, 3.74], "texture": "#0"},
				"down": {"uv": [4, 3, 5, 3.74], "texture": "#0"}
			}
		},
		{
			"from": [8.57686, 8.54803, 7.72715],
			"to": [9.71686, 11.18803, 8.26715],
			"rotation": {"angle": 22.5, "axis": "z", "origin": [10.46186, 11.6379, 7.69755]},
			"faces": {
				"north": {"uv": [0, 0, 2, 3], "texture": "#1"},
				"east": {"uv": [0, 0, 2, 1], "texture": "#1"},
				"south": {"uv": [0, 0, 2, 3], "texture": "#1"},
				"west": {"uv": [0, 0, 2, 3], "texture": "#1"},
				"up": {"uv": [0, 0, 2, 3], "texture": "#1"},
				"down": {"uv": [0, 0, 2, 1], "texture": "#1"}
			}
		},
		{
			"from": [6.28314, 8.54803, 7.72715],
			"to": [7.42314, 11.18803, 8.26715],
			"rotation": {"angle": -22.5, "axis": "z", "origin": [5.53814, 11.6379, 7.69755]},
			"faces": {
				"north": {"uv": [2, 0, 0, 3], "texture": "#1"},
				"east": {"uv": [2, 0, 0, 3], "texture": "#1"},
				"south": {"uv": [2, 0, 0, 3], "texture": "#1"},
				"west": {"uv": [2, 0, 0, 1], "texture": "#1"},
				"up": {"uv": [2, 0, 0, 3], "texture": "#1"},
				"down": {"uv": [2, 0, 0, 1], "texture": "#1"}
			}
		},
		{
			"from": [6.38314, 10.74803, 7.52715],
			"to": [8.52314, 11.38803, 8.41715],
			"rotation": {"angle": -22.5, "axis": "z", "origin": [5.63814, 11.8379, 7.84755]},
			"faces": {
				"north": {"uv": [4, 3, 5, 3.74], "texture": "#0"},
				"east": {"uv": [4, 3, 5, 3.74], "texture": "#0"},
				"south": {"uv": [4, 3, 5, 3.74], "texture": "#0"},
				"west": {"uv": [4, 3, 5, 3.74], "texture": "#0"},
				"up": {"uv": [4, 3, 5, 3.74], "texture": "#0"},
				"down": {"uv": [4, 3, 5, 3.74], "texture": "#0"}
			}
		},
		{
			"from": [7.42741, 9.38084, 7.38868],
			"to": [8.56741, 10.02084, 8.52868],
			"rotation": {"angle": 45, "axis": "x", "origin": [7.98324, 8.93424, 9.27176]},
			"faces": {
				"north": {"uv": [1, 0, 2.24, 0.74], "rotation": 180, "texture": "#1"},
				"east": {"uv": [1, 0, 2.24, 0.74], "rotation": 180, "texture": "#1"},
				"south": {"uv": [1, 0, 2.24, 0.74], "rotation": 180, "texture": "#1"},
				"west": {"uv": [1, 0, 2.24, 0.74], "rotation": 180, "texture": "#1"},
				"up": {"uv": [1, 0, 2.24, 0.74], "texture": "#1"},
				"down": {"uv": [1, 0, 2.24, 0.74], "texture": "#1"}
			}
		},
		{
			"from": [7.72501, 11.07273, 6.4387],
			"to": [8.26501, 12.11273, 6.9787],
			"rotation": {"angle": -22.5, "axis": "x", "origin": [7.73767, 11.68934, 6.7139]},
			"faces": {
				"north": {"uv": [6, 5, 7, 5.74], "rotation": 180, "texture": "#0"},
				"east": {"uv": [6, 5, 7, 5.74], "rotation": 180, "texture": "#0"},
				"south": {"uv": [6, 5, 7, 5.74], "rotation": 180, "texture": "#0"},
				"west": {"uv": [6, 5, 7, 5.74], "rotation": 180, "texture": "#0"},
				"up": {"uv": [6, 5, 7, 5.74], "rotation": 180, "texture": "#0"},
				"down": {"uv": [6, 5, 7, 5.74], "rotation": 180, "texture": "#0"}
			}
		},
		{
			"from": [10.49197, 10.68287, 7.57475],
			"to": [11.03197, 11.72287, 8.36475],
			"rotation": {"angle": -45, "axis": "z", "origin": [10.36186, 11.8379, 7.84755]},
			"faces": {
				"north": {"uv": [4, 2.74, 5, 2], "rotation": 90, "texture": "#0"},
				"east": {"uv": [4, 2.74, 5, 2], "rotation": 90, "texture": "#0"},
				"south": {"uv": [4, 2.74, 5, 2], "rotation": 90, "texture": "#0"},
				"west": {"uv": [4, 2.74, 5, 2], "rotation": 90, "texture": "#0"},
				"up": {"uv": [4, 2.74, 5, 2], "rotation": 90, "texture": "#0"},
				"down": {"uv": [4, 2.74, 5, 2], "rotation": 90, "texture": "#0"}
			}
		},
		{
			"from": [6.45817, -8.43972, 7.77475],
			"to": [6.99817, -6.39972, 8.31475],
			"rotation": {"angle": -22.5, "axis": "z", "origin": [8.09089, -8.73685, 8.0526]},
			"faces": {
				"north": {"uv": [4, 2.74, 5, 2], "rotation": 270, "texture": "#0"},
				"east": {"uv": [4, 2.74, 5, 2], "rotation": 270, "texture": "#0"},
				"south": {"uv": [4, 2.74, 5, 2], "rotation": 270, "texture": "#0"},
				"west": {"uv": [4, 2.74, 5, 2], "rotation": 270, "texture": "#0"},
				"up": {"uv": [4, 2.74, 5, 2], "rotation": 270, "texture": "#0"},
				"down": {"uv": [4, 2.74, 5, 2], "rotation": 270, "texture": "#0"}
			}
		},
		{
			"from": [8.96679, -8.43275, 7.77475],
			"to": [9.50679, -6.39275, 8.31475],
			"rotation": {"angle": 22.5, "axis": "z", "origin": [7.89089, -8.73685, 8.0526]},
			"faces": {
				"north": {"uv": [4, 2, 5, 2.74], "rotation": 270, "texture": "#0"},
				"east": {"uv": [4, 2, 5, 2.74], "rotation": 270, "texture": "#0"},
				"south": {"uv": [4, 2, 5, 2.74], "rotation": 270, "texture": "#0"},
				"west": {"uv": [4, 2, 5, 2.74], "rotation": 270, "texture": "#0"},
				"up": {"uv": [4, 2, 5, 2.74], "rotation": 270, "texture": "#0"},
				"down": {"uv": [4, 2, 5, 2.74], "rotation": 270, "texture": "#0"}
			}
		},
		{
			"from": [10.59197, 10.48287, 7.77475],
			"to": [13.13197, 11.52287, 8.21475],
			"rotation": {"angle": -45, "axis": "z", "origin": [10.46186, 11.6379, 7.69755]},
			"faces": {
				"north": {"uv": [0, 0, 2, 3], "rotation": 270, "texture": "#1"},
				"east": {"uv": [0, 0, 2, 1], "rotation": 270, "texture": "#1"},
				"south": {"uv": [0, 0, 2, 3], "rotation": 270, "texture": "#1"},
				"west": {"uv": [0, 0, 2, 3], "rotation": 270, "texture": "#1"},
				"up": {"uv": [0, 0, 2, 3], "rotation": 270, "texture": "#1"},
				"down": {"uv": [0, 0, 2, 3], "rotation": 270, "texture": "#1"}
			}
		},
		{
			"from": [2.86803, 10.48287, 7.77475],
			"to": [5.40803, 11.52287, 8.21475],
			"rotation": {"angle": 45, "axis": "z", "origin": [5.53814, 11.6379, 7.69755]},
			"faces": {
				"north": {"uv": [0, 3, 2, 0], "rotation": 270, "texture": "#1"},
				"east": {"uv": [0, 3, 2, 0], "rotation": 270, "texture": "#1"},
				"south": {"uv": [0, 3, 2, 0], "rotation": 270, "texture": "#1"},
				"west": {"uv": [0, 1, 2, 0], "rotation": 270, "texture": "#1"},
				"up": {"uv": [0, 3, 2, 0], "rotation": 270, "texture": "#1"},
				"down": {"uv": [0, 3, 2, 0], "rotation": 270, "texture": "#1"}
			}
		},
		{
			"from": [4.96803, 10.68287, 7.57475],
			"to": [5.50803, 11.72287, 8.36475],
			"rotation": {"angle": 45, "axis": "z", "origin": [5.63814, 11.8379, 7.84755]},
			"faces": {
				"north": {"uv": [4, 2.74, 5, 2], "rotation": 90, "texture": "#0"},
				"east": {"uv": [4, 2.74, 5, 2], "rotation": 90, "texture": "#0"},
				"south": {"uv": [4, 2.74, 5, 2], "rotation": 90, "texture": "#0"},
				"west": {"uv": [4, 2.74, 5, 2], "rotation": 90, "texture": "#0"},
				"up": {"uv": [4, 2.74, 5, 2], "rotation": 90, "texture": "#0"},
				"down": {"uv": [4, 2.74, 5, 2], "rotation": 90, "texture": "#0"}
			}
		},
		{
			"from": [7.47501, 9.35194, 8.59066],
			"to": [8.51501, 10.39194, 9.13066],
			"rotation": {"angle": 22.5, "axis": "x", "origin": [7.99218, 9.47108, 8.79261]},
			"faces": {
				"north": {"uv": [1, 0, 2.24, 0.74], "rotation": 180, "texture": "#1"},
				"east": {"uv": [1, 0, 2.24, 0.74], "rotation": 90, "texture": "#1"},
				"south": {"uv": [1, 0, 2.24, 0.74], "texture": "#1"},
				"west": {"uv": [1, 0, 2.24, 0.74], "rotation": 270, "texture": "#1"},
				"up": {"uv": [1, 0, 2.24, 0.74], "texture": "#1"},
				"down": {"uv": [1, 0, 2.24, 0.74], "rotation": 180, "texture": "#1"}
			}
		},
		{
			"from": [7.67501, 9.55194, 9.09066],
			"to": [8.31501, 10.19194, 9.23066],
			"rotation": {"angle": 22.5, "axis": "x", "origin": [7.99218, 9.47108, 8.79261]},
			"faces": {
				"north": {"uv": [5, 5, 11, 11], "texture": "#2"},
				"east": {"uv": [5, 5, 11, 11], "texture": "#2"},
				"south": {"uv": [5, 5, 11, 11], "texture": "#2"},
				"west": {"uv": [5, 5, 11, 11], "texture": "#2"},
				"up": {"uv": [5, 5, 11, 11], "texture": "#2"},
				"down": {"uv": [5, 5, 11, 11], "texture": "#2"}
			}
		},
		{
			"from": [6.65282, -10.04078, 7.7],
			"to": [7.29282, -9.40078, 8.34],
			"rotation": {"angle": 45, "axis": "z", "origin": [7.99089, -8.73685, 8.0526]},
			"faces": {
				"north": {"uv": [5, 5, 11, 11], "rotation": 90, "texture": "#2"},
				"east": {"uv": [5, 5, 11, 11], "rotation": 270, "texture": "#2"},
				"south": {"uv": [5, 5, 11, 11], "rotation": 90, "texture": "#2"},
				"west": {"uv": [5, 5, 11, 11], "rotation": 90, "texture": "#2"},
				"up": {"uv": [5, 5, 11, 11], "rotation": 180, "texture": "#2"},
				"down": {"uv": [5, 5, 11, 11], "texture": "#2"}
			}
		},
		{
			"from": [7.77314, 11.9255, 6.34919],
			"to": [8.21314, 12.8655, 6.78919],
			"rotation": {"angle": 0, "axis": "x", "origin": [7.73362, 12.49468, 6.57682]},
			"faces": {
				"north": {"uv": [6, 4, 7, 4.74], "rotation": 180, "texture": "#0"},
				"east": {"uv": [6, 4, 7, 4.74], "rotation": 180, "texture": "#0"},
				"south": {"uv": [6, 4, 7, 4.74], "rotation": 180, "texture": "#0"},
				"west": {"uv": [6, 4, 7, 4.74], "rotation": 180, "texture": "#0"},
				"up": {"uv": [6, 4, 7, 4.74], "rotation": 180, "texture": "#0"},
				"down": {"uv": [6, 4, 7, 4.74], "rotation": 180, "texture": "#0"}
			}
		},
		{
			"from": [10.44538, 11.4255, 7.62287],
			"to": [10.88538, 12.3655, 8.31287],
			"rotation": {"angle": -22.5, "axis": "z", "origin": [10.36186, 11.8379, 7.84755]},
			"faces": {
				"north": {"uv": [1, 0, 2.24, 0.74], "rotation": 90, "texture": "#0"},
				"east": {"uv": [1, 0, 2.24, 0.74], "rotation": 180, "texture": "#0"},
				"south": {"uv": [1, 0, 2.24, 0.74], "rotation": 270, "texture": "#0"},
				"west": {"uv": [1, 0, 2.24, 0.74], "texture": "#0"},
				"up": {"uv": [1, 0, 2.24, 0.74], "rotation": 270, "texture": "#0"},
				"down": {"uv": [1, 0, 2.24, 0.74], "rotation": 270, "texture": "#0"}
			}
		},
		{
			"from": [6.74772, -8.72783, 7.82287],
			"to": [7.18772, -7.78783, 8.26287],
			"rotation": {"angle": 0, "axis": "z", "origin": [8.09089, -8.73685, 8.0526]},
			"faces": {
				"north": {"uv": [1, 0, 2.24, 0.74], "rotation": 270, "texture": "#0"},
				"east": {"uv": [1, 0, 2.24, 0.74], "rotation": 180, "texture": "#0"},
				"south": {"uv": [1, 0, 2.24, 0.74], "rotation": 90, "texture": "#0"},
				"west": {"uv": [1, 0, 2.24, 0.74], "texture": "#0"},
				"up": {"uv": [1, 0, 2.24, 0.74], "rotation": 90, "texture": "#0"},
				"down": {"uv": [1, 0, 2.24, 0.74], "rotation": 90, "texture": "#0"}
			}
		},
		{
			"from": [8.77585, -8.72783, 7.82287],
			"to": [9.21585, -7.78783, 8.26287],
			"rotation": {"angle": 0, "axis": "z", "origin": [7.89089, -8.73685, 8.0526]},
			"faces": {
				"north": {"uv": [1, 0.74, 2.24, 0], "rotation": 270, "texture": "#0"},
				"east": {"uv": [2.24, 0, 1, 0.74], "texture": "#0"},
				"south": {"uv": [1, 0.74, 2.24, 0], "rotation": 90, "texture": "#0"},
				"west": {"uv": [2.24, 0, 1, 0.74], "rotation": 180, "texture": "#0"},
				"up": {"uv": [1, 0.74, 2.24, 0], "rotation": 90, "texture": "#0"},
				"down": {"uv": [1, 0.74, 2.24, 0], "rotation": 90, "texture": "#0"}
			}
		},
		{
			"from": [10.54538, 11.2255, 7.82287],
			"to": [13.24538, 12.1655, 8.16287],
			"rotation": {"angle": -22.5, "axis": "z", "origin": [10.46186, 11.6379, 7.69755]},
			"faces": {
				"north": {"uv": [0, 0, 2, 3], "rotation": 270, "texture": "#1"},
				"east": {"uv": [0, 0, 2, 1], "rotation": 270, "texture": "#1"},
				"south": {"uv": [0, 0, 2, 3], "rotation": 270, "texture": "#1"},
				"west": {"uv": [0, 0, 2, 3], "rotation": 270, "texture": "#1"},
				"up": {"uv": [0, 0, 2, 3], "rotation": 270, "texture": "#1"},
				"down": {"uv": [0, 0, 2, 3], "rotation": 270, "texture": "#1"}
			}
		},
		{
			"from": [2.75462, 11.2255, 7.82287],
			"to": [5.45462, 12.1655, 8.16287],
			"rotation": {"angle": 22.5, "axis": "z", "origin": [5.53814, 11.6379, 7.69755]},
			"faces": {
				"north": {"uv": [0, 3, 2, 0], "rotation": 270, "texture": "#1"},
				"east": {"uv": [0, 3, 2, 0], "rotation": 270, "texture": "#1"},
				"south": {"uv": [0, 3, 2, 0], "rotation": 270, "texture": "#1"},
				"west": {"uv": [0, 1, 2, 0], "rotation": 270, "texture": "#1"},
				"up": {"uv": [0, 3, 2, 0], "rotation": 270, "texture": "#1"},
				"down": {"uv": [0, 3, 2, 0], "rotation": 270, "texture": "#1"}
			}
		},
		{
			"from": [5.11462, 11.4255, 7.62287],
			"to": [5.55462, 12.3655, 8.31287],
			"rotation": {"angle": 22.5, "axis": "z", "origin": [5.63814, 11.8379, 7.84755]},
			"faces": {
				"north": {"uv": [1, 0.74, 2.24, 0], "rotation": 90, "texture": "#0"},
				"east": {"uv": [2.24, 0, 1, 0.74], "texture": "#0"},
				"south": {"uv": [1, 0.74, 2.24, 0], "rotation": 270, "texture": "#0"},
				"west": {"uv": [2.24, 0, 1, 0.74], "rotation": 180, "texture": "#0"},
				"up": {"uv": [1, 0.74, 2.24, 0], "rotation": 270, "texture": "#0"},
				"down": {"uv": [1, 0.74, 2.24, 0], "rotation": 270, "texture": "#0"}
			}
		},
		{
			"from": [7.52314, 9.11473, 7.8716],
			"to": [8.46314, 9.55473, 8.8116],
			"rotation": {"angle": -45, "axis": "x", "origin": [7.99218, 9.47108, 8.79261]},
			"faces": {
				"north": {"uv": [1, 0, 2.24, 0.74], "texture": "#1"},
				"east": {"uv": [1, 0, 2.24, 0.74], "texture": "#1"},
				"south": {"uv": [1, 0, 2.24, 0.74], "texture": "#1"},
				"west": {"uv": [1, 0, 2.24, 0.74], "texture": "#1"},
				"up": {"uv": [1, 0, 2.24, 0.74], "texture": "#1"},
				"down": {"uv": [1, 0, 2.24, 0.74], "texture": "#1"}
			}
		},
		{
			"from": [7.822, 12.6917, 6.56401],
			"to": [8.162, 13.5317, 6.90401],
			"rotation": {"angle": 22.5, "axis": "x", "origin": [7.73078, 13.21417, 6.74276]},
			"faces": {
				"north": {"uv": [2, 0, 3, 0.74], "rotation": 180, "texture": "#0"},
				"east": {"uv": [2, 0, 3, 0.74], "rotation": 180, "texture": "#0"},
				"south": {"uv": [2, 0, 3, 0.74], "rotation": 180, "texture": "#0"},
				"west": {"uv": [2, 0, 3, 0.74], "rotation": 180, "texture": "#0"},
				"up": {"uv": [2, 0, 3, 0.74], "rotation": 180, "texture": "#0"},
				"down": {"uv": [2, 0, 3, 0.74], "rotation": 180, "texture": "#0"}
			}
		},
		{
			"from": [10.656, 12.07527, 7.67173],
			"to": [10.996, 12.91527, 8.26173],
			"rotation": {"angle": 0, "axis": "z", "origin": [10.36186, 11.8379, 7.84755]},
			"faces": {
				"north": {"uv": [6, 0.74, 7, 0], "rotation": 90, "texture": "#0"},
				"east": {"uv": [6, 0.74, 7, 0], "rotation": 90, "texture": "#0"},
				"south": {"uv": [6, 0.74, 7, 0], "rotation": 90, "texture": "#0"},
				"west": {"uv": [6, 0.74, 7, 0], "rotation": 90, "texture": "#0"},
				"up": {"uv": [6, 0.74, 7, 0], "rotation": 90, "texture": "#0"},
				"down": {"uv": [6, 0.74, 7, 0], "rotation": 90, "texture": "#0"}
			}
		},
		{
			"from": [6.90484, -9.00478, 7.87173],
			"to": [7.24484, -8.16478, 8.21173],
			"rotation": {"angle": 22.5, "axis": "z", "origin": [8.09089, -8.73685, 8.0526]},
			"faces": {
				"north": {"uv": [6, 0.74, 7, 0], "rotation": 270, "texture": "#0"},
				"east": {"uv": [6, 0.74, 7, 0], "rotation": 270, "texture": "#0"},
				"south": {"uv": [6, 0.74, 7, 0], "rotation": 270, "texture": "#0"},
				"west": {"uv": [6, 0.74, 7, 0], "rotation": 270, "texture": "#0"},
				"up": {"uv": [6, 0.74, 7, 0], "rotation": 270, "texture": "#0"},
				"down": {"uv": [6, 0.74, 7, 0], "rotation": 270, "texture": "#0"}
			}
		},
		{
			"from": [8.72012, -9.01175, 7.87173],
			"to": [9.06012, -8.17175, 8.21173],
			"rotation": {"angle": -22.5, "axis": "z", "origin": [7.89089, -8.73685, 8.0526]},
			"faces": {
				"north": {"uv": [6, 0, 7, 0.74], "rotation": 270, "texture": "#0"},
				"east": {"uv": [6, 0, 7, 0.74], "rotation": 270, "texture": "#0"},
				"south": {"uv": [6, 0, 7, 0.74], "rotation": 270, "texture": "#0"},
				"west": {"uv": [6, 0, 7, 0.74], "rotation": 270, "texture": "#0"},
				"up": {"uv": [6, 0, 7, 0.74], "rotation": 270, "texture": "#0"},
				"down": {"uv": [6, 0, 7, 0.74], "rotation": 270, "texture": "#0"}
			}
		},
		{
			"from": [10.756, 11.87527, 7.87173],
			"to": [13.606, 12.71527, 8.11173],
			"rotation": {"angle": 0, "axis": "z", "origin": [10.46186, 11.6379, 7.69755]},
			"faces": {
				"north": {"uv": [0, 0, 2, 3], "rotation": 270, "texture": "#1"},
				"east": {"uv": [0, 0, 2, 1], "rotation": 270, "texture": "#1"},
				"south": {"uv": [0, 0, 2, 3], "rotation": 270, "texture": "#1"},
				"west": {"uv": [0, 0, 2, 3], "rotation": 270, "texture": "#1"},
				"up": {"uv": [0, 0, 2, 3], "rotation": 270, "texture": "#1"},
				"down": {"uv": [0, 0, 2, 3], "rotation": 270, "texture": "#1"}
			}
		},
		{
			"from": [2.394, 11.87527, 7.87173],
			"to": [5.244, 12.71527, 8.11173],
			"rotation": {"angle": 0, "axis": "z", "origin": [5.53814, 11.6379, 7.69755]},
			"faces": {
				"north": {"uv": [0, 3, 2, 0], "rotation": 270, "texture": "#1"},
				"east": {"uv": [0, 3, 2, 0], "rotation": 270, "texture": "#1"},
				"south": {"uv": [0, 3, 2, 0], "rotation": 270, "texture": "#1"},
				"west": {"uv": [0, 1, 2, 0], "rotation": 270, "texture": "#1"},
				"up": {"uv": [0, 3, 2, 0], "rotation": 270, "texture": "#1"},
				"down": {"uv": [0, 3, 2, 0], "rotation": 270, "texture": "#1"}
			}
		},
		{
			"from": [5.004, 12.07527, 7.67173],
			"to": [5.344, 12.91527, 8.26173],
			"rotation": {"angle": 0, "axis": "z", "origin": [5.63814, 11.8379, 7.84755]},
			"faces": {
				"north": {"uv": [6, 0.74, 7, 0], "rotation": 90, "texture": "#0"},
				"east": {"uv": [6, 0.74, 7, 0], "rotation": 90, "texture": "#0"},
				"south": {"uv": [6, 0.74, 7, 0], "rotation": 90, "texture": "#0"},
				"west": {"uv": [6, 0.74, 7, 0], "rotation": 90, "texture": "#0"},
				"up": {"uv": [6, 0.74, 7, 0], "rotation": 90, "texture": "#0"},
				"down": {"uv": [6, 0.74, 7, 0], "rotation": 90, "texture": "#0"}
			}
		},
		{
			"from": [7.87164, 13.27431, 6.99914],
			"to": [8.11164, 14.01431, 7.23914],
			"rotation": {"angle": 45, "axis": "x", "origin": [7.72937, 13.75022, 7.12754]},
			"faces": {
				"north": {"uv": [1, 1, 2, 1.74], "rotation": 180, "texture": "#0"},
				"east": {"uv": [1, 1, 2, 1.74], "rotation": 180, "texture": "#0"},
				"south": {"uv": [1, 1, 2, 1.74], "rotation": 180, "texture": "#0"},
				"west": {"uv": [1, 1, 2, 1.74], "rotation": 180, "texture": "#0"},
				"up": {"uv": [1, 1, 2, 1.74], "rotation": 180, "texture": "#0"},
				"down": {"uv": [1, 1, 2, 1.74], "rotation": 180, "texture": "#0"}
			}
		},
		{
			"from": [11.06873, 12.54084, 7.72138],
			"to": [11.30873, 13.28084, 8.21138],
			"rotation": {"angle": 22.5, "axis": "z", "origin": [10.36186, 11.8379, 7.84755]},
			"faces": {
				"north": {"uv": [1, 1, 2, 1.74], "rotation": 180, "texture": "#0"},
				"east": {"uv": [1, 1, 2, 1.74], "rotation": 180, "texture": "#0"},
				"south": {"uv": [1, 1, 2, 1.74], "rotation": 180, "texture": "#0"},
				"west": {"uv": [1, 1, 2, 1.74], "rotation": 180, "texture": "#0"},
				"up": {"uv": [1, 1, 2, 1.74], "rotation": 180, "texture": "#0"},
				"down": {"uv": [1, 1, 2, 1.74], "rotation": 180, "texture": "#0"}
			}
		},
		{
			"from": [6.94389, -9.22076, 7.92138],
			"to": [7.18389, -8.48076, 8.16138],
			"rotation": {"angle": 45, "axis": "z", "origin": [8.09089, -8.73685, 8.0526]},
			"faces": {
				"north": {"uv": [1, 1, 2, 1.74], "texture": "#0"},
				"east": {"uv": [1, 1, 2, 1.74], "texture": "#0"},
				"south": {"uv": [1, 1, 2, 1.74], "texture": "#0"},
				"west": {"uv": [1, 1, 2, 1.74], "texture": "#0"},
				"up": {"uv": [1, 1, 2, 1.74], "texture": "#0"},
				"down": {"uv": [1, 1, 2, 1.74], "texture": "#0"}
			}
		},
		{
			"from": [7.3941, -9.87098, 7.92138],
			"to": [8.1341, -9.63098, 8.16138],
			"rotation": {"angle": 45, "axis": "z", "origin": [7.89089, -8.73685, 8.0526]},
			"faces": {
				"north": {"uv": [2, 1, 1, 1.74], "rotation": 270, "texture": "#0"},
				"east": {"uv": [2, 1, 1, 1.74], "rotation": 90, "texture": "#0"},
				"south": {"uv": [2, 1, 1, 1.74], "rotation": 90, "texture": "#0"},
				"west": {"uv": [2, 1, 1, 1.74], "rotation": 90, "texture": "#0"},
				"up": {"uv": [2, 1, 1, 1.74], "rotation": 90, "texture": "#0"},
				"down": {"uv": [2, 1, 1, 1.74], "rotation": 90, "texture": "#0"}
			}
		},
		{
			"from": [11.16873, 12.34084, 7.92138],
			"to": [14.40873, 13.08084, 8.06138],
			"rotation": {"angle": 22.5, "axis": "z", "origin": [10.46186, 11.6379, 7.69755]},
			"faces": {
				"north": {"uv": [0, 0, 2, 3], "rotation": 270, "texture": "#1"},
				"east": {"uv": [0, 0, 2, 1], "rotation": 270, "texture": "#1"},
				"south": {"uv": [0, 0, 2, 3], "rotation": 270, "texture": "#1"},
				"west": {"uv": [0, 0, 2, 3], "rotation": 270, "texture": "#1"},
				"up": {"uv": [0, 0, 2, 3], "rotation": 270, "texture": "#1"},
				"down": {"uv": [0, 0, 2, 3], "rotation": 270, "texture": "#1"}
			}
		},
		{
			"from": [1.59127, 12.34084, 7.92138],
			"to": [4.83127, 13.08084, 8.06138],
			"rotation": {"angle": -22.5, "axis": "z", "origin": [5.53814, 11.6379, 7.69755]},
			"faces": {
				"north": {"uv": [0, 3, 2, 0], "rotation": 270, "texture": "#1"},
				"east": {"uv": [0, 3, 2, 0], "rotation": 270, "texture": "#1"},
				"south": {"uv": [0, 3, 2, 0], "rotation": 270, "texture": "#1"},
				"west": {"uv": [0, 1, 2, 0], "rotation": 270, "texture": "#1"},
				"up": {"uv": [0, 3, 2, 0], "rotation": 270, "texture": "#1"},
				"down": {"uv": [0, 3, 2, 0], "rotation": 270, "texture": "#1"}
			}
		},
		{
			"from": [4.69127, 12.54084, 7.72138],
			"to": [4.93127, 13.28084, 8.21138],
			"rotation": {"angle": -22.5, "axis": "z", "origin": [5.63814, 11.8379, 7.84755]},
			"faces": {
				"north": {"uv": [1, 1, 2, 1.74], "texture": "#0"},
				"east": {"uv": [1, 1, 2, 1.74], "texture": "#0"},
				"south": {"uv": [1, 1, 2, 1.74], "texture": "#0"},
				"west": {"uv": [1, 1, 2, 1.74], "texture": "#0"},
				"up": {"uv": [1, 1, 2, 1.74], "texture": "#0"},
				"down": {"uv": [1, 1, 2, 1.74], "texture": "#0"}
			}
		},
		{
			"from": [6.75, 11.5, 7.5],
			"to": [9.25, 14, 10],
			"rotation": {"angle": 22.5, "axis": "x", "origin": [7.24433, 12.69999, 8.00568]},
			"faces": {
				"north": {"uv": [1, 1, 15, 15], "texture": "#2"},
				"east": {"uv": [1, 1, 15, 15], "texture": "#2"},
				"south": {"uv": [1, 1, 15, 15], "texture": "#2"},
				"west": {"uv": [1, 1, 15, 15], "texture": "#2"},
				"up": {"uv": [1, 1, 15, 15], "texture": "#2"},
				"down": {"uv": [1, 1, 15, 15], "texture": "#2"}
			}
		},
		{
			"from": [7.25, 12, 7],
			"to": [8.75, 13.5, 10.5],
			"rotation": {"angle": 22.5, "axis": "x", "origin": [7.24433, 12.69999, 8.00568]},
			"faces": {
				"north": {"uv": [4, 4, 12, 12], "texture": "#2"},
				"east": {"uv": [1, 4, 15, 12], "texture": "#2"},
				"south": {"uv": [4, 4, 12, 12], "texture": "#2"},
				"west": {"uv": [1, 4, 15, 12], "texture": "#2"},
				"up": {"uv": [1, 4, 15, 12], "rotation": 90, "texture": "#2"},
				"down": {"uv": [1, 4, 15, 12], "rotation": 90, "texture": "#2"}
			}
		},
		{
			"from": [7.25, 10.80257, 8.14366],
			"to": [8.75, 14.30257, 9.64366],
			"rotation": {"angle": 22.5, "axis": "x", "origin": [7.99274, 12.94519, 8.59616]},
			"faces": {
				"north": {"uv": [1, 4, 15, 12], "rotation": 270, "texture": "#2"},
				"east": {"uv": [1, 4, 15, 12], "rotation": 270, "texture": "#2"},
				"south": {"uv": [1, 4, 15, 12], "rotation": 90, "texture": "#2"},
				"west": {"uv": [1, 4, 15, 12], "rotation": 90, "texture": "#2"},
				"up": {"uv": [4, 4, 12, 12], "rotation": 180, "texture": "#2"},
				"down": {"uv": [4, 4, 12, 12], "texture": "#2"}
			}
		},
		{
			"from": [6.25, 12, 8],
			"to": [9.75, 13.5, 9.5],
			"rotation": {"angle": 22.5, "axis": "x", "origin": [7.24433, 12.69999, 8.00568]},
			"faces": {
				"north": {"uv": [1, 4, 15, 12], "texture": "#2"},
				"east": {"uv": [4, 4, 12, 12], "texture": "#2"},
				"south": {"uv": [1, 4, 15, 12], "texture": "#2"},
				"west": {"uv": [4, 4, 12, 12], "texture": "#2"},
				"up": {"uv": [1, 4, 15, 12], "texture": "#2"},
				"down": {"uv": [1, 4, 15, 12], "texture": "#2"}
			}
		}
	],
	"display": {
		"thirdperson": {
			"rotation": [15, 90, -90],
			"translation": [0.5, 0.5, -7],
			"scale": [1.6, 1.6, 1.6]
		},
		"firstperson": {
			"rotation": [0, -135, 15],
			"translation": [4, 6, 2],
			"scale": [2, 2, 2]
		},
		"ground": {
			"translation": [0, 5, 0],
			"scale": [2, 2, 2]
		},
		"gui": {
			"rotation": [0, 0, 65],
			"translation": [1, 2, -3],
			"scale": [2, 1.5, 2]
		},
		"fixed": {
			"scale": [2, 2, 2]
		}
	}
}