{
	"credit": "Made with Blockbench",
	"texture_size": [8, 8],
	"textures": {
		"0": "skins/voodoo",
		"particle": "skins/voodoo"
	},
	"elements": [
		{
			"from": [7.81, 5.11, 6.01],
			"to": [11.79, 9.09, 9.99],
			"rotation": {"angle": -45, "axis": "z", "origin": [9.8, 7.1, 8]},
			"faces": {
				"north": {"uv": [0, 0, 8, 8], "texture": "#0"},
				"east": {"uv": [0, 0, 8, 8], "texture": "#0"},
				"south": {"uv": [0, 3, 8, 11], "texture": "#0"},
				"west": {"uv": [0, 0, 8, 8], "texture": "#0"},
				"up": {"uv": [0, 0, 8, 8], "texture": "#0"},
				"down": {"uv": [0, 0, 8, 8], "texture": "#0"}
			}
		},
		{
			"from": [4.66, 3.01, 11.46],
			"to": [6.64, 4.99, 16.44],
			"rotation": {"angle": -45, "axis": "y", "origin": [8.39432, 4.00917, 12.45348]},
			"faces": {
				"north": {"uv": [2, 0, 6, 4], "texture": "#0"},
				"east": {"uv": [0, 0, 10, 4], "texture": "#0"},
				"south": {"uv": [2, 0, 6, 4], "texture": "#0"},
				"west": {"uv": [5, 0, 15, 4], "texture": "#0"},
				"up": {"uv": [0, 0, 10, 4], "rotation": 90, "texture": "#0"},
				"down": {"uv": [0, 0, 10, 4], "rotation": 90, "texture": "#0"}
			}
		},
		{
			"from": [6.74825, -0.54961, 4.68778],
			"to": [8.72825, 4.43039, 6.66778],
			"rotation": {"angle": 22.5, "axis": "x", "origin": [7.74062, 2.00169, 5.67948]},
			"faces": {
				"north": {"uv": [3.5, 3, 7.5, 13], "rotation": 180, "texture": "#0"},
				"east": {"uv": [0, 0, 4, 10], "rotation": 180, "texture": "#0"},
				"south": {"uv": [2, 0, 6, 10], "rotation": 180, "texture": "#0"},
				"west": {"uv": [3, 0, 7, 10], "rotation": 180, "texture": "#0"},
				"up": {"uv": [4, 10.5, 8, 14.5], "texture": "#0"},
				"down": {"uv": [0, 2, 4, 6], "rotation": 180, "texture": "#0"}
			}
		},
		{
			"from": [5.16, 3.51, 10.71],
			"to": [6.14, 4.49, 16.69],
			"rotation": {"angle": -45, "axis": "y", "origin": [8.39432, 4.00917, 12.45348]},
			"faces": {
				"north": {"uv": [1, 0, 3, 2], "texture": "#0"},
				"east": {"uv": [3.5, 0, 5.5, 12], "rotation": 270, "texture": "#0"},
				"south": {"uv": [1, 0, 3, 2], "texture": "#0"},
				"west": {"uv": [4, 0, 16, 2], "texture": "#0"},
				"up": {"uv": [4, 0.5, 6, 12.5], "rotation": 180, "texture": "#0"},
				"down": {"uv": [0, 4, 2, 16], "texture": "#0"}
			}
		},
		{
			"from": [7.24825, -0.79961, 5.18778],
			"to": [8.22825, 5.18039, 6.16778],
			"rotation": {"angle": 22.5, "axis": "x", "origin": [7.74062, 2.00169, 5.67948]},
			"faces": {
				"north": {"uv": [1, 0, 3, 12], "texture": "#0"},
				"east": {"uv": [0, 0, 12, 2], "rotation": 90, "texture": "#0"},
				"south": {"uv": [1, 0, 3, 12], "rotation": 180, "texture": "#0"},
				"west": {"uv": [0, 1, 12, 3], "rotation": 270, "texture": "#0"},
				"up": {"uv": [0, 4, 2, 6], "texture": "#0"},
				"down": {"uv": [0, 1, 2, 3], "rotation": 180, "texture": "#0"}
			}
		},
		{
			"from": [2.26685, -1.64, 8.83992],
			"to": [7.24685, 0.34, 10.81992],
			"rotation": {"angle": 22.5, "axis": "y", "origin": [3.70852, -0.65237, 10.94237]},
			"faces": {
				"north": {"uv": [5, 0, 15, 4], "texture": "#0"},
				"east": {"uv": [0, 0, 4, 4], "texture": "#0"},
				"south": {"uv": [0, 1.5, 10, 5.5], "rotation": 90, "texture": "#0"},
				"west": {"uv": [2, 0, 6, 4], "texture": "#0"},
				"up": {"uv": [0, 4, 4, 14], "rotation": 270, "texture": "#0"},
				"down": {"uv": [2, 0, 6, 10], "rotation": 90, "texture": "#0"}
			}
		},
		{
			"from": [0.97736, -2.12204, 6.04364],
			"to": [5.95736, -0.14204, 8.02364],
			"rotation": {"angle": 22.5, "axis": "z", "origin": [3.88564, 0.11541, 6.77355]},
			"faces": {
				"north": {"uv": [5, 0, 15, 4], "texture": "#0"},
				"east": {"uv": [0, 0, 4, 4], "texture": "#0"},
				"south": {"uv": [5, 0, 15, 4], "texture": "#0"},
				"west": {"uv": [2, 0, 6, 4], "texture": "#0"},
				"up": {"uv": [0, 4, 4, 14], "rotation": 270, "texture": "#0"},
				"down": {"uv": [2, 0, 6, 10], "rotation": 90, "texture": "#0"}
			}
		},
		{
			"from": [5.79858, -1.09852, 6.51],
			"to": [8.27858, 5.38148, 9.49],
			"rotation": {"angle": -22.5, "axis": "z", "origin": [7.04932, 2.14318, 8.00804]},
			"faces": {
				"north": {"uv": [2.5, 0, 7.5, 13], "texture": "#0"},
				"east": {"uv": [0, 0, 6, 13], "texture": "#0"},
				"south": {"uv": [0, 0, 5, 13], "rotation": 180, "texture": "#0"},
				"west": {"uv": [3, 0, 9, 13], "texture": "#0"},
				"up": {"uv": [0, 0, 5, 6], "texture": "#0"},
				"down": {"uv": [0, 3, 5, 9], "texture": "#0"}
			}
		},
		{
			"from": [8.3, 6.1, 5.5],
			"to": [11.3, 8.1, 10.5],
			"rotation": {"angle": -45, "axis": "z", "origin": [9.8, 7.1, 8]},
			"faces": {
				"north": {"uv": [3, 0, 9, 4], "texture": "#0"},
				"east": {"uv": [0, 0, 10, 4], "texture": "#0"},
				"south": {"uv": [0, 5.5, 6, 9.5], "texture": "#0"},
				"west": {"uv": [1.5, 3.5, 11.5, 7.5], "texture": "#0"},
				"up": {"uv": [0, 4, 6, 14], "texture": "#0"},
				"down": {"uv": [0, 5, 6, 15], "texture": "#0"}
			}
		},
		{
			"from": [6.28858, -0.10852, 6],
			"to": [7.78858, 3.39148, 10],
			"rotation": {"angle": -22.5, "axis": "z", "origin": [7.04932, 2.14318, 8.00804]},
			"faces": {
				"north": {"uv": [1.5, 0, 4.5, 7], "texture": "#0"},
				"east": {"uv": [0, 0, 8, 7], "texture": "#0"},
				"south": {"uv": [1.5, 0, 4.5, 7], "texture": "#0"},
				"west": {"uv": [4, 0, 12, 7], "texture": "#0"},
				"up": {"uv": [0, 4, 3, 12], "texture": "#0"},
				"down": {"uv": [0, 4, 3, 12], "texture": "#0"}
			}
		},
		{
			"from": [7.3, 6.1, 6.5],
			"to": [12.3, 8.1, 9.5],
			"rotation": {"angle": -45, "axis": "z", "origin": [9.8, 7.1, 8]},
			"faces": {
				"north": {"uv": [5, 0, 15, 4], "texture": "#0"},
				"east": {"uv": [9, 2.5, 15, 6.5], "texture": "#0"},
				"south": {"uv": [5, 0, 15, 4], "texture": "#0"},
				"west": {"uv": [3, 0, 9, 4], "texture": "#0"},
				"up": {"uv": [0, 0, 10, 6], "rotation": 180, "texture": "#0"},
				"down": {"uv": [3, 0, 9, 10], "rotation": 270, "texture": "#0"}
			}
		},
		{
			"from": [5.53858, -0.10852, 7],
			"to": [8.53858, 4.39148, 9],
			"rotation": {"angle": -22.5, "axis": "z", "origin": [7.04932, 2.14318, 8.00804]},
			"faces": {
				"north": {"uv": [3, 0, 9, 9], "texture": "#0"},
				"east": {"uv": [3.5, 6, 7.5, 15], "texture": "#0"},
				"south": {"uv": [3, 0, 9, 9], "texture": "#0"},
				"west": {"uv": [2, 0, 6, 9], "texture": "#0"},
				"up": {"uv": [0, 4, 4, 10], "rotation": 90, "texture": "#0"},
				"down": {"uv": [2, 0, 6, 6], "rotation": 270, "texture": "#0"}
			}
		},
		{
			"from": [8.8, 4.6, 6.5],
			"to": [10.8, 9.6, 9.5],
			"rotation": {"angle": -45, "axis": "z", "origin": [9.8, 7.1, 8]},
			"faces": {
				"north": {"uv": [0, 2, 10, 6], "rotation": 270, "texture": "#0"},
				"east": {"uv": [0, 0, 10, 6], "rotation": 90, "texture": "#0"},
				"south": {"uv": [0, 2, 10, 6], "rotation": 90, "texture": "#0"},
				"west": {"uv": [3, 0, 9, 10], "texture": "#0"},
				"up": {"uv": [1.5, 2, 7.5, 6], "rotation": 270, "texture": "#0"},
				"down": {"uv": [3, 0, 9, 4], "rotation": 270, "texture": "#0"}
			}
		},
		{
			"from": [6.97317, 4.39285, 6.99886],
			"to": [8.97317, 6.39285, 8.99886],
			"rotation": {"angle": 0, "axis": "x", "origin": [7.97317, 6.89285, 7.49886]},
			"faces": {
				"north": {"uv": [0, 2, 4, 6], "rotation": 270, "texture": "#0"},
				"east": {"uv": [0, 0, 4, 4], "rotation": 180, "texture": "#0"},
				"south": {"uv": [0, 2, 4, 6], "rotation": 90, "texture": "#0"},
				"west": {"uv": [2, 0, 6, 4], "texture": "#0"},
				"up": {"uv": [0, 4, 4, 8], "rotation": 270, "texture": "#0"},
				"down": {"uv": [2, 0, 6, 4], "rotation": 270, "texture": "#0"}
			}
		},
		{
			"from": [8.801, 5.601, 5.501],
			"to": [10.799, 8.599, 10.499],
			"rotation": {"angle": -45, "axis": "z", "origin": [9.8, 7.1, 8]},
			"faces": {
				"north": {"uv": [0, 2, 6, 6], "rotation": 270, "texture": "#0"},
				"east": {"uv": [0, 0, 10, 6], "rotation": 180, "texture": "#0"},
				"south": {"uv": [2, 12, 8, 16], "rotation": 90, "texture": "#0"},
				"west": {"uv": [0, 5, 6, 15], "rotation": 270, "texture": "#0"},
				"up": {"uv": [0, 4, 10, 8], "rotation": 270, "texture": "#0"},
				"down": {"uv": [3.5, 4.5, 13.5, 8.5], "rotation": 270, "texture": "#0"}
			}
		},
		{
			"from": [6.78958, -0.60752, 6.001],
			"to": [7.28758, 2.89048, 9.999],
			"rotation": {"angle": -22.5, "axis": "z", "origin": [7.04932, 2.14318, 8.00804]},
			"faces": {
				"north": {"uv": [0, 0.5, 7, 1.5], "rotation": 270, "texture": "#0"},
				"east": {"uv": [0, 0, 7, 8], "rotation": 270, "texture": "#0"},
				"south": {"uv": [0, 0.5, 7, 1.5], "rotation": 90, "texture": "#0"},
				"west": {"uv": [0, 4, 7, 12], "rotation": 270, "texture": "#0"},
				"up": {"uv": [0, 4, 8, 5], "rotation": 270, "texture": "#0"},
				"down": {"uv": [4, 0, 12, 1], "rotation": 270, "texture": "#0"}
			}
		},
		{
			"from": [7.301, 5.601, 7.001],
			"to": [12.299, 8.599, 8.999],
			"rotation": {"angle": -45, "axis": "z", "origin": [9.8, 7.1, 8]},
			"faces": {
				"north": {"uv": [0, 5, 6, 15], "rotation": 270, "texture": "#0"},
				"east": {"uv": [10, 1.5, 14, 7.5], "texture": "#0"},
				"south": {"uv": [0, 5, 6, 15], "rotation": 270, "texture": "#0"},
				"west": {"uv": [0, 2, 6, 6], "rotation": 270, "texture": "#0"},
				"up": {"uv": [0, 0, 10, 4], "rotation": 180, "texture": "#0"},
				"down": {"uv": [0, 2, 10, 6], "rotation": 180, "texture": "#0"}
			}
		},
		{
			"from": [4.401, 3.501, 11.951],
			"to": [6.899, 4.499, 15.949],
			"rotation": {"angle": -45, "axis": "y", "origin": [8.39432, 4.00917, 12.45348]},
			"faces": {
				"north": {"uv": [0, 2.5, 2, 7.5], "rotation": 270, "texture": "#0"},
				"east": {"uv": [0, 0, 2, 8], "rotation": 90, "texture": "#0"},
				"south": {"uv": [0, 2.5, 2, 7.5], "rotation": 270, "texture": "#0"},
				"west": {"uv": [0, 0, 2, 8], "rotation": 270, "texture": "#0"},
				"up": {"uv": [0, 0, 5, 8], "texture": "#0"},
				"down": {"uv": [0, 0, 8, 5], "rotation": 90, "texture": "#0"}
			}
		},
		{
			"from": [6.48925, -0.05861, 5.17878],
			"to": [8.98725, 3.93939, 6.17678],
			"rotation": {"angle": 22.5, "axis": "x", "origin": [7.74062, 2.00169, 5.67948]},
			"faces": {
				"north": {"uv": [2.5, 0, 7.5, 8], "rotation": 180, "texture": "#0"},
				"east": {"uv": [0, 2, 2, 10], "rotation": 180, "texture": "#0"},
				"south": {"uv": [2.5, 0, 7.5, 8], "rotation": 180, "texture": "#0"},
				"west": {"uv": [1, 0, 3, 8], "rotation": 180, "texture": "#0"},
				"up": {"uv": [0, 4, 2, 9], "rotation": 270, "texture": "#0"},
				"down": {"uv": [1, 0, 3, 5], "rotation": 90, "texture": "#0"}
			}
		},
		{
			"from": [2.75785, -1.149, 8.58092],
			"to": [6.75585, -0.151, 11.07892],
			"rotation": {"angle": 22.5, "axis": "y", "origin": [3.70852, -0.65237, 10.94237]},
			"faces": {
				"north": {"uv": [0, 4, 2, 12], "rotation": 270, "texture": "#0"},
				"east": {"uv": [0, 0, 2, 5], "rotation": 270, "texture": "#0"},
				"south": {"uv": [0, 4, 2, 12], "rotation": 90, "texture": "#0"},
				"west": {"uv": [0, 2.5, 2, 7.5], "rotation": 270, "texture": "#0"},
				"up": {"uv": [0, 4, 5, 12], "rotation": 270, "texture": "#0"},
				"down": {"uv": [2.5, 0, 7.5, 8], "rotation": 270, "texture": "#0"}
			}
		},
		{
			"from": [1.46836, -1.63104, 5.78464],
			"to": [5.46636, -0.63304, 7.28264],
			"rotation": {"angle": 22.5, "axis": "z", "origin": [3.88564, 0.11541, 6.77355]},
			"faces": {
				"north": {"uv": [0, 4, 2, 12], "rotation": 270, "texture": "#0"},
				"east": {"uv": [0, 0, 2, 3], "rotation": 270, "texture": "#0"},
				"south": {"uv": [0, 4, 2, 12], "rotation": 90, "texture": "#0"},
				"west": {"uv": [0, 1.5, 2, 4.5], "rotation": 270, "texture": "#0"},
				"up": {"uv": [0, 4, 3, 12], "rotation": 270, "texture": "#0"},
				"down": {"uv": [1.5, 0, 4.5, 8], "rotation": 270, "texture": "#0"}
			}
		},
		{
			"from": [5.53958, -0.60752, 7.501],
			"to": [8.53758, 4.89048, 8.499],
			"rotation": {"angle": -22.5, "axis": "z", "origin": [7.04932, 2.14318, 8.00804]},
			"faces": {
				"north": {"uv": [0, 3, 11, 9], "rotation": 270, "texture": "#0"},
				"east": {"uv": [0, 0, 11, 2], "rotation": 90, "texture": "#0"},
				"south": {"uv": [0, 3, 11, 9], "rotation": 270, "texture": "#0"},
				"west": {"uv": [0, 1, 11, 3], "rotation": 270, "texture": "#0"},
				"up": {"uv": [0, 4, 6, 6], "texture": "#0"},
				"down": {"uv": [0, 1, 6, 3], "rotation": 180, "texture": "#0"}
			}
		},
		{
			"from": [8.301, 4.601, 7.001],
			"to": [11.299, 9.599, 8.999],
			"rotation": {"angle": -45, "axis": "z", "origin": [9.8, 7.1, 8]},
			"faces": {
				"north": {"uv": [3, 0, 9, 10], "rotation": 180, "texture": "#0"},
				"east": {"uv": [0, 0, 10, 4], "rotation": 90, "texture": "#0"},
				"south": {"uv": [0, 0, 10, 6], "rotation": 90, "texture": "#0"},
				"west": {"uv": [0, 2, 10, 6], "rotation": 270, "texture": "#0"},
				"up": {"uv": [0, 4, 6, 8], "texture": "#0"},
				"down": {"uv": [0, 2, 6, 6], "rotation": 180, "texture": "#0"}
			}
		},
		{
			"from": [5.151, 2.751, 11.951],
			"to": [6.149, 5.249, 15.949],
			"rotation": {"angle": -45, "axis": "y", "origin": [8.39432, 4.25917, 12.45348]},
			"faces": {
				"north": {"uv": [1, 0, 3, 5], "rotation": 180, "texture": "#0"},
				"east": {"uv": [0, 0, 5, 8], "rotation": 90, "texture": "#0"},
				"south": {"uv": [1, 0, 3, 5], "texture": "#0"},
				"west": {"uv": [0, 0, 8, 5], "rotation": 180, "texture": "#0"},
				"up": {"uv": [0, 0, 2, 8], "texture": "#0"},
				"down": {"uv": [0, 0, 8, 2], "rotation": 90, "texture": "#0"}
			}
		},
		{
			"from": [7.23925, -0.05861, 4.42878],
			"to": [8.23725, 3.93939, 6.92678],
			"rotation": {"angle": 22.5, "axis": "x", "origin": [7.74062, 2.00169, 5.67948]},
			"faces": {
				"north": {"uv": [1, 0, 3, 8], "rotation": 180, "texture": "#0"},
				"east": {"uv": [0, 0, 5, 8], "rotation": 180, "texture": "#0"},
				"south": {"uv": [1, 0, 3, 8], "rotation": 180, "texture": "#0"},
				"west": {"uv": [2.5, 0, 7.5, 8], "rotation": 180, "texture": "#0"},
				"up": {"uv": [0, 4, 2, 9], "rotation": 180, "texture": "#0"},
				"down": {"uv": [0, 2.5, 2, 7.5], "rotation": 180, "texture": "#0"}
			}
		},
		{
			"from": [2.75785, -1.899, 9.33092],
			"to": [6.75585, 0.599, 10.32892],
			"rotation": {"angle": 22.5, "axis": "y", "origin": [3.70852, -0.65237, 10.94237]},
			"faces": {
				"north": {"uv": [0, 4, 5, 12], "rotation": 270, "texture": "#0"},
				"east": {"uv": [0, 0, 2, 5], "rotation": 180, "texture": "#0"},
				"south": {"uv": [0, 4, 5, 12], "rotation": 90, "texture": "#0"},
				"west": {"uv": [1, 0, 3, 5], "texture": "#0"},
				"up": {"uv": [0, 4, 2, 12], "rotation": 270, "texture": "#0"},
				"down": {"uv": [1, 0, 3, 8], "rotation": 270, "texture": "#0"}
			}
		},
		{
			"from": [1.46836, -2.38104, 6.53464],
			"to": [5.46636, 0.11696, 7.53264],
			"rotation": {"angle": 22.5, "axis": "z", "origin": [3.88564, 0.11541, 6.77355]},
			"faces": {
				"north": {"uv": [0, 4, 5, 12], "rotation": 270, "texture": "#0"},
				"east": {"uv": [0, 0, 2, 5], "rotation": 180, "texture": "#0"},
				"south": {"uv": [0, 4, 5, 12], "rotation": 90, "texture": "#0"},
				"west": {"uv": [1, 0, 3, 5], "texture": "#0"},
				"up": {"uv": [0, 4, 2, 12], "rotation": 270, "texture": "#0"},
				"down": {"uv": [1, 0, 3, 8], "rotation": 270, "texture": "#0"}
			}
		},
		{
			"from": [6.28958, -1.60752, 7.501],
			"to": [7.78758, 5.89048, 8.499],
			"rotation": {"angle": -22.5, "axis": "z", "origin": [7.04932, 2.14318, 8.00804]},
			"faces": {
				"north": {"uv": [1.5, 0, 4.5, 15], "rotation": 180, "texture": "#0"},
				"east": {"uv": [0, 0, 15, 2], "rotation": 90, "texture": "#0"},
				"south": {"uv": [1.5, 0, 4.5, 15], "texture": "#0"},
				"west": {"uv": [0, 1, 15, 3], "rotation": 270, "texture": "#0"},
				"up": {"uv": [0, 4, 3, 6], "texture": "#0"},
				"down": {"uv": [0, 1, 3, 3], "rotation": 180, "texture": "#0"}
			}
		},
		{
			"from": [11.5, 4.85468, 6.59367],
			"to": [11.75, 5.65468, 7.39367],
			"rotation": {"angle": -45, "axis": "z", "origin": [11.62676, 5.2479, 6.73866]},
			"faces": {
				"north": {"uv": [12, 13.5, 14.5, 14], "rotation": 90, "texture": "#0"},
				"east": {"uv": [12, 11.5, 14.5, 14], "texture": "#0"},
				"south": {"uv": [12, 11.5, 14.5, 12], "rotation": 90, "texture": "#0"},
				"west": {"uv": [8.5, 0, 11, 0.5], "rotation": 90, "texture": "#0"},
				"up": {"uv": [12, 11.5, 14.5, 12], "rotation": 270, "texture": "#0"},
				"down": {"uv": [12, 13.5, 14.5, 14], "rotation": 90, "texture": "#0"}
			}
		},
		{
			"from": [11.4, 4.75468, 8.39367],
			"to": [11.65, 5.80468, 9.44367],
			"rotation": {"angle": -45, "axis": "z", "origin": [11.52676, 5.2479, 8.53866]},
			"faces": {
				"north": {"uv": [12, 13.5, 14.5, 14], "rotation": 90, "texture": "#0"},
				"east": {"uv": [12, 11.5, 14.5, 14], "texture": "#0"},
				"south": {"uv": [12, 11.5, 14.5, 12], "rotation": 90, "texture": "#0"},
				"west": {"uv": [8.5, 0, 11, 0.5], "rotation": 90, "texture": "#0"},
				"up": {"uv": [12, 11.5, 14.5, 12], "rotation": 270, "texture": "#0"},
				"down": {"uv": [12, 13.5, 14.5, 14], "rotation": 90, "texture": "#0"}
			}
		},
		{
			"from": [5.00407, 2.24933, 12.45377],
			"to": [8.00407, 2.34933, 12.55377],
			"rotation": {"angle": -45, "axis": "z", "origin": [7.26059, 2.31625, 12.48519]},
			"faces": {
				"north": {"uv": [15, 8, 15.2, 14], "rotation": 270, "texture": "#0"},
				"east": {"uv": [15, 8, 15.2, 14], "rotation": 270, "texture": "#0"},
				"south": {"uv": [15, 8, 15.2, 14], "rotation": 270, "texture": "#0"},
				"west": {"uv": [15, 8, 15.2, 14], "rotation": 270, "texture": "#0"},
				"up": {"uv": [15, 8, 15.2, 14], "rotation": 270, "texture": "#0"},
				"down": {"uv": [15, 8, 15.2, 14], "rotation": 270, "texture": "#0"}
			}
		},
		{
			"from": [7.71535, 3.15468, 6.53107],
			"to": [10.71535, 3.25468, 6.63107],
			"rotation": {"angle": 45, "axis": "y", "origin": [9.96185, 3.20544, 6.58194]},
			"faces": {
				"north": {"uv": [15, 8, 15.2, 14], "rotation": 270, "texture": "#0"},
				"east": {"uv": [15, 8, 15.2, 14], "rotation": 270, "texture": "#0"},
				"south": {"uv": [15, 8, 15.2, 14], "rotation": 270, "texture": "#0"},
				"west": {"uv": [15, 8, 15.2, 14], "rotation": 270, "texture": "#0"},
				"up": {"uv": [15, 8, 15.2, 14], "rotation": 270, "texture": "#0"},
				"down": {"uv": [15, 8, 15.2, 14], "rotation": 270, "texture": "#0"}
			}
		},
		{
			"from": [7.85407, 2.14933, 12.35377],
			"to": [8.15407, 2.44933, 12.65377],
			"rotation": {"angle": -45, "axis": "z", "origin": [7.26059, 2.31625, 12.48519]},
			"faces": {
				"north": {"uv": [15, 15, 16, 16], "rotation": 270, "texture": "#0"},
				"east": {"uv": [15, 15, 16, 16], "rotation": 270, "texture": "#0"},
				"south": {"uv": [15, 15, 16, 16], "rotation": 270, "texture": "#0"},
				"west": {"uv": [15, 15, 16, 16], "rotation": 270, "texture": "#0"},
				"up": {"uv": [15, 15, 16, 16], "rotation": 270, "texture": "#0"},
				"down": {"uv": [15, 15, 16, 16], "rotation": 270, "texture": "#0"}
			}
		},
		{
			"from": [10.56535, 3.05468, 6.43107],
			"to": [10.86535, 3.35468, 6.73107],
			"rotation": {"angle": 45, "axis": "y", "origin": [9.96185, 3.20544, 6.58194]},
			"faces": {
				"north": {"uv": [15, 15, 16, 16], "rotation": 270, "texture": "#0"},
				"east": {"uv": [15, 15, 16, 16], "rotation": 270, "texture": "#0"},
				"south": {"uv": [15, 15, 16, 16], "rotation": 270, "texture": "#0"},
				"west": {"uv": [15, 15, 16, 16], "rotation": 270, "texture": "#0"},
				"up": {"uv": [15, 15, 16, 16], "rotation": 270, "texture": "#0"},
				"down": {"uv": [15, 15, 16, 16], "rotation": 270, "texture": "#0"}
			}
		},
		{
			"from": [11.40407, 5.29082, 9.8963],
			"to": [14.40407, 5.39082, 9.9963],
			"rotation": {"angle": -22.5, "axis": "y", "origin": [13.62986, 5.35077, 9.9329]},
			"faces": {
				"north": {"uv": [15, 8, 15.2, 14], "rotation": 90, "texture": "#0"},
				"east": {"uv": [15, 8, 15.2, 14], "rotation": 90, "texture": "#0"},
				"south": {"uv": [15, 8, 15.2, 14], "rotation": 90, "texture": "#0"},
				"west": {"uv": [15, 8, 15.2, 14], "rotation": 90, "texture": "#0"},
				"up": {"uv": [15, 8, 15.2, 14], "rotation": 90, "texture": "#0"},
				"down": {"uv": [15, 8, 15.2, 14], "rotation": 90, "texture": "#0"}
			}
		},
		{
			"from": [14.20407, 5.19082, 9.7963],
			"to": [14.50407, 5.49082, 10.0963],
			"rotation": {"angle": -22.5, "axis": "y", "origin": [13.62986, 5.35077, 9.9329]},
			"faces": {
				"north": {"uv": [15, 15, 16, 16], "texture": "#0"},
				"east": {"uv": [15, 15, 16, 16], "texture": "#0"},
				"south": {"uv": [15, 15, 16, 16], "texture": "#0"},
				"west": {"uv": [15, 15, 16, 16], "texture": "#0"},
				"up": {"uv": [15, 15, 16, 16], "texture": "#0"},
				"down": {"uv": [15, 15, 16, 16], "texture": "#0"}
			}
		}
	],
	"display": {
		"thirdperson": {
			"rotation": [-50, 90, -80],
			"translation": [0.3, 1.3, -4.5],
			"scale": [1, 1, 1]
		},
		"firstperson": {
			"rotation": [20, 210, 60],
			"translation": [2, 7.8, -0.6],
			"scale": [1.5, 1.5, 1.5]
		},
		"ground": {
			"rotation": [0, 0, 0],
			"translation": [0, 5, 0],
			"scale": [2, 2, 2]
		},
		"gui": {
			"rotation": [-45, 30, 80],
			"translation": [-4, 2.5, 0],
			"scale": [2, 2, 2]
		},
		"head": {
			"rotation": [0, 0, 0],
			"translation": [0, 0, 0],
			"scale": [1, 1, 1]
		},
		"fixed": {
			"rotation": [0, 0, 0],
			"translation": [0, 0, 0],
			"scale": [2, 2, 2]
		}
	}
}