{
	"credit": "Made with Blockbench",
	"textures": {
		"0": "skins/zombie_sowrd",
		"particle": "skins/zombie_sowrd"
	},
	"elements": [
		{
			"from": [6.999, -8.251, 6.999],
			"to": [8.001, -7.249, 9.001],
			"rotation": {"angle": 0, "axis": "y", "origin": [8, -0.25, 7.5]},
			"faces": {
				"north": {"uv": [1.5, 5, 2.5, 6], "texture": "#0"},
				"east": {"uv": [2.5, 4, 4.5, 5], "texture": "#0"},
				"south": {"uv": [0, 6, 1, 7], "texture": "#0"},
				"west": {"uv": [2.5, 4, 4.5, 5], "texture": "#0"},
				"up": {"uv": [2.5, 4, 3.5, 6], "texture": "#0"},
				"down": {"uv": [2.5, 4, 3.5, 6], "texture": "#0"}
			}
		},
		{
			"from": [7.7706, -8.09672, 7],
			"to": [8.7706, -7.09672, 9],
			"rotation": {"angle": 22.5, "axis": "z", "origin": [8.2706, -7.59672, 7.5]},
			"faces": {
				"north": {"uv": [0, 6, 1, 7], "texture": "#0"},
				"east": {"uv": [2.5, 4, 4.5, 5], "texture": "#0"},
				"south": {"uv": [1, 6, 2, 7], "texture": "#0"},
				"west": {"uv": [2.5, 4, 4.5, 5], "texture": "#0"},
				"up": {"uv": [2.5, 4, 3.5, 6], "texture": "#0"},
				"down": {"uv": [2.5, 4, 3.5, 6], "texture": "#0"}
			}
		},
		{
			"from": [6.98523, -6.82123, 5.99893],
			"to": [8.91523, -5.82123, 9.99893],
			"rotation": {"angle": 22.5, "axis": "z", "origin": [8.48523, -6.32123, 6.49893]},
			"faces": {
				"north": {"uv": [1.5, 4.5, 3.43, 5.5], "texture": "#0"},
				"east": {"uv": [2.5, 4, 6.5, 5], "texture": "#0"},
				"south": {"uv": [0, 7, 1.93, 8], "texture": "#0"},
				"west": {"uv": [0, 7, 4, 8], "texture": "#0"},
				"up": {"uv": [2.5, 4, 4.43, 8], "texture": "#0"},
				"down": {"uv": [1.5, 2.5, 3.43, 6.5], "texture": "#0"}
			}
		},
		{
			"from": [8.42288, -7.66121, 6.999],
			"to": [12.42488, -5.65921, 9.001],
			"rotation": {"angle": 45, "axis": "z", "origin": [8.92388, -7.16021, 7.5]},
			"faces": {
				"north": {"uv": [0, 6, 4, 8], "texture": "#0"},
				"east": {"uv": [2.5, 4, 4.5, 6], "texture": "#0"},
				"south": {"uv": [2, 6, 6, 8], "texture": "#0"},
				"west": {"uv": [2.5, 4, 4.5, 6], "texture": "#0"},
				"up": {"uv": [2.5, 4, 6.5, 6], "texture": "#0"},
				"down": {"uv": [0, 6, 4, 8], "texture": "#0"}
			}
		},
		{
			"from": [8.57388, -6.41021, 6],
			"to": [12.57388, -4.41021, 10],
			"rotation": {"angle": 45, "axis": "z", "origin": [9.07388, -5.91021, 6.5]},
			"faces": {
				"north": {"uv": [0, 4, 4, 8], "texture": "#0"},
				"east": {"uv": [0, 4, 4, 8], "texture": "#0"},
				"south": {"uv": [0, 4, 4, 8], "texture": "#0"},
				"west": {"uv": [0, 4, 4, 8], "texture": "#0"},
				"up": {"uv": [0, 4, 4, 8], "texture": "#0"},
				"down": {"uv": [0, 4, 4, 8], "texture": "#0"}
			}
		},
		{
			"from": [5.43634, -8.48382, 6.998],
			"to": [7.44034, -6.47982, 9.002],
			"rotation": {"angle": 45, "axis": "z", "origin": [5.93834, -6.48182, 8]},
			"faces": {
				"north": {"uv": [1, 5.5, 3, 7.5], "rotation": 90, "texture": "#0"},
				"east": {"uv": [2.5, 4, 4.5, 6], "rotation": 90, "texture": "#0"},
				"south": {"uv": [0, 5.5, 2, 7.5], "rotation": 90, "texture": "#0"},
				"west": {"uv": [0, 2.5, 2, 4.5], "rotation": 90, "texture": "#0"},
				"up": {"uv": [2.5, 4, 4.5, 6], "rotation": 90, "texture": "#0"},
				"down": {"uv": [2.5, 4, 4.5, 6], "rotation": 90, "texture": "#0"}
			}
		},
		{
			"from": [5.58634, -7.23382, 5.998],
			"to": [7.59034, -5.22982, 10.002],
			"rotation": {"angle": 45, "axis": "z", "origin": [6.08834, -5.23182, 7]},
			"faces": {
				"north": {"uv": [1.5, 4.5, 3.5, 6.5], "rotation": 90, "texture": "#0"},
				"east": {"uv": [2.5, 4, 4.5, 8], "rotation": 90, "texture": "#0"},
				"south": {"uv": [0.5, 4.5, 2.5, 6.5], "rotation": 90, "texture": "#0"},
				"west": {"uv": [0, 4, 2, 8], "rotation": 90, "texture": "#0"},
				"up": {"uv": [2.5, 4, 6.5, 6], "rotation": 90, "texture": "#0"},
				"down": {"uv": [2.5, 4, 6.5, 6], "rotation": 90, "texture": "#0"}
			}
		},
		{
			"from": [4.77949, -6.79596, 6.999],
			"to": [6.78149, -2.79396, 9.001],
			"rotation": {"angle": 22.5, "axis": "z", "origin": [5.28049, -4.79496, 8]},
			"faces": {
				"north": {"uv": [0, 5, 4, 7], "rotation": 270, "texture": "#0"},
				"east": {"uv": [2.5, 4, 6.5, 6], "rotation": 90, "texture": "#0"},
				"south": {"uv": [0, 5.5, 4, 7.5], "rotation": 270, "texture": "#0"},
				"west": {"uv": [0, 5.5, 4, 7.5], "rotation": 270, "texture": "#0"},
				"up": {"uv": [2.5, 4, 4.5, 6], "rotation": 90, "texture": "#0"},
				"down": {"uv": [2.5, 4, 4.5, 6], "rotation": 90, "texture": "#0"}
			}
		},
		{
			"from": [4.93149, -5.54396, 6.001],
			"to": [11.92949, -1.54596, 9.999],
			"rotation": {"angle": 22.5, "axis": "z", "origin": [5.43049, -3.54496, 7]},
			"faces": {
				"north": {"uv": [1.5, 0.5, 8.5, 4.5], "rotation": 180, "texture": "#0"},
				"east": {"uv": [4, 4, 8, 8], "texture": "#0"},
				"south": {"uv": [3, 0, 10, 4], "rotation": 180, "texture": "#0"},
				"west": {"uv": [0, 5, 3, 8], "rotation": 180, "texture": "#0"},
				"up": {"uv": [3, 4, 10, 8], "texture": "#0"},
				"down": {"uv": [2.5, 4, 9.5, 8], "rotation": 180, "texture": "#0"}
			}
		},
		{
			"from": [5.99089, -5.08328, 4.999],
			"to": [9.99289, -1.08128, 11.001],
			"rotation": {"angle": 45, "axis": "z", "origin": [7.75605, -2.58956, 7.98544]},
			"faces": {
				"north": {"uv": [2.5, 3.5, 6.5, 7.5], "rotation": 270, "texture": "#0"},
				"east": {"uv": [4, 3.5, 8, 7.5], "texture": "#0"},
				"south": {"uv": [2.5, 3.5, 6.5, 7.5], "texture": "#0"},
				"west": {"uv": [0, 0.5, 4, 6.5], "rotation": 270, "texture": "#0"},
				"up": {"uv": [4, 0.5, 10, 4.5], "rotation": 270, "texture": "#0"},
				"down": {"uv": [0, 6.5, 4, 8], "rotation": 90, "texture": "#0"}
			}
		},
		{
			"from": [5.57958, -3.10978, 6.00606],
			"to": [9.57758, 0.88822, 10.00406],
			"rotation": {"angle": 22.5, "axis": "z", "origin": [7.59349, -1.11343, 7.9928]},
			"faces": {
				"north": {"uv": [4.5, 4, 8.5, 8], "texture": "#0"},
				"east": {"uv": [4, 0.5, 8, 4.5], "rotation": 180, "texture": "#0"},
				"south": {"uv": [2.5, 4, 6.5, 8], "texture": "#0"},
				"west": {"uv": [0, 1.5, 4, 5.5], "texture": "#0"},
				"up": {"uv": [4, 2, 8, 6], "texture": "#0"},
				"down": {"uv": [0, 1.5, 4, 5.5], "texture": "#0"}
			}
		},
		{
			"from": [4.05087, -3.13901, 6.998],
			"to": [6.05487, -1.13501, 9.002],
			"rotation": {"angle": 0, "axis": "z", "origin": [4.55287, -1.13701, 8]},
			"faces": {
				"north": {"uv": [0, 5.5, 2, 7.5], "rotation": 90, "texture": "#0"},
				"east": {"uv": [2.5, 4, 4.5, 6], "rotation": 90, "texture": "#0"},
				"south": {"uv": [1, 5, 3, 7], "rotation": 90, "texture": "#0"},
				"west": {"uv": [2, 3, 4, 5], "rotation": 270, "texture": "#0"},
				"up": {"uv": [0, 3.5, 2, 5.5], "rotation": 90, "texture": "#0"},
				"down": {"uv": [2.5, 4, 4.5, 6], "rotation": 90, "texture": "#0"}
			}
		},
		{
			"from": [4.51605, -2.34073, 6.006],
			"to": [6.50605, -0.35073, 9.996],
			"rotation": {"angle": -22.5, "axis": "z", "origin": [5.51105, -1.34573, 7.501]},
			"faces": {
				"north": {"uv": [6.5, 4.5, 8.5, 6.5], "rotation": 90, "texture": "#0"},
				"east": {"uv": [2.5, 4, 4.5, 8], "rotation": 90, "texture": "#0"},
				"south": {"uv": [2.5, 4, 4.5, 6], "rotation": 90, "texture": "#0"},
				"west": {"uv": [2, 2.5, 4, 6.5], "rotation": 270, "texture": "#0"},
				"up": {"uv": [0, 5, 4, 7], "rotation": 90, "texture": "#0"},
				"down": {"uv": [2.5, 4, 6.5, 6], "rotation": 90, "texture": "#0"}
			}
		},
		{
			"from": [10.55461, -5.00048, 6.998],
			"to": [12.55861, -1.99648, 9.002],
			"rotation": {"angle": -22.5, "axis": "z", "origin": [12.05661, -2.99848, 8]},
			"faces": {
				"north": {"uv": [0, 6, 3, 8], "rotation": 270, "texture": "#0"},
				"east": {"uv": [0, 0, 3, 2], "rotation": 270, "texture": "#0"},
				"south": {"uv": [0.5, 4.5, 3.5, 6.5], "rotation": 270, "texture": "#0"},
				"west": {"uv": [2.5, 4, 5.5, 6], "rotation": 270, "texture": "#0"},
				"up": {"uv": [2.5, 4, 4.5, 6], "rotation": 270, "texture": "#0"},
				"down": {"uv": [2.5, 4, 4.5, 6], "rotation": 270, "texture": "#0"}
			}
		},
		{
			"from": [10.70461, -3.75048, 5.998],
			"to": [12.70861, -1.74648, 10.002],
			"rotation": {"angle": -22.5, "axis": "z", "origin": [12.20661, -1.74848, 7]},
			"faces": {
				"north": {"uv": [1.5, 4.5, 3.5, 6.5], "rotation": 270, "texture": "#0"},
				"east": {"uv": [0, 4, 2, 8], "rotation": 90, "texture": "#0"},
				"south": {"uv": [2.5, 4, 4.5, 6], "rotation": 270, "texture": "#0"},
				"west": {"uv": [2.5, 4, 4.5, 8], "rotation": 90, "texture": "#0"},
				"up": {"uv": [0.5, 4.5, 4.5, 6.5], "rotation": 90, "texture": "#0"},
				"down": {"uv": [2.5, 4, 6.5, 6], "rotation": 90, "texture": "#0"}
			}
		},
		{
			"from": [10.81998, -2.25272, 6.748],
			"to": [12.82398, 1.75128, 9.252],
			"rotation": {"angle": 22.5, "axis": "z", "origin": [12.82198, -1.15072, 8]},
			"faces": {
				"north": {"uv": [8.5, 4, 10.5, 8], "texture": "#0"},
				"east": {"uv": [1, 2.5, 5, 5], "rotation": 270, "texture": "#0"},
				"south": {"uv": [2.5, 4, 4.5, 8], "texture": "#0"},
				"west": {"uv": [2.5, 4, 5, 8], "texture": "#0"},
				"up": {"uv": [2.5, 4, 4.5, 6.5], "texture": "#0"},
				"down": {"uv": [8, 4.5, 10, 7], "texture": "#0"}
			}
		},
		{
			"from": [9.86182, 0.40822, 7.43385],
			"to": [11.66582, 3.41222, 9.93785],
			"rotation": {"angle": 22.5, "axis": "x", "origin": [11.06382, 2.31022, 7.98585]},
			"faces": {
				"north": {"uv": [2.5, 4, 4.3, 7], "texture": "#0"},
				"east": {"uv": [2.5, 4, 5, 7], "texture": "#0"},
				"south": {"uv": [1.5, 4, 4.5, 5.8], "rotation": 270, "texture": "#0"},
				"west": {"uv": [2.5, 4, 5, 7], "texture": "#0"},
				"up": {"uv": [2, 3, 3.8, 5.5], "texture": "#0"},
				"down": {"uv": [2.5, 4, 4.3, 6.5], "texture": "#0"}
			}
		},
		{
			"from": [10.96382, 2.57061, 8.00994],
			"to": [12.76382, 5.47061, 9.80994],
			"rotation": {"angle": -22.5, "axis": "z", "origin": [10.8693, 5.26876, 9.90429]},
			"faces": {
				"north": {"uv": [5, 4, 6.8, 6.9], "texture": "#0"},
				"east": {"uv": [5.5, 4, 7.3, 6.9], "texture": "#0"},
				"south": {"uv": [4.5, 3, 6.3, 5.9], "texture": "#0"},
				"west": {"uv": [5, 3.5, 6.8, 6.4], "texture": "#0"},
				"up": {"uv": [5, 3.5, 6.8, 5.3], "texture": "#0"},
				"down": {"uv": [5, 4, 6.8, 5.8], "texture": "#0"}
			}
		},
		{
			"from": [11.16382, 5.27061, 8.20994],
			"to": [12.56382, 5.87061, 9.60994],
			"rotation": {"angle": -22.5, "axis": "z", "origin": [10.8693, 5.26876, 9.90429]},
			"faces": {
				"north": {"uv": [0.5, 6, 2.3, 7.8], "texture": "#0"},
				"east": {"uv": [0.5, 6, 2.3, 7.8], "texture": "#0"},
				"south": {"uv": [0.5, 6, 2.3, 7.8], "texture": "#0"},
				"west": {"uv": [0.5, 6, 2.3, 7.8], "texture": "#0"},
				"up": {"uv": [0.5, 6, 2.3, 7.8], "texture": "#0"},
				"down": {"uv": [0.5, 6, 2.3, 7.8], "texture": "#0"}
			}
		},
		{
			"from": [11.46382, 5.57061, 8.50994],
			"to": [12.26382, 6.37061, 9.30994],
			"rotation": {"angle": -22.5, "axis": "z", "origin": [10.8693, 5.26876, 9.90429]},
			"faces": {
				"north": {"uv": [10.5, 6, 12.3, 7.8], "texture": "#0"},
				"east": {"uv": [10.5, 6, 12.3, 7.8], "texture": "#0"},
				"south": {"uv": [10.5, 6, 12.3, 7.8], "texture": "#0"},
				"west": {"uv": [10.5, 6, 12.3, 7.8], "texture": "#0"},
				"up": {"uv": [10.5, 6, 12.3, 7.8], "texture": "#0"},
				"down": {"uv": [10.5, 6, 12.3, 7.8], "texture": "#0"}
			}
		},
		{
			"from": [8.17937, -0.22134, 7.00994],
			"to": [9.97937, 2.77866, 8.80994],
			"rotation": {"angle": 22.5, "axis": "z", "origin": [9.08594, 1.27935, 7.90549]},
			"faces": {
				"north": {"uv": [7, 3.5, 8.8, 6.5], "rotation": 180, "texture": "#0"},
				"east": {"uv": [7.5, 4, 9.3, 7], "rotation": 180, "texture": "#0"},
				"south": {"uv": [2, 3.5, 3.8, 6.5], "texture": "#0"},
				"west": {"uv": [4, 4.5, 5.8, 7.5], "texture": "#0"},
				"up": {"uv": [0, 0, 1.8, 1.8], "texture": "#0"},
				"down": {"uv": [0, 0, 1.8, 1.8], "texture": "#0"}
			}
		},
		{
			"from": [7.84956, 2.22216, 7.20994],
			"to": [9.24956, 5.82216, 8.60994],
			"rotation": {"angle": 0, "axis": "z", "origin": [7.5506, 4.97152, 7.90893]},
			"faces": {
				"north": {"uv": [1.5, 3, 5.5, 4.8], "rotation": 270, "texture": "#0"},
				"east": {"uv": [1.5, 3, 5.5, 4.8], "rotation": 270, "texture": "#0"},
				"south": {"uv": [1.5, 3, 5.5, 4.8], "rotation": 270, "texture": "#0"},
				"west": {"uv": [1.5, 3, 5.5, 4.8], "rotation": 270, "texture": "#0"},
				"up": {"uv": [5, 3.5, 6.8, 5.3], "rotation": 270, "texture": "#0"},
				"down": {"uv": [1.5, 3, 3.3, 4.8], "rotation": 270, "texture": "#0"}
			}
		},
		{
			"from": [7.64956, -15.37784, 6.95994],
			"to": [9.44956, -8.57784, 8.75994],
			"rotation": {"angle": 0, "axis": "z", "origin": [7.5506, 4.97152, 7.75893]},
			"faces": {
				"north": {"uv": [0, 12, 7, 14], "rotation": 90, "texture": "#0"},
				"east": {"uv": [0, 12, 7, 14], "rotation": 90, "texture": "#0"},
				"south": {"uv": [0, 12, 7, 14], "rotation": 90, "texture": "#0"},
				"west": {"uv": [0, 12, 7, 14], "rotation": 90, "texture": "#0"},
				"up": {"uv": [0, 12, 7, 14], "rotation": 90, "texture": "#0"},
				"down": {"uv": [14, 12, 16, 14], "rotation": 90, "texture": "#0"}
			}
		},
		{
			"from": [7.29956, -15.72784, 6.85994],
			"to": [9.79956, -14.72784, 8.85994],
			"rotation": {"angle": 0, "axis": "z", "origin": [9.67641, -8.00587, 7.83804]},
			"faces": {
				"north": {"uv": [0, 12, 1, 14.5], "rotation": 90, "texture": "#0"},
				"east": {"uv": [0, 12, 1, 14.5], "rotation": 90, "texture": "#0"},
				"south": {"uv": [0, 12, 1, 14.5], "rotation": 90, "texture": "#0"},
				"west": {"uv": [0, 12, 1, 14.5], "rotation": 90, "texture": "#0"},
				"up": {"uv": [0, 12, 1, 14.5], "rotation": 90, "texture": "#0"},
				"down": {"uv": [0, 12, 1, 14.5], "rotation": 90, "texture": "#0"}
			}
		},
		{
			"from": [7.18506, -8.82258, 6.83307],
			"to": [9.88506, -7.62258, 9.03307],
			"rotation": {"angle": 0, "axis": "z", "origin": [7.40822, -8.00061, 7.81116]},
			"faces": {
				"north": {"uv": [0, 14.5, 1, 12], "rotation": 90, "texture": "#0"},
				"east": {"uv": [0, 14.5, 1, 12], "rotation": 90, "texture": "#0"},
				"south": {"uv": [0, 14.5, 1, 12], "rotation": 90, "texture": "#0"},
				"west": {"uv": [0, 14.5, 1, 12], "rotation": 90, "texture": "#0"},
				"up": {"uv": [0, 14.5, 1, 12], "rotation": 90, "texture": "#0"},
				"down": {"uv": [0, 14.5, 1, 12], "rotation": 90, "texture": "#0"}
			}
		},
		{
			"from": [7.94956, 5.82216, 7.30994],
			"to": [9.14956, 9.22216, 8.50994],
			"rotation": {"angle": 0, "axis": "z", "origin": [8.54675, 7.52328, 7.91165]},
			"faces": {
				"north": {"uv": [4, 0.5, 5.8, 4.5], "texture": "#0"},
				"east": {"uv": [4, 0.5, 5.8, 4.5], "texture": "#0"},
				"south": {"uv": [4, 0.5, 5.8, 4.5], "texture": "#0"},
				"west": {"uv": [4, 0.5, 5.8, 4.5], "texture": "#0"},
				"up": {"uv": [1, 3, 2.8, 4.8], "texture": "#0"},
				"down": {"uv": [4, 0.5, 5.8, 2.3], "texture": "#0"}
			}
		},
		{
			"from": [7.14956, 9.07216, 7.35994],
			"to": [7.74956, 12.47216, 8.45994],
			"rotation": {"angle": 22.5, "axis": "z", "origin": [8.53977, 11.52326, 7.91864]},
			"faces": {
				"north": {"uv": [2, 2.5, 3.2, 6.5], "texture": "#0"},
				"east": {"uv": [2, 2.5, 3.7, 6.5], "texture": "#0"},
				"south": {"uv": [2, 2.5, 3.2, 6.5], "texture": "#0"},
				"west": {"uv": [2, 2.5, 3.7, 6.5], "texture": "#0"},
				"up": {"uv": [2, 2.5, 3.2, 4.2], "texture": "#0"},
				"down": {"uv": [2, 2.5, 3.2, 4.2], "texture": "#0"}
			}
		},
		{
			"from": [6.95272, 11.78122, 7.37994],
			"to": [7.51272, 13.84122, 8.43994],
			"rotation": {"angle": 0, "axis": "z", "origin": [7.04354, 12.25838, 7.92254]},
			"faces": {
				"north": {"uv": [2, 2.5, 3.2, 5.2], "rotation": 180, "texture": "#0"},
				"east": {"uv": [2, 2.5, 3.7, 5.2], "rotation": 180, "texture": "#0"},
				"south": {"uv": [2, 2.5, 3.2, 5.2], "rotation": 180, "texture": "#0"},
				"west": {"uv": [2, 2.5, 3.7, 5.2], "rotation": 180, "texture": "#0"},
				"up": {"uv": [2, 2.5, 3.2, 4.2], "rotation": 180, "texture": "#0"},
				"down": {"uv": [2, 2.5, 3.2, 4.2], "rotation": 180, "texture": "#0"}
			}
		},
		{
			"from": [8.00272, 13.73122, 7.42994],
			"to": [8.46272, 15.99122, 8.38994],
			"rotation": {"angle": -22.5, "axis": "z", "origin": [7.21518, 15.96, 7.9287]},
			"faces": {
				"north": {"uv": [2, 2.5, 3.2, 5.5], "rotation": 180, "texture": "#0"},
				"east": {"uv": [2, 2.5, 3.7, 5.5], "rotation": 180, "texture": "#0"},
				"south": {"uv": [2, 2.5, 3.2, 5.5], "rotation": 180, "texture": "#0"},
				"west": {"uv": [2, 2.5, 3.7, 5.5], "rotation": 180, "texture": "#0"},
				"up": {"uv": [2, 2.5, 3.2, 4.2], "rotation": 180, "texture": "#0"},
				"down": {"uv": [2, 2.5, 3.2, 4.2], "rotation": 180, "texture": "#0"}
			}
		},
		{
			"from": [7.98131, 15.47216, 7.48761],
			"to": [8.32131, 17.61216, 8.32761],
			"rotation": {"angle": 0, "axis": "z", "origin": [8.13266, 16.53407, 7.92827]},
			"faces": {
				"north": {"uv": [2, 2.5, 3.2, 5.5], "rotation": 180, "texture": "#0"},
				"east": {"uv": [2, 2.5, 3.7, 5.5], "rotation": 180, "texture": "#0"},
				"south": {"uv": [2, 2.5, 3.2, 5.5], "rotation": 180, "texture": "#0"},
				"west": {"uv": [2, 2.5, 3.7, 5.5], "rotation": 180, "texture": "#0"},
				"up": {"uv": [2, 2.5, 3.2, 4.2], "rotation": 180, "texture": "#0"},
				"down": {"uv": [2, 2.5, 3.2, 4.2], "rotation": 180, "texture": "#0"}
			}
		},
		{
			"from": [7.70131, 17.44216, 7.55761],
			"to": [7.90131, 18.44216, 8.25761],
			"rotation": {"angle": 22.5, "axis": "z", "origin": [7.77926, 18.44255, 7.92927]},
			"faces": {
				"north": {"uv": [2, 2.5, 3.2, 4.5], "rotation": 180, "texture": "#0"},
				"east": {"uv": [2, 2.5, 3.7, 4.5], "rotation": 180, "texture": "#0"},
				"south": {"uv": [2, 2.5, 3.2, 4.5], "rotation": 180, "texture": "#0"},
				"west": {"uv": [2, 2.5, 3.7, 4.5], "rotation": 180, "texture": "#0"},
				"up": {"uv": [2, 2.5, 3.2, 4.2], "rotation": 180, "texture": "#0"},
				"down": {"uv": [2, 2.5, 3.2, 4.2], "rotation": 180, "texture": "#0"}
			}
		},
		{
			"from": [7.72754, 18.43212, 7.5777],
			"to": [7.88754, 19.39212, 8.2377],
			"rotation": {"angle": 0, "axis": "z", "origin": [7.82859, 18.90328, 7.93043]},
			"faces": {
				"north": {"uv": [2, 2.5, 3.2, 4.5], "texture": "#0"},
				"east": {"uv": [2, 2.5, 3.7, 4.5], "texture": "#0"},
				"south": {"uv": [2, 2.5, 3.2, 4.5], "texture": "#0"},
				"west": {"uv": [2, 2.5, 3.7, 4.5], "texture": "#0"},
				"up": {"uv": [2, 2.5, 3.2, 4.2], "texture": "#0"},
				"down": {"uv": [2, 2.5, 3.2, 4.2], "texture": "#0"}
			}
		},
		{
			"from": [6.6335, 13.16121, 7.45994],
			"to": [7.0335, 15.36121, 8.35994],
			"rotation": {"angle": 22.5, "axis": "z", "origin": [7.71969, 13.85513, 7.92536]},
			"faces": {
				"north": {"uv": [2, 2.5, 3.2, 5.5], "rotation": 180, "texture": "#0"},
				"east": {"uv": [2, 2.5, 3.7, 5.5], "rotation": 180, "texture": "#0"},
				"south": {"uv": [2, 2.5, 3.2, 5.5], "rotation": 180, "texture": "#0"},
				"west": {"uv": [2, 2.5, 3.7, 5.5], "rotation": 180, "texture": "#0"},
				"up": {"uv": [2, 2.5, 3.2, 4.2], "rotation": 180, "texture": "#0"},
				"down": {"uv": [2, 2.5, 3.2, 4.2], "rotation": 180, "texture": "#0"}
			}
		},
		{
			"from": [6.5579, 14.64452, 7.50994],
			"to": [6.8579, 15.74452, 8.30994],
			"rotation": {"angle": -22.5, "axis": "z", "origin": [6.7264, 15.6891, 7.93117]},
			"faces": {
				"north": {"uv": [2, 2.5, 3.2, 4.5], "texture": "#0"},
				"east": {"uv": [2, 2.5, 3.7, 4.5], "texture": "#0"},
				"south": {"uv": [2, 2.5, 3.2, 4.5], "texture": "#0"},
				"west": {"uv": [2, 2.5, 3.7, 4.5], "texture": "#0"},
				"up": {"uv": [2, 2.5, 3.2, 4.2], "texture": "#0"},
				"down": {"uv": [2, 2.5, 3.2, 4.2], "texture": "#0"}
			}
		},
		{
			"from": [6.38773, 15.51596, 7.52994],
			"to": [6.64773, 16.57596, 8.28994],
			"rotation": {"angle": 22.5, "axis": "z", "origin": [6.50202, 16.03679, 7.93042]},
			"faces": {
				"north": {"uv": [2, 2.5, 3.2, 4.5], "texture": "#0"},
				"east": {"uv": [2, 2.5, 3.7, 4.5], "texture": "#0"},
				"south": {"uv": [2, 2.5, 3.2, 4.5], "texture": "#0"},
				"west": {"uv": [2, 2.5, 3.7, 4.5], "texture": "#0"},
				"up": {"uv": [2, 2.5, 3.2, 4.2], "texture": "#0"},
				"down": {"uv": [2, 2.5, 3.2, 4.2], "texture": "#0"}
			}
		},
		{
			"from": [9.5048, 7.91481, 7.35994],
			"to": [10.1048, 11.31481, 8.45994],
			"rotation": {"angle": -22.5, "axis": "z", "origin": [7.81213, 10.41196, 7.91797]},
			"faces": {
				"north": {"uv": [1.5, 3, 2.7, 7], "rotation": 180, "texture": "#0"},
				"east": {"uv": [1.5, 3, 2.7, 7], "rotation": 180, "texture": "#0"},
				"south": {"uv": [1.5, 3, 2.7, 7], "rotation": 180, "texture": "#0"},
				"west": {"uv": [1.5, 3, 2.7, 7], "rotation": 180, "texture": "#0"},
				"up": {"uv": [1.5, 3, 2.7, 7], "rotation": 180, "texture": "#0"},
				"down": {"uv": [1.5, 3, 2.7, 7], "rotation": 180, "texture": "#0"}
			}
		},
		{
			"from": [9.74707, 10.23877, 7.40994],
			"to": [10.24707, 11.53877, 8.40994],
			"rotation": {"angle": 0, "axis": "z", "origin": [10.48603, 11.68907, 7.91553]},
			"faces": {
				"north": {"uv": [2, 2.5, 3.2, 4.5], "rotation": 180, "texture": "#0"},
				"east": {"uv": [2, 2.5, 3.7, 4.5], "rotation": 180, "texture": "#0"},
				"south": {"uv": [2, 2.5, 3.2, 4.5], "rotation": 180, "texture": "#0"},
				"west": {"uv": [2, 2.5, 3.7, 4.5], "rotation": 180, "texture": "#0"},
				"up": {"uv": [2, 2.5, 3.2, 4.2], "rotation": 180, "texture": "#0"},
				"down": {"uv": [2, 2.5, 3.2, 4.2], "rotation": 180, "texture": "#0"}
			}
		},
		{
			"from": [9.41707, 11.30877, 7.47994],
			"to": [9.77707, 13.46877, 8.33994],
			"rotation": {"angle": 22.5, "axis": "z", "origin": [9.5875, 12.3924, 7.91589]},
			"faces": {
				"north": {"uv": [2, 2.5, 3.2, 5.5], "rotation": 180, "texture": "#0"},
				"east": {"uv": [2, 2.5, 3.7, 5.5], "rotation": 180, "texture": "#0"},
				"south": {"uv": [2, 2.5, 3.2, 5.5], "rotation": 180, "texture": "#0"},
				"west": {"uv": [2, 2.5, 3.7, 5.5], "rotation": 180, "texture": "#0"},
				"up": {"uv": [2, 2.5, 3.2, 4.2], "rotation": 180, "texture": "#0"},
				"down": {"uv": [2, 2.5, 3.2, 4.2], "rotation": 180, "texture": "#0"}
			}
		},
		{
			"from": [9.82036, 12.354, 7.50994],
			"to": [10.12036, 14.454, 8.30994],
			"rotation": {"angle": -22.5, "axis": "z", "origin": [9.98292, 13.39563, 7.92183]},
			"faces": {
				"north": {"uv": [2, 2.5, 3.2, 5.5], "texture": "#0"},
				"east": {"uv": [2, 2.5, 3.7, 5.5], "texture": "#0"},
				"south": {"uv": [2, 2.5, 3.2, 5.5], "texture": "#0"},
				"west": {"uv": [2, 2.5, 3.7, 5.5], "texture": "#0"},
				"up": {"uv": [2, 2.5, 3.2, 4.2], "texture": "#0"},
				"down": {"uv": [2, 2.5, 3.2, 4.2], "texture": "#0"}
			}
		},
		{
			"from": [8.87964, 9.354, 7.50994],
			"to": [9.17964, 11.454, 8.30994],
			"rotation": {"angle": 22.5, "axis": "z", "origin": [9.01708, 10.39563, 7.92183]},
			"faces": {
				"north": {"uv": [2.6, 2.5, 3.8, 5.5], "texture": "#0"},
				"east": {"uv": [2.6, 2.5, 4.3, 5.5], "texture": "#0"},
				"south": {"uv": [2.6, 2.5, 3.8, 5.5], "texture": "#0"},
				"west": {"uv": [2.6, 2.5, 4.3, 5.5], "texture": "#0"},
				"up": {"uv": [2.6, 2.5, 3.8, 4.2], "texture": "#0"},
				"down": {"uv": [2.6, 2.5, 3.8, 4.2], "texture": "#0"}
			}
		},
		{
			"from": [9.87449, 14.11546, 7.55994],
			"to": [10.07449, 15.11546, 8.25994],
			"rotation": {"angle": 22.5, "axis": "z", "origin": [9.95619, 15.11175, 7.9247]},
			"faces": {
				"north": {"uv": [2, 2.5, 3.2, 4.5], "texture": "#0"},
				"east": {"uv": [2, 2.5, 3.7, 4.5], "texture": "#0"},
				"south": {"uv": [2, 2.5, 3.2, 4.5], "texture": "#0"},
				"west": {"uv": [2, 2.5, 3.7, 4.5], "texture": "#0"},
				"up": {"uv": [2, 2.5, 3.2, 4.2], "texture": "#0"},
				"down": {"uv": [2, 2.5, 3.2, 4.2], "texture": "#0"}
			}
		},
		{
			"from": [8.53683, 11.2642, 7.55994],
			"to": [8.73683, 12.2642, 8.25994],
			"rotation": {"angle": 0, "axis": "z", "origin": [8.62694, 11.76184, 7.91838]},
			"faces": {
				"north": {"uv": [2.6, 2.5, 3.8, 4.5], "texture": "#0"},
				"east": {"uv": [2.6, 2.5, 4.3, 4.5], "texture": "#0"},
				"south": {"uv": [2.6, 2.5, 3.8, 4.5], "texture": "#0"},
				"west": {"uv": [2.6, 2.5, 4.3, 4.5], "texture": "#0"},
				"up": {"uv": [2.6, 2.5, 3.8, 4.2], "texture": "#0"},
				"down": {"uv": [2.6, 2.5, 3.8, 4.2], "texture": "#0"}
			}
		},
		{
			"from": [9.23512, 13.17361, 7.55994],
			"to": [9.43512, 14.17361, 8.25994],
			"rotation": {"angle": -22.5, "axis": "z", "origin": [9.34774, 13.66415, 7.92132]},
			"faces": {
				"north": {"uv": [2, 2.5, 3.2, 4.5], "rotation": 180, "texture": "#0"},
				"east": {"uv": [2, 2.5, 3.7, 4.5], "rotation": 180, "texture": "#0"},
				"south": {"uv": [2, 2.5, 3.2, 4.5], "rotation": 180, "texture": "#0"},
				"west": {"uv": [2, 2.5, 3.7, 4.5], "rotation": 180, "texture": "#0"},
				"up": {"uv": [2, 2.5, 3.2, 4.2], "rotation": 180, "texture": "#0"},
				"down": {"uv": [2, 2.5, 3.2, 4.2], "rotation": 180, "texture": "#0"}
			}
		},
		{
			"from": [5.98236, -1.22037, 6.45994],
			"to": [7.98236, 1.77963, 8.45994],
			"rotation": {"angle": 45, "axis": "z", "origin": [6.98988, 0.77506, 7.45259]},
			"faces": {
				"north": {"uv": [3, 1, 5, 4], "rotation": 180, "texture": "#0"},
				"east": {"uv": [8.5, 2.5, 10.5, 5.5], "rotation": 180, "texture": "#0"},
				"south": {"uv": [6, 5, 9, 7], "rotation": 90, "texture": "#0"},
				"west": {"uv": [9, 2.5, 11, 5.5], "rotation": 180, "texture": "#0"},
				"up": {"uv": [1.5, 4, 3.5, 6], "rotation": 180, "texture": "#0"},
				"down": {"uv": [8.5, 2.5, 10.5, 4.5], "rotation": 180, "texture": "#0"}
			}
		},
		{
			"from": [4.03325, 0.81072, 6.55994],
			"to": [6.83325, 2.61072, 8.35994],
			"rotation": {"angle": -22.5, "axis": "z", "origin": [5.44456, 1.7131, 7.45657]},
			"faces": {
				"north": {"uv": [4.5, 1.5, 7.5, 3.5], "rotation": 180, "texture": "#0"},
				"east": {"uv": [8.5, 2.5, 10.5, 4.5], "rotation": 90, "texture": "#0"},
				"south": {"uv": [8.5, 2.5, 10.5, 5.5], "rotation": 90, "texture": "#0"},
				"west": {"uv": [1, 3.5, 3, 5.5], "rotation": 90, "texture": "#0"},
				"up": {"uv": [4.5, 2.5, 6.5, 5.5], "rotation": 90, "texture": "#0"},
				"down": {"uv": [0, 2, 2, 5], "rotation": 90, "texture": "#0"}
			}
		},
		{
			"from": [3.1757, 1.93981, 6.95994],
			"to": [4.1757, 2.93981, 7.95994],
			"rotation": {"angle": 0, "axis": "z", "origin": [3.68311, 2.43573, 7.46126]},
			"faces": {
				"north": {"uv": [0, 7, 1, 8], "rotation": 270, "texture": "#0"},
				"east": {"uv": [0, 7, 1, 8], "rotation": 270, "texture": "#0"},
				"south": {"uv": [0, 7, 1, 8], "rotation": 270, "texture": "#0"},
				"west": {"uv": [0, 7, 1, 8], "rotation": 270, "texture": "#0"},
				"up": {"uv": [0, 7, 1, 8], "rotation": 270, "texture": "#0"},
				"down": {"uv": [0, 7, 1, 8], "rotation": 270, "texture": "#0"}
			}
		},
		{
			"from": [3.58325, 1.01072, 6.75994],
			"to": [4.98325, 2.41072, 8.15994],
			"rotation": {"angle": -22.5, "axis": "z", "origin": [5.44456, 1.7131, 7.45657]},
			"faces": {
				"north": {"uv": [0, 7, 1, 8], "rotation": 270, "texture": "#0"},
				"east": {"uv": [0, 7, 1, 8], "rotation": 270, "texture": "#0"},
				"south": {"uv": [0, 7, 1, 8], "rotation": 270, "texture": "#0"},
				"west": {"uv": [0, 7, 1, 8], "rotation": 270, "texture": "#0"},
				"up": {"uv": [0, 7, 1, 8], "rotation": 270, "texture": "#0"},
				"down": {"uv": [0, 7, 1, 8], "rotation": 270, "texture": "#0"}
			}
		},
		{
			"from": [6.05519, 0.25375, 7.64961],
			"to": [11.05519, 27.25375, 8.14961],
			"rotation": {"angle": 0, "axis": "z", "origin": [2.15988, 0.23694, 7.90255]},
			"faces": {
				"north": {"uv": [0, 11.5, 16, 14.5], "rotation": 270, "texture": "#0"},
				"east": {"uv": [0, 13.5, 16, 14], "rotation": 270, "texture": "#0"},
				"south": {"uv": [0, 11.5, 16, 14.5], "rotation": 270, "texture": "#0"},
				"west": {"uv": [0, 11.5, 16, 12], "rotation": 270, "texture": "#0"},
				"up": {"uv": [0, 11.5, 16, 15], "rotation": 270, "texture": "#0"},
				"down": {"uv": [0, 11.5, 16, 15], "rotation": 270, "texture": "#0"}
			}
		},
		{
			"from": [7.15519, 0.25375, 7.54961],
			"to": [7.65519, 27.25375, 8.24961],
			"rotation": {"angle": 0, "axis": "z", "origin": [2.25988, 0.23694, 7.90255]},
			"faces": {
				"north": {"uv": [0, 10.5, 16, 11], "rotation": 270, "texture": "#0"},
				"east": {"uv": [0, 10.5, 16, 11], "rotation": 270, "texture": "#0"},
				"south": {"uv": [0, 10.5, 16, 11], "rotation": 270, "texture": "#0"},
				"west": {"uv": [0, 10.5, 16, 11], "rotation": 270, "texture": "#0"},
				"up": {"uv": [0, 10.5, 16, 11], "rotation": 270, "texture": "#0"},
				"down": {"uv": [0, 10.5, 16, 11], "rotation": 270, "texture": "#0"}
			}
		},
		{
			"from": [7.52132, 27.09622, 7.5487],
			"to": [8.02132, 30.09622, 8.2487],
			"rotation": {"angle": -22.5, "axis": "z", "origin": [7.73597, 28.09494, 7.93532]},
			"faces": {
				"north": {"uv": [13, 10.5, 16, 11], "rotation": 270, "texture": "#0"},
				"east": {"uv": [13, 10.5, 16, 11.2], "rotation": 270, "texture": "#0"},
				"south": {"uv": [13, 10.5, 16, 11], "rotation": 270, "texture": "#0"},
				"west": {"uv": [13, 10.5, 16, 11.2], "rotation": 270, "texture": "#0"},
				"up": {"uv": [15, 10.5, 15.7, 11], "rotation": 270, "texture": "#0"},
				"down": {"uv": [15, 10.5, 15.7, 11], "rotation": 270, "texture": "#0"}
			}
		},
		{
			"from": [8.29379, 29.92607, 7.54701],
			"to": [8.65379, 30.28607, 8.24701],
			"rotation": {"angle": 45, "axis": "z", "origin": [8.60766, 30.16223, 7.93466]},
			"faces": {
				"north": {"uv": [15, 10.5, 15.36, 10.86], "rotation": 270, "texture": "#0"},
				"east": {"uv": [15, 10.5, 15.36, 11.2], "rotation": 270, "texture": "#0"},
				"south": {"uv": [15, 10.5, 15.36, 10.86], "rotation": 270, "texture": "#0"},
				"west": {"uv": [15, 10.5, 15.36, 11.2], "rotation": 270, "texture": "#0"},
				"up": {"uv": [15, 10.5, 15.7, 10.86], "rotation": 270, "texture": "#0"},
				"down": {"uv": [15, 10.5, 15.7, 10.86], "rotation": 270, "texture": "#0"}
			}
		},
		{
			"from": [8.90811, 27.03477, 7.54713],
			"to": [9.40811, 30.03477, 8.24713],
			"rotation": {"angle": 22.5, "axis": "z", "origin": [9.12509, 28.52077, 7.93329]},
			"faces": {
				"north": {"uv": [13, 10.5, 16, 11], "rotation": 270, "texture": "#0"},
				"east": {"uv": [13, 10.5, 16, 11.2], "rotation": 270, "texture": "#0"},
				"south": {"uv": [13, 10.5, 16, 11], "rotation": 270, "texture": "#0"},
				"west": {"uv": [13, 10.5, 16, 11.2], "rotation": 270, "texture": "#0"},
				"up": {"uv": [15, 10.5, 15.7, 11], "rotation": 270, "texture": "#0"},
				"down": {"uv": [15, 10.5, 15.7, 11], "rotation": 270, "texture": "#0"}
			}
		},
		{
			"from": [9.45519, 0.25375, 7.54961],
			"to": [9.95519, 27.25375, 8.24961],
			"rotation": {"angle": 0, "axis": "z", "origin": [2.05988, 0.23694, 7.90255]},
			"faces": {
				"north": {"uv": [0, 10.5, 16, 11], "rotation": 270, "texture": "#0"},
				"east": {"uv": [0, 10.5, 16, 11], "rotation": 270, "texture": "#0"},
				"south": {"uv": [0, 10.5, 16, 11], "rotation": 270, "texture": "#0"},
				"west": {"uv": [0, 10.5, 16, 11], "rotation": 270, "texture": "#0"},
				"up": {"uv": [0, 10.5, 16, 11], "rotation": 270, "texture": "#0"},
				"down": {"uv": [0, 10.5, 16, 11], "rotation": 270, "texture": "#0"}
			}
		},
		{
			"from": [7.91441, 26.51304, 7.65735],
			"to": [10.40841, 30.50704, 8.15135],
			"rotation": {"angle": 22.5, "axis": "z", "origin": [8.87432, 28.50833, 7.94315]},
			"faces": {
				"north": {"uv": [11, 12, 15, 14.5], "rotation": 90, "texture": "#0"},
				"east": {"uv": [11, 12, 15, 12.5], "rotation": 90, "texture": "#0"},
				"south": {"uv": [11, 12, 15, 14.5], "rotation": 90, "texture": "#0"},
				"west": {"uv": [11, 12, 15, 12.5], "rotation": 90, "texture": "#0"},
				"up": {"uv": [11, 12, 11.5, 14.5], "rotation": 90, "texture": "#0"},
				"down": {"uv": [11, 12, 11.5, 14.5], "rotation": 90, "texture": "#0"}
			}
		},
		{
			"from": [6.70165, 26.51761, 7.65543],
			"to": [9.19565, 30.51161, 8.14943],
			"rotation": {"angle": -22.5, "axis": "z", "origin": [8.22762, 28.49998, 7.93238]},
			"faces": {
				"north": {"uv": [12.5, 11.5, 15, 15.5], "rotation": 180, "texture": "#0"},
				"east": {"uv": [12.5, 11.5, 13, 15.5], "rotation": 180, "texture": "#0"},
				"south": {"uv": [12.5, 11.5, 15, 15.5], "rotation": 180, "texture": "#0"},
				"west": {"uv": [12.5, 11.5, 13, 15.5], "rotation": 180, "texture": "#0"},
				"up": {"uv": [12.5, 11.5, 15, 12], "rotation": 180, "texture": "#0"},
				"down": {"uv": [12.5, 11.5, 15, 12], "rotation": 180, "texture": "#0"}
			}
		},
		{
			"from": [7.08182, 30.56949, 7.65536],
			"to": [8.45582, 31.94349, 8.14936],
			"rotation": {"angle": 45, "axis": "z", "origin": [8.54306, 32.05359, 7.93858]},
			"faces": {
				"north": {"uv": [13, 13, 14.38, 14.38], "rotation": 180, "texture": "#0"},
				"east": {"uv": [13, 13, 13.5, 14.38], "rotation": 180, "texture": "#0"},
				"south": {"uv": [13, 13, 14.38, 14.38], "rotation": 180, "texture": "#0"},
				"west": {"uv": [13, 13, 13.5, 14.38], "rotation": 180, "texture": "#0"},
				"up": {"uv": [13, 13, 14.38, 13.5], "rotation": 180, "texture": "#0"},
				"down": {"uv": [13, 13, 14.38, 13.5], "rotation": 180, "texture": "#0"}
			}
		},
		{
			"from": [7.29116, -7.28523, 6.90605],
			"to": [9.79116, -6.28523, 8.90605],
			"rotation": {"angle": 22.5, "axis": "z", "origin": [12.18452, -1.73535, 7.87354]},
			"faces": {
				"north": {"uv": [2.5, 14, 0, 15], "rotation": 180, "texture": "#0"},
				"east": {"uv": [2.5, 14, 0, 16], "rotation": 180, "texture": "#0"},
				"south": {"uv": [2.5, 14, 0, 15], "rotation": 180, "texture": "#0"},
				"west": {"uv": [2.5, 14, 0, 16], "rotation": 180, "texture": "#0"},
				"up": {"uv": [2.5, 14, 0, 16], "rotation": 180, "texture": "#0"},
				"down": {"uv": [2.5, 14, 0, 16], "rotation": 180, "texture": "#0"}
			}
		},
		{
			"from": [15.39386, -6.06864, 6.90559],
			"to": [16.39386, -3.56864, 8.90559],
			"rotation": {"angle": -45, "axis": "z", "origin": [12.18452, -1.73535, 7.87354]},
			"faces": {
				"north": {"uv": [1, 12, 0, 14.5], "rotation": 180, "texture": "#0"},
				"east": {"uv": [2, 12, 0, 14.5], "rotation": 180, "texture": "#0"},
				"south": {"uv": [1, 12, 0, 14.5], "rotation": 180, "texture": "#0"},
				"west": {"uv": [2, 12, 0, 14.5], "rotation": 180, "texture": "#0"},
				"up": {"uv": [1, 12, 0, 14.5], "rotation": 180, "texture": "#0"},
				"down": {"uv": [1, 12, 0, 14.5], "rotation": 180, "texture": "#0"}
			}
		},
		{
			"from": [14.36961, -5.04544, 6.89718],
			"to": [15.36961, -2.54544, 8.89718],
			"rotation": {"angle": -22.5, "axis": "z", "origin": [12.18452, -1.73535, 7.87354]},
			"faces": {
				"north": {"uv": [1.5, 13.5, 0.5, 16], "rotation": 180, "texture": "#0"},
				"east": {"uv": [2.5, 13.5, 0.5, 16], "rotation": 180, "texture": "#0"},
				"south": {"uv": [1.5, 12, 0.5, 14.5], "rotation": 180, "texture": "#0"},
				"west": {"uv": [2.5, 13.5, 0.5, 16], "rotation": 180, "texture": "#0"},
				"up": {"uv": [1.5, 13.5, 0.5, 16], "rotation": 180, "texture": "#0"},
				"down": {"uv": [1.5, 13.5, 0.5, 16], "rotation": 180, "texture": "#0"}
			}
		},
		{
			"from": [13.81496, -3.70093, 6.89673],
			"to": [14.81496, -1.20093, 8.89673],
			"rotation": {"angle": 0, "axis": "z", "origin": [12.18452, -1.73535, 7.87354]},
			"faces": {
				"north": {"uv": [2.5, 11.5, 1.5, 14], "rotation": 180, "texture": "#0"},
				"east": {"uv": [3.5, 12, 1.5, 14.5], "rotation": 180, "texture": "#0"},
				"south": {"uv": [2, 13, 3, 15.5], "texture": "#0"},
				"west": {"uv": [3.5, 12, 1.5, 14.5], "rotation": 180, "texture": "#0"},
				"up": {"uv": [3.5, 12, 1.5, 14.5], "rotation": 180, "texture": "#0"},
				"down": {"uv": [3.5, 12, 1.5, 14.5], "rotation": 180, "texture": "#0"}
			}
		},
		{
			"from": [13.83191, -2.25082, 6.88649],
			"to": [14.83191, 0.24918, 8.88649],
			"rotation": {"angle": 22.5, "axis": "z", "origin": [12.18452, -1.73535, 7.87354]},
			"faces": {
				"north": {"uv": [4, 12, 3, 14.5], "rotation": 180, "texture": "#0"},
				"east": {"uv": [4.5, 12, 2.5, 14.5], "rotation": 180, "texture": "#0"},
				"south": {"uv": [4, 12, 3, 14.5], "rotation": 180, "texture": "#0"},
				"west": {"uv": [4, 12, 2, 14.5], "rotation": 180, "texture": "#0"},
				"up": {"uv": [4, 12, 3, 14.5], "rotation": 180, "texture": "#0"},
				"down": {"uv": [4, 12, 3, 14.5], "rotation": 180, "texture": "#0"}
			}
		},
		{
			"from": [10.64018, 0.61693, 6.88837],
			"to": [13.14018, 1.61693, 8.88837],
			"rotation": {"angle": -45, "axis": "z", "origin": [12.89281, 0.48094, 7.86099]},
			"faces": {
				"north": {"uv": [4.5, 12, 5.5, 14.5], "rotation": 270, "texture": "#0"},
				"east": {"uv": [4.5, 12, 5.5, 14.5], "rotation": 270, "texture": "#0"},
				"south": {"uv": [4.5, 12, 5.5, 14.5], "rotation": 270, "texture": "#0"},
				"west": {"uv": [4.5, 12, 5.5, 14.5], "rotation": 270, "texture": "#0"},
				"up": {"uv": [4.5, 12, 6.5, 14.5], "rotation": 270, "texture": "#0"},
				"down": {"uv": [4.5, 12, 5.5, 14.5], "rotation": 270, "texture": "#0"}
			}
		},
		{
			"from": [8.74562, 1.39518, 6.88883],
			"to": [11.24562, 2.39518, 8.88883],
			"rotation": {"angle": -22.5, "axis": "z", "origin": [12.89281, 0.48094, 7.86099]},
			"faces": {
				"north": {"uv": [6, 13, 7, 15.5], "rotation": 270, "texture": "#0"},
				"east": {"uv": [6, 13, 7, 15.5], "rotation": 270, "texture": "#0"},
				"south": {"uv": [6, 13, 7, 15.5], "rotation": 270, "texture": "#0"},
				"west": {"uv": [6, 13, 7, 15.5], "rotation": 270, "texture": "#0"},
				"up": {"uv": [6, 13, 8, 15.5], "rotation": 270, "texture": "#0"},
				"down": {"uv": [6, 13, 7, 15.5], "rotation": 270, "texture": "#0"}
			}
		},
		{
			"from": [7.29142, 2.82373, 6.90404],
			"to": [9.79142, 3.82373, 8.90404],
			"rotation": {"angle": 0, "axis": "z", "origin": [4.90011, -1.74061, 7.90041]},
			"faces": {
				"north": {"uv": [7, 13.5, 8, 16], "rotation": 270, "texture": "#0"},
				"east": {"uv": [7.5, 13.5, 8.5, 16], "rotation": 270, "texture": "#0"},
				"south": {"uv": [7, 13.5, 8, 16], "rotation": 270, "texture": "#0"},
				"west": {"uv": [7.5, 13.5, 8.5, 16], "rotation": 270, "texture": "#0"},
				"up": {"uv": [7.5, 13.5, 8.5, 16], "rotation": 270, "texture": "#0"},
				"down": {"uv": [7.5, 13.5, 8.5, 16], "rotation": 270, "texture": "#0"}
			}
		},
		{
			"from": [6.73802, 1.48774, 6.90449],
			"to": [9.23802, 2.48774, 8.90449],
			"rotation": {"angle": 22.5, "axis": "z", "origin": [4.90011, -1.74061, 7.90041]},
			"faces": {
				"north": {"uv": [6, 11.5, 7, 14], "rotation": 270, "texture": "#0"},
				"east": {"uv": [6, 11.5, 7, 14], "rotation": 270, "texture": "#0"},
				"south": {"uv": [6, 11.5, 7, 14], "rotation": 270, "texture": "#0"},
				"west": {"uv": [6, 11.5, 7, 14], "rotation": 270, "texture": "#0"},
				"up": {"uv": [4.5, 12, 6.5, 14.5], "rotation": 270, "texture": "#0"},
				"down": {"uv": [6, 11.5, 7, 14], "rotation": 270, "texture": "#0"}
			}
		},
		{
			"from": [5.72218, 0.46252, 6.91291],
			"to": [8.22218, 1.46252, 8.91291],
			"rotation": {"angle": 45, "axis": "z", "origin": [4.90011, -1.74061, 7.90041]},
			"faces": {
				"north": {"uv": [4.5, 12.5, 5.5, 15], "rotation": 270, "texture": "#0"},
				"east": {"uv": [4.5, 13, 5.5, 15.5], "rotation": 270, "texture": "#0"},
				"south": {"uv": [4.5, 12, 5.5, 14.5], "rotation": 270, "texture": "#0"},
				"west": {"uv": [4.5, 13, 5.5, 15.5], "rotation": 270, "texture": "#0"},
				"up": {"uv": [4.5, 12.5, 6.5, 15], "rotation": 270, "texture": "#0"},
				"down": {"uv": [4.5, 13, 5.5, 15.5], "rotation": 270, "texture": "#0"}
			}
		},
		{
			"from": [2.25272, -2.25608, 6.91336],
			"to": [3.25272, 0.24392, 8.91336],
			"rotation": {"angle": -22.5, "axis": "z", "origin": [4.90011, -1.74061, 7.90041]},
			"faces": {
				"north": {"uv": [3, 12, 4, 14.5], "rotation": 180, "texture": "#0"},
				"east": {"uv": [2, 12, 4, 14.5], "rotation": 180, "texture": "#0"},
				"south": {"uv": [3, 12, 4, 14.5], "rotation": 180, "texture": "#0"},
				"west": {"uv": [2.5, 12, 4.5, 14.5], "rotation": 180, "texture": "#0"},
				"up": {"uv": [3, 12, 4, 14.5], "rotation": 180, "texture": "#0"},
				"down": {"uv": [3, 12, 4, 14.5], "rotation": 180, "texture": "#0"}
			}
		},
		{
			"from": [2.26967, -3.70619, 6.9236],
			"to": [3.26967, -1.20619, 8.9236],
			"rotation": {"angle": 0, "axis": "z", "origin": [4.90011, -1.74061, 7.90041]},
			"faces": {
				"north": {"uv": [1.5, 11.5, 2.5, 14], "rotation": 180, "texture": "#0"},
				"east": {"uv": [1.5, 12, 3.5, 14.5], "rotation": 180, "texture": "#0"},
				"south": {"uv": [3.5, 11.5, 2.5, 14], "texture": "#0"},
				"west": {"uv": [1.5, 12, 3.5, 14.5], "rotation": 180, "texture": "#0"},
				"up": {"uv": [1.5, 12, 3.5, 14.5], "rotation": 180, "texture": "#0"},
				"down": {"uv": [1.5, 12, 3.5, 14.5], "rotation": 180, "texture": "#0"}
			}
		},
		{
			"from": [1.71502, -5.0507, 6.92406],
			"to": [2.71502, -2.5507, 8.92406],
			"rotation": {"angle": 22.5, "axis": "z", "origin": [4.90011, -1.74061, 7.90041]},
			"faces": {
				"north": {"uv": [0.5, 13.5, 1.5, 16], "rotation": 180, "texture": "#0"},
				"east": {"uv": [0.5, 13.5, 2.5, 16], "rotation": 180, "texture": "#0"},
				"south": {"uv": [0.5, 12, 1.5, 14.5], "rotation": 180, "texture": "#0"},
				"west": {"uv": [0.5, 13.5, 2.5, 16], "rotation": 180, "texture": "#0"},
				"up": {"uv": [0.5, 13.5, 1.5, 16], "rotation": 180, "texture": "#0"},
				"down": {"uv": [0.5, 13.5, 1.5, 16], "rotation": 180, "texture": "#0"}
			}
		},
		{
			"from": [0.69077, -6.0739, 6.93247],
			"to": [1.69077, -3.5739, 8.93247],
			"rotation": {"angle": 45, "axis": "z", "origin": [4.90011, -1.74061, 7.90041]},
			"faces": {
				"north": {"uv": [0, 12, 1, 14.5], "rotation": 180, "texture": "#0"},
				"east": {"uv": [0, 12, 2, 14.5], "rotation": 180, "texture": "#0"},
				"south": {"uv": [0, 12, 1, 14.5], "rotation": 180, "texture": "#0"},
				"west": {"uv": [0, 12, 2, 14.5], "rotation": 180, "texture": "#0"},
				"up": {"uv": [0, 12, 1, 14.5], "rotation": 180, "texture": "#0"},
				"down": {"uv": [0, 12, 1, 14.5], "rotation": 180, "texture": "#0"}
			}
		},
		{
			"from": [7.29346, -7.29049, 6.93292],
			"to": [9.79346, -6.29049, 9.03292],
			"rotation": {"angle": -22.5, "axis": "z", "origin": [4.90011, -1.74061, 7.90041]},
			"faces": {
				"north": {"uv": [0, 14, 2.5, 15], "rotation": 180, "texture": "#0"},
				"east": {"uv": [0, 14, 2.5, 16], "rotation": 180, "texture": "#0"},
				"south": {"uv": [0, 14, 2.5, 15], "rotation": 180, "texture": "#0"},
				"west": {"uv": [0, 14, 2.5, 16], "rotation": 180, "texture": "#0"},
				"up": {"uv": [0, 14, 2.5, 16], "rotation": 180, "texture": "#0"},
				"down": {"uv": [0, 14, 2.5, 16], "rotation": 180, "texture": "#0"}
			}
		},
		{
			"from": [-0.13569, -3.3303, 6.90925],
			"to": [4.66431, -1.5303, 8.70925],
			"rotation": {"angle": 0, "axis": "z", "origin": [0.15493, -2.41665, 7.81349]},
			"faces": {
				"north": {"uv": [1.5, 12, 6.5, 14], "texture": "#0"},
				"east": {"uv": [5.5, 12, 7.5, 14], "rotation": 180, "texture": "#0"},
				"south": {"uv": [1.5, 12, 6.5, 14], "rotation": 180, "texture": "#0"},
				"west": {"uv": [5.5, 12, 7.5, 14], "rotation": 180, "texture": "#0"},
				"up": {"uv": [1.5, 12, 6.5, 14], "rotation": 180, "texture": "#0"},
				"down": {"uv": [1.5, 12, 6.5, 14], "rotation": 180, "texture": "#0"}
			}
		},
		{
			"from": [-0.33157, -3.42216, 6.80994],
			"to": [0.66843, -1.42216, 8.80994],
			"rotation": {"angle": 0, "axis": "z", "origin": [0.58116, -15.24056, 7.84106]},
			"faces": {
				"north": {"uv": [0, 12, 1, 14], "rotation": 180, "texture": "#0"},
				"east": {"uv": [0, 12, 1, 14], "rotation": 180, "texture": "#0"},
				"south": {"uv": [0, 12, 1, 14], "rotation": 180, "texture": "#0"},
				"west": {"uv": [0, 14, 2, 16], "rotation": 180, "texture": "#0"},
				"up": {"uv": [0, 12, 1, 14], "rotation": 180, "texture": "#0"},
				"down": {"uv": [0, 12, 1, 14], "rotation": 180, "texture": "#0"}
			}
		},
		{
			"from": [12.37671, -3.30301, 6.95994],
			"to": [17.17671, -1.50301, 8.75994],
			"rotation": {"angle": 0, "axis": "z", "origin": [8.57572, -11.97685, 7.8328]},
			"faces": {
				"north": {"uv": [1.5, 12, 6.5, 14], "rotation": 180, "texture": "#0"},
				"east": {"uv": [5.5, 12, 7.5, 14], "texture": "#0"},
				"south": {"uv": [1.5, 12, 6.5, 14], "texture": "#0"},
				"west": {"uv": [1.5, 12, 6.5, 14], "texture": "#0"},
				"up": {"uv": [1.5, 12, 6.5, 14], "texture": "#0"},
				"down": {"uv": [1.5, 12, 6.5, 14], "texture": "#0"}
			}
		},
		{
			"from": [16.66843, -3.42216, 6.80994],
			"to": [17.66843, -1.42216, 8.80994],
			"rotation": {"angle": 0, "axis": "z", "origin": [0.58116, -15.24056, 7.84106]},
			"faces": {
				"north": {"uv": [0, 12, 1, 14], "rotation": 180, "texture": "#0"},
				"east": {"uv": [0, 12, 1, 14], "rotation": 180, "texture": "#0"},
				"south": {"uv": [0, 12, 1, 14], "rotation": 180, "texture": "#0"},
				"west": {"uv": [0, 14, 2, 16], "rotation": 180, "texture": "#0"},
				"up": {"uv": [0, 12, 1, 14], "rotation": 180, "texture": "#0"},
				"down": {"uv": [0, 12, 1, 14], "rotation": 180, "texture": "#0"}
			}
		}
	],	"display": {
		"thirdperson": {
			"rotation": [0, 90, -90],
			"translation": [0, 0.5, -8],
			"scale": [0.75, 0.75, 0.75]
		},
		"firstperson": {
			"rotation": [0, -135, 13],
			"translation": [6, 7.8, 2],
			"scale": [1, 1, 1]
		},
		"ground": {
			"rotation": [0, 0, 0],
			"translation": [0, 5, 0],
			"scale": [2, 2, 2]
		},
		"gui": {
			"rotation": [0, -45, 35],
			"translation": [-1, 1, 0],
			"scale": [1, 1, 1]
		},
		"head": {
			"rotation": [0, 0, 0],
			"translation": [0, 0, 0],
			"scale": [1, 1, 1]
		},
		"fixed": {
			"rotation": [0, 0, 0],
			"translation": [0, 0, 0],
			"scale": [2, 2, 2]
		}
	}
}