{
    "parent": "block/orientable",
    "textures": {
        "top": "mcpatcher/cit/armor/lapis_armor/lapis_helm_top",
        "front": "mcpatcher/cit/armor/lapis_armor/lapis_helm_front",
        "side": "mcpatcher/cit/armor/lapis_armor/lapis_helm_side"
    },
    "display": {
        "thirdperson": {
            "rotation": [ 10, -45, 170 ],
            "translation": [ 0, 1.5, -2.75 ],
            "scale": [ 0.375, 0.375, 0.375 ]
        },
        "gui": {
            "rotation": [ 30, -45, 0 ]
        }
    }
}