{
	"credit": "Made with Blockbench",
	"texture_size": [64, 64],
	"textures": {
		"head": "./glacite_helmet_flat"
	},
	"elements": [
		{
			"from": [-1, 0, -1],
			"to": [17, 18, 17],
			"rotation": {"angle": 0, "axis": "y", "origin": [8, 8, 8]},
			"faces": {
				"north": {"uv": [4, 8.25, 8, 12.75], "texture": "#head"},
				"east": {"uv": [0, 8.25, 4, 12.75], "texture": "#head"},
				"south": {"uv": [12, 8.25, 16, 12.75], "texture": "#head"},
				"west": {"uv": [8, 8.25, 12, 12.75], "texture": "#head"},
				"up": {"uv": [0, 12, 4, 16], "texture": "#head"},
				"down": {"uv": [0, 12, 4, 16], "texture": "#head"}
			}
		},
		{
			"from": [0, 0, 0],
			"to": [16, 16, 16],
			"rotation": {"angle": 0, "axis": "y", "origin": [8, 8, 8]},
			"faces": {
				"north": {"uv": [4, 4, 8, 8], "texture": "#head"},
				"east": {"uv": [0, 4, 4, 8], "texture": "#head"},
				"south": {"uv": [12, 4, 16, 8], "texture": "#head"},
				"west": {"uv": [8, 4, 12, 8], "texture": "#head"},
				"up": {"uv": [4, 0, 8, 4], "texture": "#head"},
				"down": {"uv": [8, 0, 12, 4], "texture": "#head"}
			}
		}
	],
	"display": {
		"thirdperson": {
			"rotation": [0, -45, 180],
			"translation": [0, 1, -2.25],
			"scale": [0.3, 0.3, 0.3]
		},
		"firstperson": {
			"translation": [0, 0, 0],
			"scale": [0.65, 0.65, 0.65]
		},
		"ground": {
			"scale": [1, 1, 1]
		},
		"gui": {
			"rotation": [-2.5, 0, -2.5],
			"scale": [0.75, 0.75, 0.75]
		},
		"head": {
			"translation": [0, 0, 0],
			"scale": [0.82, 0.9, 0.82]
		},
		"fixed": {
			"scale": [0.5, 0.5, 0.5]
		}
	}
}